{"type":"FeatureCollection", "features": [
{"type":"Feature","geometry":{"type":"Polygon","coordinates":[[[118.2578,55.2019],[118.2318,55.1634],[118.2407,55.1423],[118.2673,55.1325],[118.263,55.1019],[118.2397,55.0871],[118.189,55.0803],[118.1603,55.0657],[118.1161,55.0562],[118.0773,55.0107],[118.0461,54.9881],[117.9832,54.9683],[117.9839,54.9371],[118.0306,54.9093],[118.0403,54.8907],[118.0874,54.8572],[118.1086,54.8291],[118.0942,54.7543],[118.0633,54.7438],[118.0446,54.7199],[118.0759,54.6983],[118.0597,54.6622],[118.0741,54.6019],[118.1086,54.5742],[118.0838,54.5359],[118.0572,54.5232],[117.971,54.5138],[117.9322,54.498],[117.9103,54.5074],[117.8726,54.5015],[117.8457,54.4597],[117.9017,54.4126],[117.9039,54.389],[117.9261,54.3712],[117.9082,54.3553],[117.8439,54.3222],[117.7656,54.3168],[117.7469,54.2914],[117.7582,54.245],[117.7324,54.2216],[117.7327,54.1683],[117.7051,54.1486],[117.7121,54.1135],[117.6778,54.0975],[117.6699,54.0631],[117.6311,54.0752],[117.583,54.0633],[117.5752,53.9981],[117.537,53.9825],[117.498,53.9532],[117.4702,53.9538],[117.3978,53.9168],[117.3689,53.9266],[117.3159,53.8997],[117.3057,53.8772],[117.3281,53.8613],[117.3046,53.8321],[117.3043,53.8106],[117.3237,53.7791],[117.314,53.7618],[117.3251,53.7293],[117.3522,53.7239],[117.3738,53.746],[117.43,53.7651],[117.4576,53.7817],[117.4948,53.7886],[117.5422,53.7834],[117.5212,53.7571],[117.588,53.7329],[117.6216,53.7511],[117.6898,53.8079],[117.6982,53.8318],[117.735,53.8457],[117.7812,53.8238],[117.8299,53.8413],[117.8367,53.8766],[117.8782,53.8811],[117.9164,53.8697],[117.9207,53.8986],[117.9439,53.9247],[117.9753,53.9291],[118.0258,53.9117],[118.0732,53.9302],[118.0881,53.9643],[118.1204,53.9763],[118.1651,53.9625],[118.1976,53.9207],[118.2233,53.8988],[118.3117,53.9073],[118.3648,53.8973],[118.3571,53.9332],[118.3982,53.9544],[118.3779,53.9751],[118.4449,54.0116],[118.4542,54.0679],[118.5288,54.1125],[118.5695,54.1195],[118.6115,54.0948],[118.6153,54.0791],[118.6771,54.0928],[118.7362,54.0927],[118.8053,54.0986],[118.8635,54.0894],[118.8987,54.0673],[118.9332,54.0355],[118.928,53.9999],[118.9391,53.9749],[118.977,53.9482],[118.9798,53.9273],[119.0317,53.9104],[119.0657,53.9291],[119.0818,53.9505],[119.0702,53.9638],[119.0869,53.9959],[119.1504,53.9959],[119.1959,53.9809],[119.2233,53.9561],[119.2602,53.9696],[119.3555,53.9853],[119.3929,54.0098],[119.4421,54.0188],[119.4563,54.066],[119.4837,54.0667],[119.5292,54.086],[119.5866,54.0806],[119.6206,54.0406],[119.6744,54.0216],[119.7053,54.0204],[119.7833,54.0543],[119.7946,54.0935],[119.8734,54.1177],[119.9248,54.1421],[119.953,54.112],[119.9468,54.0907],[119.9767,54.0797],[120.0478,54.1242],[120.1085,54.1116],[120.125,54.1371],[120.2311,54.1559],[120.2746,54.1583],[120.3166,54.1435],[120.3426,54.1613],[120.3678,54.1623],[120.3927,54.1811],[120.4421,54.1923],[120.4987,54.1851],[120.5186,54.2111],[120.5003,54.2214],[120.5299,54.2517],[120.5685,54.2221],[120.6351,54.2432],[120.64,54.2792],[120.6734,54.2959],[120.7149,54.3056],[120.7765,54.2976],[120.8167,54.3149],[120.7973,54.3507],[120.832,54.3829],[120.9383,54.4203],[120.9404,54.4299],[121.0403,54.4219],[121.0963,54.4419],[121.1263,54.462],[121.1803,54.4306],[121.257,54.4206],[121.305,54.3741],[121.3497,54.3668],[121.4095,54.3797],[121.4425,54.3801],[121.4992,54.3551],[121.5391,54.3122],[121.5686,54.31],[121.5982,54.3513],[121.6584,54.3563],[121.6623,54.3739],[121.7015,54.4131],[121.7323,54.4172],[121.7599,54.4394],[121.803,54.4395],[121.8776,54.4236],[121.8811,54.388],[121.9123,54.3771],[121.9866,54.3903],[122.0257,54.4074],[122.0881,54.4157],[122.1292,54.4131],[122.1461,54.4596],[122.1209,54.4817],[122.0305,54.522],[122.0021,54.561],[121.9342,54.5775],[121.9423,54.6229],[121.9202,54.6556],[121.9167,54.682],[121.9382,54.7144],[121.9389,54.7408],[121.9027,54.7528],[121.902,54.7917],[121.88,54.804],[121.81,54.7866],[121.7944,54.7725],[121.7391,54.7711],[121.7081,54.7337],[121.6855,54.7274],[121.641,54.7652],[121.6537,54.7742],[121.6667,54.835],[121.7036,54.8491],[121.7907,54.8979],[121.7941,54.9123],[121.8451,54.9401],[121.8513,54.9674],[121.907,54.9733],[121.9587,55.0007],[121.9398,55.0518],[121.9496,55.0916],[121.9132,55.1206],[121.9218,55.1337],[121.9708,55.1572],[122.0334,55.1972],[121.959,55.2157],[121.943,55.233],[121.9566,55.2471],[121.9407,55.2804],[121.9849,55.3121],[121.9873,55.3379],[121.9569,55.3894],[121.98,55.4021],[122.0004,55.4337],[121.987,55.4523],[121.9913,55.5061],[121.9464,55.5155],[121.9462,55.5382],[121.9133,55.5637],[121.8949,55.6217],[121.8333,55.6129],[121.8184,55.6236],[121.72,55.6162],[121.6652,55.5935],[121.6454,55.5544],[121.6075,55.5258],[121.5813,55.5274],[121.5156,55.5149],[121.4841,55.5227],[121.4478,55.4985],[121.4214,55.4942],[121.378,55.5244],[121.3364,55.5284],[121.3459,55.5758],[121.3611,55.6072],[121.3174,55.6593],[121.3271,55.6797],[121.3148,55.7306],[121.2993,55.7354],[121.3249,55.7881],[121.3445,55.7938],[121.3367,55.8227],[121.2907,55.8408],[121.2862,55.8604],[121.2479,55.8841],[121.2705,55.9385],[121.2459,55.9634],[121.2368,55.9902],[121.203,56.0395],[121.1475,56.028],[121.1203,56.0128],[121.047,56.0094],[120.9863,56.0378],[120.9465,56.0181],[120.9181,56.0293],[120.8781,56.0181],[120.8506,56.0204],[120.7783,55.9789],[120.6928,55.9674],[120.6576,55.9686],[120.6216,55.9334],[120.5912,55.9436],[120.5616,55.9311],[120.5127,55.9372],[120.4762,55.9327],[120.4777,55.8889],[120.4058,55.8749],[120.3487,55.8842],[120.3501,55.9206],[120.309,55.9329],[120.2392,55.9371],[120.2033,55.9019],[120.1394,55.8678],[120.1155,55.867],[120.0521,55.8867],[120.0237,55.8697],[119.9962,55.838],[119.949,55.8209],[119.7885,55.8796],[119.7329,55.8639],[119.6952,55.8682],[119.6545,55.8593],[119.6003,55.8348],[119.5894,55.8124],[119.5518,55.7982],[119.4968,55.7577],[119.3415,55.7069],[119.3563,55.6814],[119.3966,55.6693],[119.4036,55.6374],[119.383,55.6095],[119.3275,55.5825],[119.3031,55.542],[119.2553,55.5129],[119.1967,55.5048],[119.1723,55.509],[119.1212,55.4881],[119.0726,55.4804],[119.043,55.4455],[118.9451,55.4408],[118.9252,55.4263],[118.8903,55.4223],[118.7655,55.3647],[118.7257,55.3578],[118.7105,55.3375],[118.6736,55.3148],[118.641,55.3121],[118.6086,55.2973],[118.5777,55.2956],[118.4833,55.2318],[118.4604,55.2256],[118.4014,55.2464],[118.3716,55.2422],[118.3449,55.2234],[118.3206,55.223],[118.2578,55.2019]]]},"properties":{"osm_id":1846011,"name":"Тунгиро-Олёкминский район","kind":"district","parent":"Забайкальский край","parent_iso":"RU-ZAB","label":[119.7252,54.8817]}},
{"type":"Feature","geometry":{"type":"Polygon","coordinates":[[[113.0157,51.5573],[113.0307,51.5446],[113.046,51.5481],[113.0381,51.5663],[113.0157,51.5573]]]},"properties":{"osm_id":2322763,"name":"ЗАТО Горный","kind":"district","parent":"Забайкальский край","parent_iso":"RU-ZAB","label":[113.0434,51.5584]}},
{"type":"Feature","geometry":{"type":"Polygon","coordinates":[[[103.5605,52.8033],[103.5877,52.7671],[103.5744,52.7388],[103.5999,52.7085],[103.6404,52.7067],[103.6458,52.7211],[103.6821,52.7308],[103.7029,52.7697],[103.6743,52.7749],[103.6696,52.8059],[103.6445,52.8276],[103.5927,52.826],[103.5966,52.8095],[103.5605,52.8033]]]},"properties":{"osm_id":1465802,"name":"городской округ Усолье-Сибирское","kind":"district","parent":"Иркутская область","parent_iso":"RU-IRK","label":[103.6422,52.767]}},
{"type":"Feature","geometry":{"type":"Polygon","coordinates":[[[104.3376,57.673],[104.315,57.689],[104.2452,57.7018],[104.2106,57.6894],[104.1473,57.7115],[104.1302,57.7074],[104.09,57.738],[104.1257,57.764],[104.1166,57.7813],[104.0171,57.8033],[103.9837,57.8263],[103.8827,57.8194],[103.8095,57.8284],[103.7794,57.8148],[103.7939,57.775],[103.8104,57.7606],[103.787,57.7248],[103.7278,57.7121],[103.6914,57.7311],[103.6529,57.7381],[103.6307,57.6953],[103.6516,57.6892],[103.6296,57.6539],[103.6066,57.6403],[103.536,57.6542],[103.5155,57.6457],[103.5003,57.6173],[103.4773,57.6101],[103.4513,57.5789],[103.3796,57.559],[103.3679,57.544],[103.3643,57.5056],[103.3299,57.5138],[103.3076,57.5397],[103.2635,57.5391],[103.239,57.5125],[103.2069,57.4945],[103.1361,57.4751],[103.0567,57.4225],[103.0195,57.4035],[102.9428,57.3824],[102.8615,57.385],[102.7952,57.4285],[102.7782,57.4526],[102.8226,57.492],[102.8046,57.5585],[102.712,57.603],[102.6481,57.6456],[102.5805,57.6631],[102.5816,57.6148],[102.6003,57.6055],[102.5942,57.5597],[102.5509,57.5336],[102.5406,57.5027],[102.5744,57.4777],[102.5634,57.4638],[102.6391,57.4532],[102.6469,57.4223],[102.6364,57.3868],[102.6822,57.3726],[102.7106,57.3201],[102.6404,57.2762],[102.6136,57.2763],[102.638,57.2199],[102.6826,57.1905],[102.6774,57.1738],[102.6398,57.1693],[102.6187,57.1501],[102.7231,57.0611],[102.6915,57.0458],[102.6972,57.0248],[102.764,57.0252],[102.7973,56.9923],[102.7487,56.9611],[102.6806,56.9597],[102.6341,56.9357],[102.6217,56.9118],[102.6349,56.8856],[102.5953,56.8674],[102.6084,56.8258],[102.653,56.792],[102.598,56.7888],[102.6007,56.7576],[102.6469,56.7354],[102.6914,56.6914],[102.7445,56.6821],[102.7516,56.6641],[102.8116,56.6607],[102.8391,56.6473],[102.8891,56.6557],[102.9076,56.6484],[102.87,56.614],[102.8438,56.6037],[102.8277,56.5687],[102.7963,56.5395],[102.762,56.527],[102.7943,56.5069],[102.7816,56.4723],[102.7785,56.4333],[102.7845,56.3813],[102.8087,56.3455],[102.796,56.2699],[102.7697,56.1889],[102.7718,56.1744],[102.8685,56.1409],[102.907,56.1111],[102.9887,56.154],[103.023,56.1661],[103.0587,56.1995],[103.0878,56.2431],[103.1092,56.2834],[103.1468,56.2793],[103.1629,56.3054],[103.235,56.308],[103.2785,56.3204],[103.2769,56.3452],[103.3259,56.3574],[103.3244,56.3848],[103.4112,56.3853],[103.4709,56.374],[103.5237,56.344],[103.5754,56.3283],[103.5819,56.3147],[103.6399,56.2982],[103.7148,56.2245],[103.7224,56.2008],[103.7613,56.178],[103.8119,56.1624],[103.8515,56.1626],[103.9221,56.1463],[103.9595,56.1485],[103.9863,56.1377],[104.0616,56.1364],[104.1125,56.1204],[104.1875,56.1471],[104.2797,56.1595],[104.3496,56.1852],[104.3863,56.2125],[104.4369,56.2176],[104.508,56.2448],[104.5221,56.2062],[104.5413,56.1905],[104.5323,56.1716],[104.5616,56.1476],[104.6186,56.1451],[104.6606,56.1318],[104.6451,56.111],[104.6745,56.0795],[104.6775,56.0513],[104.7246,56.051],[104.7229,56.0197],[104.7544,56.0154],[104.7454,55.9943],[104.7559,55.9748],[104.7474,55.9404],[104.7057,55.9161],[104.7738,55.8891],[104.7801,55.8551],[104.8011,55.8297],[104.8534,55.847],[104.9123,55.856],[104.9489,55.8453],[105.0003,55.818],[105.0388,55.823],[105.0464,55.8566],[105.023,55.8672],[105.0541,55.9325],[105.0074,55.9794],[105.0256,56.0007],[104.9946,56.019],[104.9884,56.0538],[104.9245,56.0921],[104.9539,56.1076],[104.9514,56.1249],[104.9035,56.1683],[104.9137,56.1805],[104.896,56.217],[104.9152,56.2342],[104.9288,56.282],[104.8824,56.3008],[104.8832,56.3444],[104.8599,56.3579],[104.8603,56.4014],[104.835,56.4309],[104.8383,56.4524],[104.8247,56.4812],[104.7822,56.4949],[104.8363,56.5183],[104.8523,56.5599],[104.83,56.5686],[104.7792,56.6089],[104.7814,56.6674],[104.7435,56.6783],[104.7101,56.705],[104.7165,56.7388],[104.7411,56.7655],[104.6925,56.7684],[104.6261,56.7845],[104.6208,56.8147],[104.5934,56.8489],[104.5701,56.8983],[104.5187,56.9173],[104.4944,56.9353],[104.4791,56.9661],[104.5819,57.0014],[104.5577,57.0346],[104.5919,57.0997],[104.6434,57.1113],[104.6436,57.1685],[104.6116,57.1902],[104.6289,57.2089],[104.6104,57.2414],[104.6317,57.2537],[104.6169,57.2725],[104.5065,57.3341],[104.5178,57.3664],[104.4459,57.3818],[104.3796,57.4042],[104.3282,57.4607],[104.3258,57.4813],[104.2775,57.4955],[104.287,57.5127],[104.25,57.5313],[104.2428,57.5643],[104.2695,57.6113],[104.3135,57.6244],[104.3298,57.6418],[104.3097,57.666],[104.3376,57.673]]]},"properties":{"osm_id":1464421,"name":"Нижнеилимский муниципальный округ","kind":"district","parent":"Иркутская область","parent_iso":"RU-IRK","label":[103.7969,56.8248]}},
{"type":"Feature","geometry":{"type":"Polygon","coordinates":[[[105.0643,55.7665],[105.043,55.7219],[105.0073,55.6947],[105.0325,55.6674],[105.0277,55.6555],[105.0747,55.6225],[105.0324,55.5966],[105.0235,55.548],[105.0332,55.5433],[105.0349,55.483],[105.0605,55.4718],[105.0475,55.4481],[105.06,55.4174],[105.0331,55.4036],[105.0101,55.3672],[104.9855,55.3568],[104.9801,55.3367],[104.9513,55.3318],[104.9224,55.3015],[104.8585,55.2976],[104.8215,55.3221],[104.7915,55.3267],[104.7703,55.3124],[104.7047,55.2935],[104.7005,55.2791],[104.6569,55.2819],[104.6363,55.3009],[104.6081,55.2893],[104.5421,55.2973],[104.5387,55.2461],[104.4627,55.2018],[104.4239,55.2119],[104.4009,55.1842],[104.3993,55.154],[104.4191,55.1423],[104.4308,55.0933],[104.3759,55.0678],[104.4066,55.0315],[104.3938,55.0135],[104.3608,55.0124],[104.3378,54.988],[104.3007,54.9912],[104.249,54.9817],[104.2243,54.9959],[104.1931,54.9942],[104.0493,54.9403],[104.0808,54.9074],[104.0481,54.8915],[104.0373,54.8338],[104.0697,54.8323],[104.0872,54.8116],[104.0196,54.7641],[104.024,54.7512],[104.0659,54.716],[104.0999,54.716],[104.1217,54.6856],[104.1077,54.6675],[104.1103,54.6407],[104.0782,54.6307],[104.0621,54.6097],[104.0025,54.5835],[103.9599,54.5713],[103.961,54.547],[103.9971,54.5235],[103.9864,54.4972],[104.0279,54.4753],[104.0328,54.4384],[104.0484,54.4318],[104.0213,54.4025],[104.0612,54.3811],[104.0763,54.3551],[104.1653,54.3179],[104.1731,54.2949],[104.1502,54.2579],[104.2048,54.2234],[104.1888,54.1974],[104.2533,54.1793],[104.2815,54.1509],[104.2711,54.1205],[104.2814,54.1018],[104.2649,54.0598],[104.3296,54.0438],[104.3548,54.0183],[104.3638,53.9828],[104.3468,53.9646],[104.3904,53.9295],[104.3554,53.8933],[104.3426,53.8675],[104.3635,53.8418],[104.3646,53.8146],[104.4125,53.7919],[104.4568,53.7793],[104.49,53.7802],[104.5616,53.7705],[104.594,53.7809],[104.6234,53.8043],[104.6485,53.8046],[104.679,53.8754],[104.6969,53.8928],[104.7854,53.8962],[104.8394,53.8914],[104.8631,53.899],[104.9164,53.8859],[104.9317,53.8645],[104.9944,53.8795],[105.0003,53.9041],[105.0428,53.9104],[105.0533,53.9452],[105.0561,53.9897],[105.0262,53.9914],[105.0035,54.0226],[104.9554,54.0399],[104.9326,54.0664],[104.9782,54.0934],[104.9081,54.1543],[104.9363,54.1833],[104.9628,54.1917],[105.0087,54.189],[105.038,54.2183],[105.102,54.257],[105.1467,54.2662],[105.2068,54.2436],[105.2303,54.2883],[105.2872,54.2938],[105.3112,54.334],[105.2925,54.3488],[105.3004,54.3821],[105.39,54.3597],[105.4007,54.3778],[105.3984,54.4241],[105.4223,54.4409],[105.4353,54.4678],[105.4658,54.4563],[105.5419,54.4542],[105.5945,54.474],[105.6416,54.4831],[105.6687,54.5139],[105.7106,54.5256],[105.7387,54.5525],[105.7703,54.5614],[105.8219,54.5488],[105.854,54.5534],[105.8872,54.4976],[106.0141,54.5045],[106.0398,54.5207],[105.9914,54.5642],[105.977,54.6123],[106.0268,54.6631],[106.081,54.6838],[106.1057,54.7007],[106.0916,54.724],[106.0622,54.7311],[106.039,54.7659],[106.0762,54.7792],[106.122,54.7708],[106.1982,54.7868],[106.2402,54.7896],[106.2992,54.8196],[106.3633,54.8361],[106.4469,54.8395],[106.4793,54.8318],[106.4975,54.8462],[106.4886,54.8654],[106.5379,54.9128],[106.6016,54.9226],[106.6254,54.9351],[106.6234,54.9743],[106.5917,54.9889],[106.6209,55.0263],[106.6383,55.0349],[106.6314,55.0736],[106.6602,55.0861],[106.7238,55.0939],[106.78,55.1108],[106.792,55.1297],[106.7771,55.1487],[106.7339,55.1636],[106.7353,55.177],[106.673,55.2353],[106.6539,55.2667],[106.657,55.2859],[106.6167,55.3114],[106.6497,55.3281],[106.6692,55.3505],[106.747,55.3941],[106.7657,55.4139],[106.7541,55.4518],[106.7321,55.4767],[106.7687,55.4938],[106.7896,55.5185],[106.7878,55.5483],[106.7687,55.5762],[106.8294,55.5882],[106.8258,55.6051],[106.7674,55.6421],[106.7826,55.6674],[106.7871,55.7117],[106.7807,55.731],[106.7304,55.7645],[106.7551,55.8197],[106.7013,55.8263],[106.6961,55.8565],[106.6598,55.8576],[106.6098,55.8737],[106.5574,55.846],[106.5219,55.8507],[106.4444,55.8335],[106.4163,55.8208],[106.3581,55.8264],[106.3414,55.8476],[106.2791,55.8872],[106.1901,55.8304],[106.1188,55.8201],[106.0571,55.7831],[106.001,55.783],[105.9706,55.7344],[105.9111,55.7391],[105.8393,55.7258],[105.7121,55.7433],[105.6363,55.7606],[105.6173,55.7858],[105.5591,55.809],[105.5168,55.7958],[105.4585,55.7883],[105.4356,55.7382],[105.397,55.7084],[105.3602,55.7251],[105.2731,55.7009],[105.2292,55.7066],[105.1872,55.738],[105.1941,55.7475],[105.1464,55.7656],[105.122,55.7577],[105.0643,55.7665]]]},"properties":{"osm_id":1456220,"name":"Жигаловский муниципальный округ","kind":"district","parent":"Иркутская область","parent_iso":"RU-IRK","label":[105.3929,54.8289]}},
{"type":"Feature","geometry":{"type":"Polygon","coordinates":[[[98.9789,57.7178],[98.9262,57.7251],[98.9131,57.7114],[98.8406,57.7344],[98.8091,57.7519],[98.7945,57.7788],[98.7592,57.7946],[98.7297,57.794],[98.6952,57.7769],[98.6448,57.7725],[98.4914,57.7964],[98.4512,57.7949],[98.3518,57.8013],[98.3342,57.8067],[98.2511,57.8067],[98.1316,57.8255],[98.1002,57.8233],[97.9919,57.8319],[97.9532,57.8286],[97.8288,57.6673],[97.5724,57.334],[97.5111,57.2482],[97.3433,57.0315],[97.3835,57.0247],[97.4719,56.9972],[97.5065,57.0042],[97.5306,56.9698],[97.5846,56.9891],[97.59,56.9699],[97.6671,56.9612],[97.6355,56.9406],[97.5824,56.9223],[97.5646,56.9046],[97.5236,56.8999],[97.4786,56.8831],[97.4691,56.8401],[97.5289,56.7904],[97.5627,56.7847],[97.619,56.8001],[97.6696,56.8056],[97.7864,56.7976],[97.8028,56.7732],[97.7717,56.7452],[97.7581,56.7024],[97.7784,56.6703],[97.7756,56.6521],[97.7361,56.6454],[97.7667,56.6213],[97.7784,56.5936],[97.7432,56.5469],[97.7968,56.5358],[97.8799,56.5341],[97.88,56.3754],[97.557,56.3763],[97.5563,56.2802],[97.57,56.2704],[97.5742,56.1873],[97.4992,56.1893],[97.4729,56.1954],[97.4091,56.1635],[97.4404,56.1427],[97.4371,56.1041],[97.4124,56.0974],[97.3595,56.0321],[97.3113,56.0396],[97.3012,56.0744],[97.2622,56.0864],[97.1319,56.1125],[97.1082,56.0843],[97.0637,56.0042],[96.9907,56.0039],[96.99,55.8518],[96.915,55.8614],[96.8896,55.8305],[96.8441,55.8393],[96.8174,55.8055],[96.7861,55.7896],[96.7751,55.7466],[96.7548,55.7321],[96.7805,55.7139],[96.8205,55.7083],[96.8256,55.689],[96.751,55.6625],[96.7845,55.6305],[96.8544,55.5998],[96.8624,55.5779],[96.8103,55.5692],[96.8111,55.5461],[96.8394,55.5317],[96.8284,55.5179],[96.8475,55.4317],[96.8908,55.3972],[96.8995,55.3614],[96.925,55.3449],[96.9408,55.3118],[96.8754,55.291],[96.8374,55.2953],[96.8163,55.2844],[96.7813,55.2885],[96.7739,55.2717],[96.7199,55.2681],[96.7084,55.2471],[96.6786,55.2541],[96.6572,55.2385],[96.6851,55.2241],[96.6895,55.1793],[96.6678,55.154],[96.678,55.118],[96.6513,55.1041],[96.6784,55.09],[96.6729,55.0664],[96.6414,55.0604],[96.5934,55.0302],[96.608,55.0058],[96.6477,54.9651],[96.6932,54.9403],[96.7022,54.9739],[96.744,55.0007],[96.8147,54.9917],[96.8408,54.9585],[96.8927,54.9382],[96.9234,54.944],[96.9999,54.944],[97.0136,54.9172],[97.0726,54.8537],[97.0431,54.8422],[97.0544,54.8238],[97.1845,54.8462],[97.203,54.8356],[97.2494,54.8456],[97.2589,54.8616],[97.2974,54.8799],[97.3295,54.8745],[97.3511,54.8527],[97.4206,54.8532],[97.4527,54.8335],[97.5383,54.8523],[97.5703,54.8435],[97.6287,54.8487],[97.6668,54.8419],[97.6441,54.811],[97.6706,54.7574],[97.6628,54.7353],[97.6914,54.6788],[97.7128,54.6527],[97.7595,54.6918],[97.7912,54.7099],[97.7886,54.7376],[97.8844,54.7416],[97.9113,54.7183],[97.9535,54.7039],[97.9788,54.7049],[98.0088,54.6874],[98.0871,54.6729],[98.0842,54.6591],[98.1496,54.6595],[98.1798,54.6797],[98.2238,54.7345],[98.2178,54.758],[98.2476,54.7672],[98.2363,54.7953],[98.2512,54.8163],[98.2128,54.8246],[98.2299,54.8409],[98.2277,54.8658],[98.1985,54.902],[98.2124,54.9221],[98.2068,54.9453],[98.1669,54.9412],[98.1544,54.9583],[98.1196,54.9584],[98.0791,54.9737],[98.0078,54.9742],[98.0179,55.0008],[97.9553,55.0015],[98.019,55.0385],[97.9987,55.0551],[97.9385,55.0591],[97.934,55.0759],[97.9539,55.0933],[97.9361,55.1111],[97.9398,55.1557],[98.0298,55.1472],[98.0426,55.1347],[98.1041,55.1301],[98.1217,55.1107],[98.1165,55.0861],[98.1412,55.0563],[98.1216,55.0418],[98.1525,55.0236],[98.184,55.0297],[98.2386,55.0181],[98.5148,55.1204],[98.4534,55.1652],[98.4349,55.2071],[98.4501,55.2331],[98.4401,55.2611],[98.4479,55.282],[98.4169,55.3059],[98.3891,55.3144],[98.3763,55.3389],[98.3965,55.3801],[98.318,55.3959],[98.2868,55.4125],[98.2507,55.4178],[98.197,55.4433],[98.1774,55.4767],[98.1313,55.5095],[98.1091,55.5633],[98.0789,55.5869],[98.1386,55.5902],[98.2088,55.6208],[98.5172,55.6248],[98.5246,55.7266],[98.5219,55.7718],[98.4847,55.7798],[98.5265,55.819],[98.5641,55.8268],[98.6362,55.8294],[98.6718,55.8183],[98.735,55.8162],[98.7651,55.8511],[98.7716,55.8831],[98.7492,55.8961],[98.7452,55.9328],[98.8059,55.9473],[98.8315,55.9651],[98.8315,56.0052],[98.8733,56.0354],[98.8021,56.0792],[98.767,56.124],[98.7847,56.132],[98.7647,56.1594],[98.7165,56.1796],[98.7232,56.2024],[98.7021,56.2364],[98.6955,56.2813],[98.7165,56.2966],[98.639,56.359],[98.6634,56.3703],[98.6626,56.4338],[98.6983,56.4432],[98.6806,56.4774],[98.6986,56.4976],[98.6892,56.5236],[98.7555,56.5487],[98.7588,56.5746],[98.7428,56.5935],[98.7451,56.6381],[98.7198,56.6437],[98.7031,56.6861],[98.6545,56.7382],[98.6099,56.7669],[98.6313,56.7963],[98.6856,56.8017],[98.6675,56.8179],[98.6763,56.8385],[98.7137,56.8613],[98.7128,56.877],[98.6746,56.9079],[98.7,56.9354],[98.6596,56.9625],[98.6838,57.0015],[98.7076,57.0136],[98.7107,57.0501],[98.7427,57.0655],[98.8502,57.0807],[98.8277,57.1143],[98.835,57.1496],[98.8672,57.2041],[98.9083,57.2173],[98.927,57.2379],[98.9342,57.2674],[98.9569,57.2793],[98.944,57.3134],[98.9458,57.3416],[98.9739,57.3556],[98.9648,57.3907],[98.972,57.4082],[98.949,57.4252],[98.9634,57.4473],[98.9385,57.4702],[98.9646,57.5031],[98.9417,57.5235],[98.9567,57.5532],[99.0001,57.5709],[99.0488,57.5802],[99.0597,57.617],[99.0172,57.6401],[99.0545,57.6761],[99.0182,57.68],[98.9789,57.7178]]]},"properties":{"osm_id":190098,"name":"Тайшетский муниципальный округ","kind":"district","parent":"Иркутская область","parent_iso":"RU-IRK","label":[97.8265,56.2363]}},
{"type":"Feature","geometry":{"type":"Polygon","coordinates":[[[104.2649,54.0598],[104.2163,54.0372],[104.1842,54.03],[104.1219,53.9348],[104.1019,53.9199],[104.052,53.9244],[104.0448,53.9438],[103.9586,53.9467],[103.9115,53.9255],[103.8678,53.9135],[103.8683,53.8841],[103.8349,53.8375],[103.733,53.8221],[103.715,53.8078],[103.6748,53.7992],[103.6478,53.7796],[103.6175,53.7802],[103.5736,53.794],[103.5066,53.7939],[103.4821,53.7884],[103.4828,53.7416],[103.5383,53.6809],[103.5036,53.6657],[103.5272,53.6297],[103.4534,53.6035],[103.3866,53.6086],[103.3642,53.6244],[103.3426,53.5647],[103.3552,53.5081],[103.3787,53.5138],[103.4076,53.4953],[103.4467,53.4958],[103.5234,53.4678],[103.5507,53.4802],[103.6144,53.4521],[103.5891,53.4334],[103.6034,53.4221],[103.6038,53.3785],[103.6424,53.3762],[103.6596,53.3973],[103.7135,53.3755],[103.678,53.3433],[103.6944,53.3307],[103.7417,53.3196],[103.7609,53.2919],[103.7963,53.3063],[103.8456,53.2846],[103.9029,53.3037],[103.9244,53.2916],[104.0003,53.27],[104.0304,53.2516],[104.1049,53.2456],[104.1359,53.229],[104.1799,53.2351],[104.1808,53.258],[104.2095,53.2894],[104.2559,53.3118],[104.3124,53.3126],[104.3324,53.3036],[104.3716,53.3277],[104.404,53.3676],[104.4349,53.362],[104.4744,53.3922],[104.532,53.409],[104.5674,53.4115],[104.5801,53.4312],[104.6694,53.4555],[104.7011,53.4515],[104.7448,53.4751],[104.7216,53.4911],[104.732,53.5123],[104.7124,53.5346],[104.6629,53.5444],[104.6052,53.5482],[104.594,53.5592],[104.5251,53.5789],[104.4928,53.6057],[104.4987,53.6401],[104.467,53.6634],[104.4467,53.663],[104.3992,53.6934],[104.3955,53.7305],[104.4251,53.7559],[104.4063,53.7722],[104.4125,53.7919],[104.3646,53.8146],[104.3635,53.8418],[104.3426,53.8675],[104.3554,53.8933],[104.3904,53.9295],[104.3468,53.9646],[104.3638,53.9828],[104.3548,54.0183],[104.3296,54.0438],[104.2649,54.0598]]]},"properties":{"osm_id":1456786,"name":"Осинский район","kind":"district","parent":"Иркутская область","parent_iso":"RU-IRK","label":[104.0438,53.6453]}},
{"type":"Feature","geometry":{"type":"Polygon","coordinates":[[[103.3552,53.5081],[103.379,53.4658],[103.3829,53.3719],[103.3907,53.3417],[103.3843,53.3044],[103.3845,53.2766],[103.3642,53.2454],[103.3557,53.2075],[103.3595,53.1304],[103.3622,53.0641],[103.3775,53.0131],[103.4147,52.9915],[103.5006,52.9855],[103.5556,52.9688],[103.6011,52.9634],[103.6612,52.9315],[103.6661,52.9],[103.7023,52.874],[103.7218,52.7786],[103.7047,52.7577],[103.7314,52.7475],[103.7496,52.7219],[103.795,52.6786],[103.8247,52.6764],[103.8293,52.6961],[103.896,52.7288],[103.9416,52.7353],[103.905,52.7608],[103.9166,52.7771],[103.8981,52.8405],[103.9033,52.8589],[103.8718,52.8733],[103.9062,52.9139],[103.9003,52.9615],[103.986,52.9624],[103.9854,53.0026],[104.0162,53.0227],[104.062,53.032],[104.1459,53.0062],[104.1649,53.0203],[104.2017,53.0193],[104.2455,53.0382],[104.3,53.0273],[104.3059,53.0171],[104.3683,53.0222],[104.3767,53.0426],[104.4096,53.043],[104.4553,53.0802],[104.512,53.0729],[104.5112,53.0888],[104.545,53.0942],[104.5502,53.1302],[104.5708,53.145],[104.5656,53.1737],[104.5885,53.2221],[104.6108,53.236],[104.6727,53.252],[104.7003,53.2677],[104.669,53.301],[104.6766,53.3147],[104.6465,53.3334],[104.7031,53.4005],[104.7104,53.4427],[104.7011,53.4515],[104.6694,53.4555],[104.5801,53.4312],[104.5674,53.4115],[104.532,53.409],[104.4744,53.3922],[104.4349,53.362],[104.404,53.3676],[104.3716,53.3277],[104.3324,53.3036],[104.3124,53.3126],[104.2559,53.3118],[104.2095,53.2894],[104.1808,53.258],[104.1799,53.2351],[104.1359,53.229],[104.1049,53.2456],[104.0304,53.2516],[104.0003,53.27],[103.9244,53.2916],[103.9029,53.3037],[103.8456,53.2846],[103.7963,53.3063],[103.7609,53.2919],[103.7417,53.3196],[103.6944,53.3307],[103.678,53.3433],[103.7135,53.3755],[103.6596,53.3973],[103.6424,53.3762],[103.6038,53.3785],[103.6034,53.4221],[103.5891,53.4334],[103.6144,53.4521],[103.5507,53.4802],[103.5234,53.4678],[103.4467,53.4958],[103.4076,53.4953],[103.3787,53.5138],[103.3552,53.5081]]]},"properties":{"osm_id":1456787,"name":"Боханский район","kind":"district","parent":"Иркутская область","parent_iso":"RU-IRK","label":[104.0386,53.1062]}},
{"type":"Feature","geometry":{"type":"Polygon","coordinates":[[[104.4125,53.7919],[104.4063,53.7722],[104.4251,53.7559],[104.3955,53.7305],[104.3992,53.6934],[104.4467,53.663],[104.467,53.6634],[104.4987,53.6401],[104.4928,53.6057],[104.5251,53.5789],[104.594,53.5592],[104.6052,53.5482],[104.6629,53.5444],[104.7124,53.5346],[104.732,53.5123],[104.7216,53.4911],[104.7448,53.4751],[104.7011,53.4515],[104.7104,53.4427],[104.7031,53.4005],[104.7377,53.3962],[104.7757,53.4098],[104.8081,53.41],[104.8386,53.3922],[104.9066,53.415],[104.9556,53.3914],[104.9829,53.3956],[105.0087,53.4192],[105.0591,53.4415],[105.0797,53.4336],[105.1596,53.4305],[105.1995,53.4437],[105.2378,53.4666],[105.266,53.4587],[105.3079,53.4638],[105.3365,53.4427],[105.4195,53.4685],[105.5285,53.4126],[105.6196,53.4724],[105.6659,53.5096],[105.6437,53.5354],[105.6137,53.537],[105.6189,53.5893],[105.6621,53.6039],[105.6857,53.6286],[105.7312,53.6128],[105.7627,53.6182],[105.8127,53.5867],[105.8015,53.5751],[105.8183,53.5421],[105.7856,53.5127],[105.8226,53.4712],[105.7476,53.4273],[105.7474,53.4186],[105.8453,53.3501],[105.9257,53.3437],[106.0234,53.4105],[106.0636,53.4027],[105.9964,53.3489],[106.051,53.3147],[106.0574,53.2983],[106.1102,53.2776],[106.1485,53.279],[106.1714,53.2636],[106.1634,53.2228],[106.2111,53.2324],[106.2641,53.2208],[106.3454,53.2583],[106.3682,53.2606],[106.4239,53.2875],[106.4525,53.3114],[106.4911,53.3028],[106.5133,53.2799],[106.5598,53.2721],[106.5977,53.2866],[106.5952,53.3147],[106.6683,53.3556],[106.6895,53.353],[106.7603,53.385],[106.8237,53.3794],[106.8741,53.4196],[106.9114,53.4397],[106.9651,53.422],[106.9605,53.3997],[107.0103,53.4008],[107.0436,53.3747],[107.0702,53.369],[107.1142,53.3397],[107.1866,53.3515],[107.2385,53.3863],[107.2761,53.3998],[107.2664,53.4157],[107.287,53.4471],[107.3266,53.4706],[107.3618,53.4784],[107.397,53.4992],[107.3837,53.5271],[107.3876,53.5552],[107.4383,53.5765],[107.4365,53.6021],[107.4654,53.6219],[107.4694,53.6561],[107.4887,53.6821],[107.5655,53.7017],[107.5965,53.7217],[107.6289,53.7711],[107.6678,53.7829],[107.6995,53.811],[107.7333,53.8286],[107.7932,53.8163],[107.8289,53.843],[107.9268,53.873],[107.9595,53.9002],[108.008,53.9151],[108.0176,53.9588],[108.0707,53.9463],[108.1423,53.9638],[108.1288,53.9908],[108.1323,54.0199],[108.1596,54.0271],[108.1853,54.0548],[108.1834,54.0756],[108.2066,54.0852],[108.2228,54.1288],[108.2808,54.1901],[108.324,54.2131],[108.3256,54.2563],[108.3829,54.2888],[108.3859,54.3157],[108.4418,54.3537],[108.4577,54.4279],[108.4875,54.4479],[108.4802,54.467],[108.5177,54.4958],[108.5313,54.5265],[108.5774,54.5388],[108.5457,54.5448],[108.5788,54.5663],[108.604,54.5678],[108.6336,54.5859],[108.6513,54.6291],[108.6363,54.6398],[108.5477,54.6415],[108.5255,54.6821],[108.4936,54.6803],[108.4647,54.7014],[108.395,54.7217],[108.3765,54.7343],[108.3458,54.728],[108.3233,54.7659],[108.3419,54.7897],[108.3163,54.8026],[108.2834,54.8001],[108.2707,54.8267],[108.2922,54.8497],[108.2755,54.8691],[108.2467,54.8675],[108.2222,54.8895],[108.1947,54.8906],[108.1752,54.9305],[108.1511,54.9258],[108.0805,54.9325],[108.0714,54.9589],[108.0421,54.9549],[108.0393,54.9195],[107.973,54.8989],[107.9231,54.8748],[107.8808,54.8658],[107.8431,54.8764],[107.7785,54.8493],[107.7376,54.8588],[107.7128,54.878],[107.7255,54.8939],[107.6955,54.9125],[107.6023,54.9563],[107.5897,54.97],[107.5298,54.9372],[107.5004,54.9536],[107.4602,54.9539],[107.4123,54.9321],[107.3847,54.942],[107.3547,54.9085],[107.3063,54.8716],[107.2564,54.8883],[107.2288,54.8856],[107.1895,54.9022],[107.1684,54.8858],[107.0997,54.8945],[107.0453,54.8904],[106.9793,54.8691],[106.9678,54.8428],[106.7992,54.8264],[106.7931,54.8509],[106.7581,54.875],[106.721,54.8813],[106.6715,54.9039],[106.6528,54.8984],[106.6016,54.9226],[106.5379,54.9128],[106.4886,54.8654],[106.4975,54.8462],[106.4793,54.8318],[106.4469,54.8395],[106.3633,54.8361],[106.2992,54.8196],[106.2402,54.7896],[106.1982,54.7868],[106.122,54.7708],[106.0762,54.7792],[106.039,54.7659],[106.0622,54.7311],[106.0916,54.724],[106.1057,54.7007],[106.081,54.6838],[106.0268,54.6631],[105.977,54.6123],[105.9914,54.5642],[106.0398,54.5207],[106.0141,54.5045],[105.8872,54.4976],[105.854,54.5534],[105.8219,54.5488],[105.7703,54.5614],[105.7387,54.5525],[105.7106,54.5256],[105.6687,54.5139],[105.6416,54.4831],[105.5945,54.474],[105.5419,54.4542],[105.4658,54.4563],[105.4353,54.4678],[105.4223,54.4409],[105.3984,54.4241],[105.4007,54.3778],[105.39,54.3597],[105.3004,54.3821],[105.2925,54.3488],[105.3112,54.334],[105.2872,54.2938],[105.2303,54.2883],[105.2068,54.2436],[105.1467,54.2662],[105.102,54.257],[105.038,54.2183],[105.0087,54.189],[104.9628,54.1917],[104.9363,54.1833],[104.9081,54.1543],[104.9782,54.0934],[104.9326,54.0664],[104.9554,54.0399],[105.0035,54.0226],[105.0262,53.9914],[105.0561,53.9897],[105.0533,53.9452],[105.0428,53.9104],[105.0003,53.9041],[104.9944,53.8795],[104.9317,53.8645],[104.9164,53.8859],[104.8631,53.899],[104.8394,53.8914],[104.7854,53.8962],[104.6969,53.8928],[104.679,53.8754],[104.6485,53.8046],[104.6234,53.8043],[104.594,53.7809],[104.5616,53.7705],[104.49,53.7802],[104.4568,53.7793],[104.4125,53.7919]]]},"properties":{"osm_id":1456241,"name":"Качугский муниципальный округ","kind":"district","parent":"Иркутская область","parent_iso":"RU-IRK","label":[106.5226,54.099]}},
{"type":"Feature","geometry":{"type":"Polygon","coordinates":[[[109.191,55.5879],[109.2069,55.5687],[109.354,55.5956],[109.3558,55.6266],[109.3728,55.6515],[109.4287,55.6832],[109.2772,55.684],[109.2493,55.6476],[109.2044,55.6227],[109.191,55.5879]]]},"properties":{"osm_id":1899006,"name":"городской округ Северобайкальск","kind":"district","parent":"Бурятия","parent_iso":"RU-BU","label":[109.3146,55.6263]}},
{"type":"Feature","geometry":{"type":"Polygon","coordinates":[[[109.9144,54.0231],[109.9339,54.0256],[109.9598,53.9949],[110.0004,53.9806],[110.0326,53.9784],[110.093,53.9911],[110.2197,53.9686],[110.25,54.0005],[110.2767,53.9959],[110.3199,54.0129],[110.3731,54.0009],[110.4232,54.0059],[110.4625,54.0309],[110.4698,54.0594],[110.5653,54.0961],[110.5949,54.1132],[110.6309,54.1074],[110.6383,54.1393],[110.7107,54.1435],[110.7501,54.1371],[110.7966,54.1583],[110.8536,54.1645],[110.873,54.1325],[110.8322,54.1177],[110.8638,54.0827],[110.8446,54.072],[110.846,54.0269],[110.8817,54.0098],[110.9617,53.9911],[110.9855,53.9972],[111.012,53.9784],[111.0615,53.9705],[111.1054,53.9741],[111.1334,53.9415],[111.1792,53.9282],[111.2041,53.932],[111.2243,53.9573],[111.2544,53.9733],[111.2761,54.0035],[111.2854,54.0383],[111.347,54.0595],[111.3344,54.0877],[111.3622,54.1078],[111.3484,54.1214],[111.3436,54.1676],[111.3067,54.2228],[111.3094,54.2527],[111.3694,54.2593],[111.368,54.2984],[111.4095,54.3097],[111.4359,54.3355],[111.4767,54.3548],[111.4644,54.3817],[111.4871,54.4055],[111.527,54.4662],[111.5757,54.4666],[111.6067,54.5025],[111.6525,54.5178],[111.6834,54.5559],[111.6882,54.5777],[111.7293,54.6052],[111.7339,54.6231],[111.7058,54.6483],[111.7229,54.6751],[111.6962,54.6967],[111.6593,54.7074],[111.6791,54.7528],[111.6672,54.7684],[111.6029,54.7947],[111.608,54.8179],[111.681,54.8317],[111.6966,54.87],[111.6633,54.9013],[111.7246,54.9449],[111.7328,54.9684],[111.65,54.9691],[111.6377,55.0071],[111.7157,55.0432],[111.7222,55.0702],[111.7923,55.0491],[111.8269,55.0584],[111.8383,55.0846],[111.8764,55.1088],[111.9016,55.1106],[111.9496,55.1357],[111.9246,55.1635],[111.9384,55.1828],[111.9312,55.2411],[111.9427,55.2612],[111.9083,55.3129],[111.8577,55.3003],[111.7968,55.3326],[111.7665,55.3363],[111.7888,55.3617],[111.7692,55.3763],[111.7197,55.3855],[111.656,55.3795],[111.6381,55.4166],[111.5964,55.4351],[111.5528,55.4253],[111.4902,55.421],[111.4599,55.426],[111.4167,55.4579],[111.3731,55.4793],[111.3256,55.4699],[111.2761,55.4838],[111.2112,55.5269],[111.139,55.5008],[111.1338,55.4683],[111.1184,55.4496],[111.053,55.4266],[111.0333,55.4063],[111.0542,55.3855],[111.0369,55.368],[111.0459,55.3492],[111.0146,55.324],[110.955,55.2397],[110.9224,55.2189],[110.8707,55.214],[110.7978,55.227],[110.7345,55.2033],[110.679,55.1644],[110.5977,55.1258],[110.5744,55.108],[110.6214,55.093],[110.6119,55.0817],[110.6331,55.0168],[110.669,55.0144],[110.668,54.989],[110.6499,54.9734],[110.646,54.9467],[110.5868,54.9428],[110.5553,54.882],[110.5091,54.8947],[110.4706,54.8795],[110.4535,54.8582],[110.4111,54.829],[110.3616,54.8162],[110.3714,54.795],[110.364,54.7491],[110.3358,54.7446],[110.3276,54.7142],[110.384,54.7125],[110.4098,54.6801],[110.415,54.6579],[110.397,54.6027],[110.409,54.592],[110.3651,54.5692],[110.2324,54.531],[110.1431,54.4955],[110.1257,54.4649],[110.0912,54.4593],[110.0817,54.4444],[110.0177,54.4262],[110.0004,54.3763],[109.9813,54.3653],[109.9894,54.3098],[110.0172,54.2937],[110.0305,54.2676],[110.0159,54.2431],[110.0448,54.2266],[109.9898,54.1324],[110.0018,54.1262],[109.9552,54.0676],[109.9237,54.0614],[109.9144,54.0231]]]},"properties":{"osm_id":194798,"name":"Курумканский район","kind":"district","parent":"Бурятия","parent_iso":"RU-BU","label":[110.9321,54.7276]}},
{"type":"Feature","geometry":{"type":"Polygon","coordinates":[[[109.9144,54.0231],[109.8972,54.0094],[109.8491,54.0182],[109.8203,54.0329],[109.7454,54.0339],[109.6751,54.0464],[109.6461,54.0598],[109.61,54.058],[109.5768,54.0869],[109.5623,54.1249],[109.5416,54.1383],[108.9293,54.27],[108.6356,54.0012],[108.4515,53.8485],[108.3734,53.7641],[108.2974,53.6735],[108.0875,53.3538],[108.4553,53.2001],[108.5115,53.1877],[108.5309,53.162],[108.5063,53.135],[108.5466,53.0776],[108.5444,53.0468],[108.5791,53.0465],[108.631,53.0802],[108.6829,53.0788],[108.7016,53.0591],[108.7315,53.0678],[108.7552,53.0574],[108.8615,53.0628],[108.9028,53.0929],[108.9481,53.1093],[109.006,53.1124],[109.0974,53.1531],[109.1661,53.1787],[109.2161,53.1914],[109.243,53.1829],[109.291,53.2198],[109.3105,53.2175],[109.3683,53.2333],[109.4012,53.2566],[109.4479,53.2687],[109.4707,53.3015],[109.5303,53.3202],[109.5443,53.3164],[109.6096,53.3712],[109.6319,53.365],[109.6677,53.3778],[109.697,53.3749],[109.708,53.3554],[109.7516,53.3369],[109.8274,53.3503],[109.894,53.3838],[109.9444,53.3859],[109.9729,53.3708],[110.0238,53.3747],[110.0557,53.3696],[110.086,53.3769],[110.1266,53.3333],[110.1261,53.3056],[110.0646,53.2763],[110.0501,53.2609],[110.111,53.2175],[110.1732,53.2123],[110.199,53.2277],[110.2738,53.2307],[110.3071,53.2404],[110.3653,53.2757],[110.375,53.2591],[110.4277,53.2819],[110.4713,53.2683],[110.5254,53.2681],[110.5554,53.2857],[110.612,53.2825],[110.6408,53.3203],[110.6645,53.3333],[110.6589,53.3551],[110.7049,53.3956],[110.7302,53.4021],[110.7511,53.4506],[110.7451,53.4794],[110.7823,53.4837],[110.8107,53.5045],[110.8198,53.5406],[110.8439,53.5652],[110.8405,53.5936],[110.893,53.6442],[110.9593,53.6837],[110.9982,53.6719],[111.0181,53.6801],[111.0779,53.6644],[111.1068,53.6721],[111.1355,53.7077],[111.1769,53.7392],[111.1568,53.7775],[111.1754,53.8029],[111.1722,53.8262],[111.1408,53.8297],[111.1458,53.8513],[111.1912,53.8992],[111.2137,53.9095],[111.2041,53.932],[111.1792,53.9282],[111.1334,53.9415],[111.1054,53.9741],[111.0615,53.9705],[111.012,53.9784],[110.9855,53.9972],[110.9617,53.9911],[110.8817,54.0098],[110.846,54.0269],[110.8446,54.072],[110.8638,54.0827],[110.8322,54.1177],[110.873,54.1325],[110.8536,54.1645],[110.7966,54.1583],[110.7501,54.1371],[110.7107,54.1435],[110.6383,54.1393],[110.6309,54.1074],[110.5949,54.1132],[110.5653,54.0961],[110.4698,54.0594],[110.4625,54.0309],[110.4232,54.0059],[110.3731,54.0009],[110.3199,54.0129],[110.2767,53.9959],[110.25,54.0005],[110.2197,53.9686],[110.093,53.9911],[110.0326,53.9784],[110.0004,53.9806],[109.9598,53.9949],[109.9339,54.0256],[109.9144,54.0231]]]},"properties":{"osm_id":194785,"name":"Баргузинский район","kind":"district","parent":"Бурятия","parent_iso":"RU-BU","label":[109.6535,53.651]}},
{"type":"Feature","geometry":{"type":"Polygon","coordinates":[[[111.2041,53.932],[111.2137,53.9095],[111.1912,53.8992],[111.1458,53.8513],[111.1408,53.8297],[111.1722,53.8262],[111.1754,53.8029],[111.1568,53.7775],[111.1769,53.7392],[111.1355,53.7077],[111.1068,53.6721],[111.0779,53.6644],[111.0181,53.6801],[110.9982,53.6719],[110.9593,53.6837],[110.893,53.6442],[110.8405,53.5936],[110.8439,53.5652],[110.8198,53.5406],[110.8107,53.5045],[110.7823,53.4837],[110.7451,53.4794],[110.7511,53.4506],[110.7302,53.4021],[110.7049,53.3956],[110.6589,53.3551],[110.6645,53.3333],[110.6408,53.3203],[110.612,53.2825],[110.6393,53.2797],[110.6929,53.2603],[110.6583,53.225],[110.6433,53.1953],[110.6068,53.1931],[110.5667,53.1784],[110.5094,53.1835],[110.4738,53.1721],[110.418,53.1439],[110.4262,53.1025],[110.4488,53.1005],[110.5064,53.1062],[110.5316,53.0608],[110.6052,53.0774],[110.6618,53.0645],[110.69,53.0682],[110.7089,53.0956],[110.7419,53.0988],[110.7644,53.0871],[110.8094,53.0846],[110.848,53.104],[110.9032,53.1206],[111.0013,53.1365],[111.0186,53.1497],[111.0573,53.1337],[111.08,53.1441],[111.1383,53.1361],[111.1563,53.1706],[111.1999,53.1875],[111.2347,53.1774],[111.3315,53.2056],[111.3549,53.1836],[111.4075,53.1822],[111.4789,53.2046],[111.587,53.2587],[111.56,53.2862],[111.6014,53.3252],[111.6246,53.3295],[111.7809,53.3202],[111.7841,53.3362],[111.8133,53.3666],[111.8608,53.3636],[111.9297,53.3818],[111.9745,53.3831],[112.0533,53.3953],[112.0773,53.4254],[112.1321,53.4291],[112.1463,53.4391],[112.1434,53.3329],[112.1387,53.3178],[112.1546,53.2785],[112.1696,53.2705],[112.2248,53.2738],[112.2535,53.2824],[112.2989,53.2621],[112.3316,53.2203],[112.3806,53.1923],[112.3965,53.1721],[112.4313,53.1524],[112.4501,53.1536],[112.5001,53.1159],[112.6066,53.1693],[112.6509,53.1777],[112.6846,53.1408],[112.6873,53.0757],[112.7083,53.0465],[112.7304,53.0395],[112.7382,53.0162],[112.7234,52.9874],[112.7571,52.9776],[112.8012,52.9773],[112.9108,52.9569],[113.0218,52.9932],[113.0608,53.0428],[113.0588,53.0753],[113.1017,53.116],[113.151,53.1449],[113.2011,53.1463],[113.2313,53.1766],[113.2138,53.1937],[113.2084,53.2543],[113.2398,53.2765],[113.3003,53.3502],[113.3214,53.41],[113.3169,53.4503],[113.3548,53.4432],[113.3847,53.4603],[113.4147,53.4919],[113.4607,53.4905],[113.484,53.5016],[113.5473,53.5003],[113.6431,53.5133],[113.6861,53.5447],[113.7131,53.5504],[113.7373,53.5713],[113.8148,53.5838],[113.781,53.5865],[113.8016,53.6168],[113.8249,53.6316],[113.8762,53.6232],[113.9017,53.6536],[113.9353,53.6446],[113.9761,53.6493],[113.9789,53.686],[113.9496,53.6962],[113.9847,53.7228],[114.1098,53.7341],[114.1604,53.759],[114.2045,53.7393],[114.2303,53.7536],[114.2937,53.7544],[114.3466,53.7713],[114.3655,53.8154],[114.391,53.8223],[114.4366,53.806],[114.4712,53.8192],[114.4968,53.8101],[114.5256,53.8338],[114.5259,53.8498],[114.5781,53.8856],[114.5796,53.9167],[114.6563,53.9155],[114.6871,53.9297],[114.7513,53.9291],[114.7556,53.9505],[114.7854,53.9469],[114.8675,53.9544],[114.8706,53.9712],[114.9046,53.9725],[114.9392,53.9937],[114.9858,53.999],[114.9877,54.0252],[115.0152,54.0291],[115.0126,54.0724],[115.0674,54.0903],[115.095,54.1067],[115.1429,54.118],[115.1725,54.1633],[115.1631,54.1904],[115.2055,54.1936],[115.2485,54.2073],[115.2621,54.2304],[115.3092,54.2341],[115.3469,54.2701],[115.3747,54.2663],[115.4194,54.2791],[115.4393,54.2961],[115.4931,54.3089],[115.5039,54.3263],[115.4866,54.363],[115.4972,54.3733],[115.576,54.3817],[115.6058,54.4149],[115.6378,54.4152],[115.674,54.4305],[115.7053,54.4233],[115.7564,54.4427],[115.7845,54.436],[115.8409,54.4589],[115.9003,54.4611],[115.9444,54.4712],[115.9696,54.4553],[116.0136,54.4813],[116.0408,54.4866],[116.1152,54.4797],[116.1387,54.4985],[116.1759,54.5115],[116.2409,54.489],[116.2711,54.5086],[116.3274,54.4901],[116.3461,54.5098],[116.4024,54.5022],[116.4292,54.4787],[116.4765,54.4881],[116.4907,54.46],[116.5321,54.4684],[116.5093,54.4871],[116.5225,54.5187],[116.5648,54.506],[116.6095,54.5194],[116.6372,54.5073],[116.6718,54.5235],[116.7196,54.5286],[116.7266,54.5409],[116.6994,54.5707],[116.7663,54.5867],[116.7806,54.6065],[116.7439,54.6549],[116.7762,54.6748],[116.8145,54.6723],[116.8425,54.7048],[116.8774,54.7114],[116.8449,54.7389],[116.8499,54.7718],[116.9184,54.8266],[116.913,54.8659],[116.8748,54.8773],[116.8647,54.931],[116.8334,55.0053],[116.8412,55.0343],[116.7997,55.0533],[116.8049,55.0681],[116.7718,55.0962],[116.7606,55.1169],[116.6925,55.1197],[116.6748,55.139],[116.6229,55.1455],[116.5937,55.1771],[116.5429,55.1933],[116.5283,55.2083],[116.4756,55.2275],[116.4487,55.2546],[116.4594,55.2773],[116.4426,55.2983],[116.4701,55.3097],[116.4505,55.3257],[116.392,55.343],[116.3938,55.3602],[116.3523,55.3845],[116.29,55.3617],[116.2394,55.3534],[116.1828,55.3604],[116.1017,55.3441],[116.0725,55.3824],[116.036,55.3803],[116.0137,55.3649],[115.9753,55.356],[115.9445,55.372],[115.9026,55.406],[115.9214,55.4223],[115.8515,55.4068],[115.74,55.3736],[115.6819,55.3899],[115.6568,55.3811],[115.6061,55.3971],[115.5473,55.3719],[115.5138,55.3752],[115.4903,55.3578],[115.4388,55.3525],[115.3973,55.3401],[115.3635,55.3085],[115.2952,55.2973],[115.2965,55.2796],[115.1893,55.2508],[115.1668,55.2544],[115.1375,55.238],[115.0844,55.2327],[115.0682,55.2403],[115.0001,55.2385],[114.9688,55.2576],[114.966,55.278],[114.9878,55.2939],[114.953,55.3105],[114.9516,55.3339],[114.9128,55.3546],[114.8815,55.348],[114.8205,55.3771],[114.8106,55.3921],[114.8155,55.4289],[114.8432,55.4537],[114.817,55.4881],[114.8576,55.4984],[114.8801,55.5242],[114.8605,55.56],[114.8814,55.5889],[114.8786,55.612],[114.8125,55.6152],[114.8126,55.6049],[114.6545,55.5984],[114.6018,55.6061],[114.5546,55.6475],[114.5461,55.6718],[114.5666,55.6963],[114.5536,55.7229],[114.4936,55.7281],[114.4663,55.7491],[114.4642,55.7714],[114.3952,55.7666],[114.3551,55.7902],[114.3246,55.7812],[114.262,55.7892],[114.2257,55.7998],[114.1914,55.7976],[114.1455,55.7811],[114.0938,55.7862],[114.0169,55.8112],[113.9264,55.831],[113.9152,55.8613],[113.8616,55.8627],[113.7755,55.8445],[113.7873,55.8203],[113.7466,55.794],[113.7044,55.7971],[113.6591,55.7622],[113.6247,55.7714],[113.6014,55.7592],[113.5214,55.745],[113.5039,55.7272],[113.4554,55.7164],[113.4082,55.682],[113.423,55.6458],[113.394,55.6313],[113.364,55.6381],[113.338,55.6187],[113.2893,55.6167],[113.289,55.5567],[113.2417,55.5286],[113.2056,55.5385],[113.1596,55.5221],[113.1536,55.5107],[113.0807,55.4937],[113.0444,55.5258],[112.953,55.4697],[112.9669,55.4457],[112.9454,55.4078],[112.9437,55.3784],[112.9614,55.3576],[112.9389,55.3446],[112.885,55.3383],[112.7536,55.3425],[112.7341,55.3335],[112.7417,55.2936],[112.6898,55.2989],[112.6192,55.2812],[112.6045,55.2657],[112.545,55.2594],[112.5186,55.2701],[112.5164,55.2879],[112.4451,55.3175],[112.4479,55.3469],[112.4066,55.3751],[112.334,55.375],[112.3176,55.3847],[112.2738,55.3753],[112.2519,55.3467],[112.1891,55.342],[112.1538,55.2998],[112.127,55.2887],[112.0861,55.2902],[112.0642,55.2783],[111.9839,55.2707],[111.9427,55.2612],[111.9312,55.2411],[111.9384,55.1828],[111.9246,55.1635],[111.9496,55.1357],[111.9016,55.1106],[111.8764,55.1088],[111.8383,55.0846],[111.8269,55.0584],[111.7923,55.0491],[111.7222,55.0702],[111.7157,55.0432],[111.6377,55.0071],[111.65,54.9691],[111.7328,54.9684],[111.7246,54.9449],[111.6633,54.9013],[111.6966,54.87],[111.681,54.8317],[111.608,54.8179],[111.6029,54.7947],[111.6672,54.7684],[111.6791,54.7528],[111.6593,54.7074],[111.6962,54.6967],[111.7229,54.6751],[111.7058,54.6483],[111.7339,54.6231],[111.7293,54.6052],[111.6882,54.5777],[111.6834,54.5559],[111.6525,54.5178],[111.6067,54.5025],[111.5757,54.4666],[111.527,54.4662],[111.4871,54.4055],[111.4644,54.3817],[111.4767,54.3548],[111.4359,54.3355],[111.4095,54.3097],[111.368,54.2984],[111.3694,54.2593],[111.3094,54.2527],[111.3067,54.2228],[111.3436,54.1676],[111.3484,54.1214],[111.3622,54.1078],[111.3344,54.0877],[111.347,54.0595],[111.2854,54.0383],[111.2761,54.0035],[111.2544,53.9733],[111.2243,53.9573],[111.2041,53.932]]]},"properties":{"osm_id":194598,"name":"Баунтовский эвенкийский район","kind":"district","parent":"Бурятия","parent_iso":"RU-BU","label":[113.6696,54.4128]}},
{"type":"Feature","geometry":{"type":"Polygon","coordinates":[[[110.6618,53.0645],[110.6631,53.0525],[110.733,52.9994],[110.7259,52.984],[110.766,52.943],[110.7641,52.9078],[110.7236,52.9002],[110.6971,52.8817],[110.6991,52.8631],[110.7324,52.8458],[110.7548,52.8081],[110.7506,52.7858],[110.7281,52.7684],[110.6927,52.758],[110.6355,52.7551],[110.6121,52.7377],[110.6325,52.7119],[110.6124,52.6728],[110.6448,52.6426],[110.6242,52.6311],[110.5947,52.6406],[110.5517,52.6375],[110.5279,52.6172],[110.4887,52.6179],[110.4564,52.6008],[110.4554,52.5788],[110.4776,52.5622],[110.4868,52.5192],[110.5104,52.5104],[110.5155,52.4825],[110.535,52.4808],[110.5556,52.4535],[110.5607,52.4062],[110.5552,52.3593],[110.5443,52.3345],[110.558,52.3223],[110.5104,52.3058],[110.4736,52.315],[110.4754,52.2862],[110.3909,52.272],[110.3694,52.2575],[110.3114,52.2492],[110.3006,52.2011],[110.332,52.182],[110.3503,52.148],[110.3901,52.126],[110.443,52.1311],[110.4623,52.0971],[110.4824,52.0804],[110.4832,52.0528],[110.4895,52.0465],[110.5797,52.0672],[110.6762,52.0772],[110.7106,52.0567],[110.7305,52.0778],[110.7654,52.0805],[110.8433,52.1271],[110.9091,52.1452],[111.0025,52.1792],[111.037,52.1476],[111.058,52.109],[111.1635,52.1403],[111.1735,52.1276],[111.2558,52.1553],[111.2815,52.1367],[111.265,52.1183],[111.3111,52.0895],[111.3753,52.1139],[111.4017,52.1128],[111.42,52.0933],[111.4752,52.1245],[111.4874,52.1021],[111.5154,52.0934],[111.5614,52.104],[111.6161,52.0658],[111.6761,52.0837],[111.6944,52.0597],[111.7552,52.0329],[111.7725,52.0669],[111.8048,52.0738],[111.8329,52.1088],[111.8946,52.119],[111.8882,52.1417],[111.9332,52.1632],[111.9346,52.1974],[112.0084,52.2087],[112.0163,52.2297],[112.0455,52.2378],[112.0463,52.2619],[112.0736,52.2847],[112.1405,52.2902],[112.1769,52.3037],[112.1906,52.2856],[112.1938,52.2509],[112.2397,52.2362],[112.3056,52.2452],[112.3356,52.2203],[112.3608,52.2198],[112.3826,52.2015],[112.4599,52.2373],[112.5074,52.2462],[112.5071,52.2962],[112.5152,52.3211],[112.5466,52.3458],[112.6084,52.3582],[112.6791,52.3548],[112.7356,52.3264],[112.7966,52.3281],[112.8282,52.3427],[112.8554,52.3386],[112.8838,52.3504],[112.9137,52.3302],[112.979,52.3741],[113.0086,52.3706],[113.0371,52.3886],[113.0931,52.4037],[113.0918,52.4187],[113.1427,52.4363],[113.152,52.4536],[113.2897,52.4705],[113.297,52.4642],[113.487,52.4708],[113.542,52.4887],[113.5907,52.4488],[113.6174,52.4894],[113.6404,52.5019],[113.6401,52.5292],[113.7099,52.5529],[113.7341,52.5734],[113.7685,52.5767],[113.8152,52.6145],[113.8478,52.6037],[113.8758,52.6141],[113.8826,52.6314],[113.9152,52.64],[113.9609,52.6267],[114.028,52.6665],[114.0785,52.6623],[114.082,52.6796],[114.1156,52.7054],[114.1457,52.7163],[114.1444,52.7332],[114.1782,52.753],[114.1831,52.769],[114.2244,52.8124],[114.2366,52.8355],[114.2237,52.8633],[114.2533,52.9327],[114.2819,52.9555],[114.3084,52.957],[114.3169,52.9787],[114.3003,52.9989],[114.3266,53.0406],[114.3549,53.0356],[114.3756,53.0544],[114.2923,53.0595],[114.2656,53.0842],[114.2334,53.0892],[114.2069,53.068],[114.1698,53.0867],[114.1736,53.1166],[114.208,53.1467],[114.2057,53.1787],[114.1594,53.1921],[114.1133,53.1839],[114.0913,53.1986],[114.0433,53.2086],[114.0489,53.2475],[114.0091,53.2485],[113.9813,53.2362],[113.9486,53.2495],[113.9429,53.2748],[113.9244,53.284],[113.9534,53.3216],[113.9467,53.3466],[113.8739,53.3716],[113.8414,53.3947],[113.8272,53.4165],[113.8481,53.4334],[113.8226,53.448],[113.8359,53.4825],[113.8702,53.4959],[113.883,53.5231],[113.8764,53.5503],[113.8582,53.5698],[113.8148,53.5838],[113.7373,53.5713],[113.7131,53.5504],[113.6861,53.5447],[113.6431,53.5133],[113.5473,53.5003],[113.484,53.5016],[113.4607,53.4905],[113.4147,53.4919],[113.3847,53.4603],[113.3548,53.4432],[113.3169,53.4503],[113.3214,53.41],[113.3003,53.3502],[113.2398,53.2765],[113.2084,53.2543],[113.2138,53.1937],[113.2313,53.1766],[113.2011,53.1463],[113.151,53.1449],[113.1017,53.116],[113.0588,53.0753],[113.0608,53.0428],[113.0218,52.9932],[112.9108,52.9569],[112.8012,52.9773],[112.7571,52.9776],[112.7234,52.9874],[112.7382,53.0162],[112.7304,53.0395],[112.7083,53.0465],[112.6873,53.0757],[112.6846,53.1408],[112.6509,53.1777],[112.6066,53.1693],[112.5001,53.1159],[112.4501,53.1536],[112.4313,53.1524],[112.3965,53.1721],[112.3806,53.1923],[112.3316,53.2203],[112.2989,53.2621],[112.2535,53.2824],[112.2248,53.2738],[112.1696,53.2705],[112.1546,53.2785],[112.1387,53.3178],[112.1434,53.3329],[112.1463,53.4391],[112.1321,53.4291],[112.0773,53.4254],[112.0533,53.3953],[111.9745,53.3831],[111.9297,53.3818],[111.8608,53.3636],[111.8133,53.3666],[111.7841,53.3362],[111.7809,53.3202],[111.6246,53.3295],[111.6014,53.3252],[111.56,53.2862],[111.587,53.2587],[111.4789,53.2046],[111.4075,53.1822],[111.3549,53.1836],[111.3315,53.2056],[111.2347,53.1774],[111.1999,53.1875],[111.1563,53.1706],[111.1383,53.1361],[111.08,53.1441],[111.0573,53.1337],[111.0186,53.1497],[111.0013,53.1365],[110.9032,53.1206],[110.848,53.104],[110.8094,53.0846],[110.7644,53.0871],[110.7419,53.0988],[110.7089,53.0956],[110.69,53.0682],[110.6618,53.0645]]]},"properties":{"osm_id":194832,"name":"Еравнинский район","kind":"district","parent":"Бурятия","parent_iso":"RU-BU","label":[112.3377,52.8084]}},
{"type":"Feature","geometry":{"type":"Polygon","coordinates":[[[110.4488,53.1005],[110.4311,53.0721],[110.3599,53.0479],[110.3223,53.0461],[110.3017,53.0335],[110.2537,53.0459],[110.2162,53.0071],[110.1869,53.0018],[110.2189,52.9643],[110.1937,52.9532],[110.1488,52.9556],[110.1457,52.9345],[110.1216,52.9171],[110.0691,52.9153],[110.0399,52.9215],[109.9845,52.9104],[109.9336,52.9274],[109.8666,52.9215],[109.8457,52.9573],[109.8258,52.9521],[109.7763,52.9694],[109.7267,52.9651],[109.6584,52.9664],[109.6184,52.962],[109.5994,52.9369],[109.5721,52.9378],[109.5391,52.9093],[109.5293,52.8741],[109.4857,52.8701],[109.4582,52.8584],[109.4179,52.858],[109.394,52.8755],[109.3628,52.8717],[109.2724,52.8911],[109.1886,52.8839],[109.1408,52.8567],[109.1089,52.8584],[109.0564,52.8478],[108.9829,52.8182],[108.9741,52.8026],[108.9234,52.7791],[108.8571,52.7273],[108.8669,52.7057],[108.8382,52.6938],[108.8403,52.6615],[108.8024,52.6492],[108.7905,52.6329],[108.7501,52.6136],[108.7591,52.595],[108.7371,52.5792],[108.736,52.5246],[108.7137,52.5088],[108.6162,52.5015],[108.5925,52.4748],[108.5204,52.4537],[108.4794,52.4037],[108.4502,52.3832],[108.4507,52.3677],[108.5097,52.3739],[108.5193,52.3514],[108.5566,52.3383],[108.5468,52.3132],[108.568,52.2879],[108.6132,52.3019],[108.6366,52.2897],[108.6638,52.2583],[108.6498,52.2434],[108.6825,52.2178],[108.7632,52.2326],[108.838,52.2188],[108.8989,52.1678],[108.8755,52.1307],[108.827,52.1077],[108.7912,52.1058],[108.7945,52.0821],[108.7716,52.0494],[108.7555,52.0112],[108.7384,52.0146],[108.702,51.9822],[108.6827,51.9285],[108.7033,51.908],[108.6885,51.8858],[108.6911,51.8633],[108.7504,51.841],[108.8282,51.8329],[108.8513,51.8373],[108.9131,51.8296],[108.9348,51.8204],[108.9681,51.8329],[109.0746,51.8328],[109.0865,51.8494],[109.1748,51.8409],[109.1984,51.8343],[109.235,51.8466],[109.2656,51.8731],[109.3143,51.8813],[109.3655,51.8741],[109.4298,51.8785],[109.4926,51.9017],[109.5134,51.9175],[109.5121,51.9479],[109.527,51.9612],[109.5252,51.9871],[109.5668,52.0008],[109.5662,52.0373],[109.5955,52.0365],[109.6259,52.049],[109.6644,52.0501],[109.676,52.0675],[109.7929,52.0914],[109.7893,52.0692],[109.8252,52.0207],[109.8637,51.9967],[109.9387,51.9831],[110.0174,51.9904],[110.0308,52.0177],[110.0875,52.017],[110.1514,52.0009],[110.1695,51.9901],[110.2216,52.0074],[110.2272,52.0209],[110.2931,52.0418],[110.303,52.012],[110.2612,51.9836],[110.2947,51.9765],[110.3494,51.9829],[110.3867,51.9971],[110.3877,52.0092],[110.4215,52.0402],[110.4832,52.0528],[110.4824,52.0804],[110.4623,52.0971],[110.443,52.1311],[110.3901,52.126],[110.3503,52.148],[110.332,52.182],[110.3006,52.2011],[110.3114,52.2492],[110.3694,52.2575],[110.3909,52.272],[110.4754,52.2862],[110.4736,52.315],[110.5104,52.3058],[110.558,52.3223],[110.5443,52.3345],[110.5552,52.3593],[110.5607,52.4062],[110.5556,52.4535],[110.535,52.4808],[110.5155,52.4825],[110.5104,52.5104],[110.4868,52.5192],[110.4776,52.5622],[110.4554,52.5788],[110.4564,52.6008],[110.4887,52.6179],[110.5279,52.6172],[110.5517,52.6375],[110.5947,52.6406],[110.6242,52.6311],[110.6448,52.6426],[110.6124,52.6728],[110.6325,52.7119],[110.6121,52.7377],[110.6355,52.7551],[110.6927,52.758],[110.7281,52.7684],[110.7506,52.7858],[110.7548,52.8081],[110.7324,52.8458],[110.6991,52.8631],[110.6971,52.8817],[110.7236,52.9002],[110.7641,52.9078],[110.766,52.943],[110.7259,52.984],[110.733,52.9994],[110.6631,53.0525],[110.6618,53.0645],[110.6052,53.0774],[110.5316,53.0608],[110.5064,53.1062],[110.4488,53.1005]]]},"properties":{"osm_id":195223,"name":"Хоринский район","kind":"district","parent":"Бурятия","parent_iso":"RU-BU","label":[109.6081,52.4628]}},
{"type":"Feature","geometry":{"type":"Polygon","coordinates":[[[108.0875,53.3538],[108.0481,53.2763],[108.0127,53.2337],[107.7158,53.0832],[107.2435,52.8427],[107.4738,52.6857],[107.487,52.6715],[107.4629,52.6404],[107.4817,52.6217],[107.4928,52.579],[107.4675,52.5697],[107.4401,52.5309],[107.4683,52.5074],[107.5,52.5067],[107.5044,52.489],[107.5494,52.4577],[107.5062,52.4503],[107.4982,52.423],[107.481,52.4097],[107.4235,52.4361],[107.3823,52.4306],[107.3569,52.4116],[107.2987,52.392],[107.2902,52.3732],[107.2242,52.3905],[107.1773,52.3696],[107.1322,52.3749],[107.1133,52.3678],[107.0649,52.3702],[107.005,52.3546],[107.0282,52.3352],[107.0194,52.3223],[107.0326,52.2858],[106.9969,52.2624],[106.9552,52.1971],[106.9693,52.1619],[106.9893,52.1436],[106.989,52.1021],[107.0137,52.0705],[107.0472,52.0499],[107.0394,52.0307],[107.0975,51.985],[107.1147,51.9304],[107.1551,51.9209],[107.1986,51.9365],[107.2713,51.9316],[107.3101,51.937],[107.3639,51.9586],[107.3958,52.0042],[107.4421,52.0016],[107.4925,52.0401],[107.5216,52.037],[107.5517,52.051],[107.6132,52.0548],[107.6567,52.014],[107.6645,51.9967],[107.7121,51.978],[107.7326,51.9934],[107.7366,52.0157],[107.7767,52.031],[107.8281,52.0319],[107.8463,52.0446],[107.8989,52.0527],[107.9364,52.0677],[107.9508,52.0829],[107.9826,52.082],[108.0455,52.101],[108.0471,52.145],[108.0798,52.1416],[108.0992,52.1685],[108.1712,52.1797],[108.2169,52.1739],[108.317,52.1996],[108.3338,52.2231],[108.3168,52.2462],[108.3662,52.2559],[108.3967,52.2984],[108.3847,52.3177],[108.4185,52.3327],[108.4507,52.3677],[108.4502,52.3832],[108.4794,52.4037],[108.5204,52.4537],[108.5925,52.4748],[108.6162,52.5015],[108.7137,52.5088],[108.736,52.5246],[108.7371,52.5792],[108.7591,52.595],[108.7501,52.6136],[108.7905,52.6329],[108.8024,52.6492],[108.8403,52.6615],[108.8382,52.6938],[108.8669,52.7057],[108.8571,52.7273],[108.9234,52.7791],[108.9741,52.8026],[108.9829,52.8182],[109.0564,52.8478],[109.1089,52.8584],[109.1408,52.8567],[109.1886,52.8839],[109.2724,52.8911],[109.3628,52.8717],[109.394,52.8755],[109.4179,52.858],[109.4582,52.8584],[109.4857,52.8701],[109.5293,52.8741],[109.5391,52.9093],[109.5721,52.9378],[109.5994,52.9369],[109.6184,52.962],[109.6584,52.9664],[109.7267,52.9651],[109.7763,52.9694],[109.8258,52.9521],[109.8457,52.9573],[109.8666,52.9215],[109.9336,52.9274],[109.9845,52.9104],[110.0399,52.9215],[110.0691,52.9153],[110.1216,52.9171],[110.1457,52.9345],[110.1488,52.9556],[110.1937,52.9532],[110.2189,52.9643],[110.1869,53.0018],[110.2162,53.0071],[110.2537,53.0459],[110.3017,53.0335],[110.3223,53.0461],[110.3599,53.0479],[110.4311,53.0721],[110.4488,53.1005],[110.4262,53.1025],[110.418,53.1439],[110.4738,53.1721],[110.5094,53.1835],[110.5667,53.1784],[110.6068,53.1931],[110.6433,53.1953],[110.6583,53.225],[110.6929,53.2603],[110.6393,53.2797],[110.612,53.2825],[110.5554,53.2857],[110.5254,53.2681],[110.4713,53.2683],[110.4277,53.2819],[110.375,53.2591],[110.3653,53.2757],[110.3071,53.2404],[110.2738,53.2307],[110.199,53.2277],[110.1732,53.2123],[110.111,53.2175],[110.0501,53.2609],[110.0646,53.2763],[110.1261,53.3056],[110.1266,53.3333],[110.086,53.3769],[110.0557,53.3696],[110.0238,53.3747],[109.9729,53.3708],[109.9444,53.3859],[109.894,53.3838],[109.8274,53.3503],[109.7516,53.3369],[109.708,53.3554],[109.697,53.3749],[109.6677,53.3778],[109.6319,53.365],[109.6096,53.3712],[109.5443,53.3164],[109.5303,53.3202],[109.4707,53.3015],[109.4479,53.2687],[109.4012,53.2566],[109.3683,53.2333],[109.3105,53.2175],[109.291,53.2198],[109.243,53.1829],[109.2161,53.1914],[109.1661,53.1787],[109.0974,53.1531],[109.006,53.1124],[108.9481,53.1093],[108.9028,53.0929],[108.8615,53.0628],[108.7552,53.0574],[108.7315,53.0678],[108.7016,53.0591],[108.6829,53.0788],[108.631,53.0802],[108.5791,53.0465],[108.5444,53.0468],[108.5466,53.0776],[108.5063,53.135],[108.5309,53.162],[108.5115,53.1877],[108.4553,53.2001],[108.0875,53.3538]]]},"properties":{"osm_id":195104,"name":"Прибайкальский район","kind":"district","parent":"Бурятия","parent_iso":"RU-BU","label":[108.827,52.6544]}},
{"type":"Feature","geometry":{"type":"Polygon","coordinates":[[[105.347,51.3221],[105.3299,51.2603],[105.3434,51.2485],[105.3381,51.2147],[105.3078,51.1829],[105.3815,51.1569],[105.4267,51.1468],[105.408,51.1052],[105.4208,51.0673],[105.4058,51.054],[105.4112,51.02],[105.3767,50.9992],[105.4154,50.9619],[105.4313,50.9373],[105.5141,50.9196],[105.5592,50.9308],[105.5905,50.9089],[105.6251,50.9223],[105.676,50.9169],[105.7085,50.9015],[105.7501,50.8975],[105.7831,50.8748],[105.7981,50.8496],[105.8618,50.8443],[105.8688,50.8562],[105.9132,50.8544],[105.9582,50.8289],[105.949,50.7959],[105.9769,50.7924],[105.9806,50.768],[105.963,50.7491],[105.9851,50.7278],[106.0261,50.7449],[106.0243,50.7566],[106.0619,50.7894],[106.1096,50.7973],[106.1307,50.7774],[106.2241,50.7766],[106.2659,50.7821],[106.2888,50.7464],[106.2837,50.6934],[106.2959,50.6739],[106.2641,50.6652],[106.2251,50.6225],[106.2269,50.6119],[106.2792,50.6439],[106.3438,50.6629],[106.3615,50.6582],[106.3905,50.6785],[106.4436,50.69],[106.4436,50.7413],[106.5198,50.7515],[106.5787,50.7848],[106.6038,50.7845],[106.6421,50.8004],[106.7197,50.8026],[106.7608,50.7904],[106.8178,50.757],[106.8613,50.756],[106.9258,50.7707],[106.9772,50.8023],[106.9873,50.8347],[107.0237,50.842],[107.0607,50.8708],[107.0284,50.8999],[106.997,50.9116],[106.99,50.9448],[107.0648,50.9404],[107.0748,50.9575],[107.0384,51.0312],[107.0683,51.0521],[107.0461,51.0714],[107.0745,51.0934],[107.0497,51.101],[107.0581,51.1257],[107.0185,51.1522],[107.0076,51.172],[106.9739,51.1663],[106.9023,51.1738],[106.9179,51.1936],[106.898,51.24],[106.9375,51.2785],[106.9879,51.2939],[106.9803,51.3316],[106.9815,51.383],[106.9299,51.3913],[106.8668,51.3583],[106.8412,51.3602],[106.7828,51.3819],[106.8034,51.3997],[106.8379,51.389],[106.8769,51.4042],[106.8909,51.4326],[106.9141,51.4533],[106.924,51.4806],[106.9501,51.4885],[106.9452,51.5199],[106.958,51.5415],[106.912,51.5449],[106.8914,51.5588],[106.8645,51.5458],[106.8258,51.5562],[106.7917,51.578],[106.7622,51.5508],[106.7229,51.5807],[106.6127,51.5506],[106.5389,51.5507],[106.5176,51.5624],[106.4776,51.5569],[106.4632,51.5822],[106.4292,51.5853],[106.4058,51.6076],[106.3489,51.5767],[106.3362,51.562],[106.2916,51.5719],[106.2577,51.5535],[106.244,51.5346],[106.1925,51.5078],[106.2289,51.5031],[106.2413,51.4827],[106.2235,51.4355],[106.2024,51.4189],[106.1745,51.4368],[106.1241,51.4179],[106.0853,51.4379],[106.064,51.4579],[106.0514,51.4906],[106.0149,51.4913],[105.9591,51.4708],[105.9386,51.4746],[105.9277,51.4473],[105.9076,51.4316],[105.9228,51.4178],[105.9103,51.4],[105.9241,51.3791],[105.8456,51.3681],[105.7903,51.3774],[105.7808,51.3655],[105.7271,51.3747],[105.6795,51.3472],[105.5931,51.3343],[105.5159,51.3081],[105.4711,51.2998],[105.3833,51.3341],[105.347,51.3221]]]},"properties":{"osm_id":195014,"name":"Селенгинский район","kind":"district","parent":"Бурятия","parent_iso":"RU-BU","label":[106.1867,51.1097]}},
{"type":"Feature","geometry":{"type":"Polygon","coordinates":[[[105.347,51.3221],[105.3035,51.3163],[105.2783,51.3228],[105.1972,51.2947],[105.0782,51.2864],[105.066,51.2722],[105.0221,51.2533],[104.9599,51.2567],[104.963,51.2432],[104.9319,51.2245],[104.9226,51.1877],[104.8333,51.1623],[104.8251,51.1169],[104.756,51.0963],[104.7319,51.0945],[104.7121,51.0764],[104.6483,51.0643],[104.633,51.0689],[104.597,51.0603],[104.559,51.012],[104.5723,50.9679],[104.5536,50.9558],[104.5613,50.9293],[104.5454,50.912],[104.5657,50.8863],[104.606,50.867],[104.5718,50.8567],[104.5381,50.8318],[104.4638,50.8238],[104.448,50.8166],[104.3992,50.8222],[104.338,50.7996],[104.2775,50.8044],[104.2344,50.795],[104.1489,50.7855],[104.1052,50.7751],[104.0894,50.7441],[104.1489,50.7241],[104.2023,50.7129],[104.2564,50.7077],[104.2861,50.7178],[104.3327,50.7018],[104.3381,50.6859],[104.3856,50.6616],[104.4305,50.6651],[104.4549,50.6297],[104.4534,50.591],[104.4767,50.5656],[104.4755,50.5483],[104.5078,50.5142],[104.5335,50.4552],[104.5472,50.3972],[104.5228,50.3718],[104.5272,50.3576],[104.5048,50.3348],[104.5069,50.3142],[104.5568,50.3069],[104.6088,50.3204],[104.6502,50.3241],[104.6731,50.3592],[104.6992,50.3672],[104.762,50.3405],[104.8117,50.341],[104.8323,50.36],[104.8765,50.3752],[104.8898,50.4078],[104.9652,50.4039],[105.0081,50.3869],[105.1202,50.3899],[105.1742,50.4093],[105.1981,50.4115],[105.2696,50.448],[105.2984,50.4721],[105.3475,50.4761],[105.4022,50.459],[105.4266,50.4442],[105.4787,50.4444],[105.5251,50.458],[105.5727,50.4485],[105.6089,50.4288],[105.6446,50.4355],[105.7051,50.4264],[105.7766,50.4385],[105.8034,50.4333],[105.8442,50.4404],[105.8991,50.4126],[105.9888,50.416],[106.0455,50.402],[106.0728,50.3821],[106.0626,50.4132],[106.0753,50.446],[106.0947,50.4528],[106.1084,50.48],[106.1377,50.5008],[106.1686,50.4966],[106.1757,50.518],[106.2532,50.5211],[106.2344,50.559],[106.2085,50.5816],[106.2269,50.6119],[106.2251,50.6225],[106.2641,50.6652],[106.2959,50.6739],[106.2837,50.6934],[106.2888,50.7464],[106.2659,50.7821],[106.2241,50.7766],[106.1307,50.7774],[106.1096,50.7973],[106.0619,50.7894],[106.0243,50.7566],[106.0261,50.7449],[105.9851,50.7278],[105.963,50.7491],[105.9806,50.768],[105.9769,50.7924],[105.949,50.7959],[105.9582,50.8289],[105.9132,50.8544],[105.8688,50.8562],[105.8618,50.8443],[105.7981,50.8496],[105.7831,50.8748],[105.7501,50.8975],[105.7085,50.9015],[105.676,50.9169],[105.6251,50.9223],[105.5905,50.9089],[105.5592,50.9308],[105.5141,50.9196],[105.4313,50.9373],[105.4154,50.9619],[105.3767,50.9992],[105.4112,51.02],[105.4058,51.054],[105.4208,51.0673],[105.408,51.1052],[105.4267,51.1468],[105.3815,51.1569],[105.3078,51.1829],[105.3381,51.2147],[105.3434,51.2485],[105.3299,51.2603],[105.347,51.3221]]]},"properties":{"osm_id":194457,"name":"Джидинский район","kind":"district","parent":"Бурятия","parent_iso":"RU-BU","label":[105.1925,50.812]}},
{"type":"Feature","geometry":{"type":"Polygon","coordinates":[[[112.4034,50.3465],[112.4199,50.3342],[112.4332,50.2998],[112.4021,50.2999],[112.3847,50.261],[112.3324,50.2274],[112.3295,50.1841],[112.3083,50.1537],[112.3283,50.1232],[112.2905,50.1053],[112.3029,50.0854],[112.2902,50.0719],[112.2922,50.033],[112.445,49.9816],[112.4849,49.9584],[112.4905,49.9446],[112.5384,49.9438],[112.603,49.9331],[112.6334,49.9459],[112.6823,49.9366],[112.6896,49.947],[112.75,49.9455],[112.8225,49.9373],[112.8672,49.9471],[112.9294,49.913],[112.9695,49.909],[113.0016,49.8897],[113.0443,49.8849],[113.0736,49.9035],[113.0916,49.8958],[113.1593,49.9208],[113.1698,49.9392],[113.203,49.9349],[113.2367,49.9086],[113.2478,49.8667],[113.2629,49.8559],[113.3369,49.8869],[113.4739,49.9354],[113.4859,49.9721],[113.6441,49.99],[113.7408,50.0722],[113.8327,50.1032],[113.89,50.1087],[113.98,50.1537],[114.1055,50.2112],[114.1141,50.2422],[114.0938,50.3035],[114.0678,50.3156],[114.0302,50.3084],[114.0147,50.3263],[113.9614,50.3387],[113.9241,50.3626],[113.9106,50.4257],[113.9147,50.45],[113.8831,50.4852],[113.8095,50.5198],[113.753,50.5401],[113.7258,50.5296],[113.707,50.5579],[113.6259,50.5492],[113.5831,50.5383],[113.6131,50.5021],[113.6151,50.4872],[113.5807,50.4733],[113.4976,50.4682],[113.4988,50.4282],[113.478,50.4106],[113.4535,50.4151],[113.3464,50.407],[113.3312,50.425],[113.3758,50.4515],[113.3553,50.475],[113.3456,50.5024],[113.3006,50.5314],[113.3031,50.5891],[113.2462,50.5739],[113.2284,50.5793],[113.1896,50.6203],[113.1449,50.6203],[113.1285,50.6314],[113.0947,50.6212],[113.0801,50.5984],[113.0479,50.6149],[113.0106,50.6198],[112.9593,50.6155],[112.9237,50.6231],[112.8978,50.5992],[112.8369,50.5848],[112.7993,50.6137],[112.739,50.6075],[112.7233,50.6378],[112.6882,50.6811],[112.6438,50.6523],[112.6247,50.6184],[112.6303,50.5843],[112.6149,50.5581],[112.564,50.5218],[112.5036,50.5261],[112.4766,50.5],[112.4605,50.4602],[112.4314,50.441],[112.415,50.3589],[112.4034,50.3465]]]},"properties":{"osm_id":1741188,"name":"Акшинский муниципальный округ","kind":"district","parent":"Забайкальский край","parent_iso":"RU-ZAB","label":[113.1995,50.2685]}},
{"type":"Feature","geometry":{"type":"Polygon","coordinates":[[[118.4101,51.9509],[118.3837,51.9195],[118.3097,51.9095],[118.3137,51.8893],[118.281,51.882],[118.2534,51.8633],[118.2795,51.849],[118.271,51.8213],[118.2526,51.8033],[118.2568,51.7826],[118.2294,51.7789],[118.2104,51.7499],[118.1061,51.6839],[118.0982,51.6587],[118.042,51.649],[117.9869,51.5977],[117.9625,51.5933],[117.9276,51.5699],[117.9172,51.5181],[117.9216,51.4844],[117.9564,51.4755],[117.9698,51.4535],[118.0038,51.4526],[118.0105,51.3968],[117.9666,51.3531],[117.9232,51.3464],[117.9382,51.3172],[117.9636,51.3026],[118.0076,51.3182],[118.0838,51.2973],[118.1141,51.3217],[118.1306,51.3164],[118.1761,51.3253],[118.2179,51.3088],[118.3084,51.2963],[118.3642,51.33],[118.372,51.3739],[118.3973,51.3874],[118.391,51.4054],[118.4511,51.4289],[118.453,51.4464],[118.509,51.4442],[118.5754,51.4549],[118.6233,51.4692],[118.6476,51.4605],[118.6958,51.4047],[118.6717,51.388],[118.731,51.3712],[118.7457,51.333],[118.779,51.3026],[118.8386,51.3377],[118.8759,51.3535],[118.8907,51.3381],[118.9225,51.3453],[118.9303,51.3831],[118.9085,51.4213],[118.911,51.466],[118.9352,51.497],[118.9616,51.5068],[118.9906,51.5381],[118.9398,51.5927],[118.9518,51.61],[118.9935,51.6293],[119.0256,51.6558],[119.0828,51.6713],[119.1278,51.6681],[119.1935,51.6721],[119.1951,51.7076],[119.1716,51.7227],[119.1849,51.7403],[119.2397,51.7785],[119.2851,51.7902],[119.2922,51.8106],[119.3306,51.8166],[119.3901,51.8415],[119.3859,51.8759],[119.408,51.8946],[119.4868,51.8881],[119.5179,51.8967],[119.5472,51.9343],[119.6092,51.9355],[119.6754,51.9631],[119.6677,51.9872],[119.6969,51.9885],[119.7124,51.9475],[119.7404,51.9458],[119.8459,51.9034],[119.8817,51.9238],[119.9334,51.9692],[119.9932,51.9865],[120.017,52.0176],[120.1096,52.0424],[120.1284,52.0825],[120.1836,52.0969],[120.2127,52.1116],[120.217,52.1329],[120.2505,52.1407],[120.2594,52.1689],[120.2428,52.186],[120.2497,52.2434],[120.235,52.265],[120.262,52.2785],[120.2921,52.3198],[120.2784,52.3592],[120.3042,52.3803],[120.3441,52.3964],[120.4005,52.3825],[120.4229,52.3934],[120.4521,52.4256],[120.5162,52.4389],[120.4859,52.4918],[120.5187,52.5108],[120.4512,52.5642],[120.4457,52.5905],[120.4138,52.5939],[120.4014,52.6187],[120.3909,52.6152],[120.282,52.6221],[120.1846,52.577],[120.1196,52.5851],[120.0784,52.5832],[120.0412,52.5977],[120.0268,52.6355],[120.0618,52.7072],[120.0281,52.7587],[120.0266,52.7763],[120.0924,52.7861],[120.1374,52.8127],[120.1815,52.8072],[120.2115,52.8394],[120.2808,52.861],[120.289,52.8922],[120.332,52.8973],[120.3614,52.9429],[120.4059,52.9581],[120.416,52.9778],[120.3605,52.9952],[120.3225,53.0191],[120.3238,53.0664],[120.2797,53.1095],[120.3036,53.154],[120.3329,53.1761],[120.334,53.199],[120.2573,53.1835],[120.238,53.1618],[120.1716,53.136],[120.1361,53.1422],[120.1019,53.1739],[120.0616,53.229],[120.0394,53.2366],[119.9938,53.225],[119.9481,53.2258],[119.9068,53.1988],[119.8546,53.2058],[119.7804,53.1462],[119.7052,53.1214],[119.6791,53.1217],[119.6242,53.1011],[119.6005,53.0792],[119.622,53.0709],[119.5857,53.0464],[119.5638,53.0199],[119.5235,53.0062],[119.5292,52.9843],[119.4863,52.9673],[119.4462,52.9702],[119.4082,52.9392],[119.4187,52.9249],[119.3113,52.8597],[119.2804,52.8159],[119.2284,52.8176],[119.1823,52.7979],[119.1955,52.7818],[119.164,52.7359],[119.197,52.7044],[119.1869,52.681],[119.1153,52.6634],[119.1112,52.6484],[119.1405,52.6312],[119.1883,52.6316],[119.2747,52.5949],[119.3018,52.5717],[119.3427,52.5509],[119.3386,52.5073],[119.3763,52.4662],[119.3992,52.4568],[119.3956,52.4235],[119.4167,52.3945],[119.3834,52.3742],[119.3702,52.3203],[119.3846,52.3001],[119.4155,52.3083],[119.4497,52.2741],[119.4615,52.2502],[119.3766,52.2317],[119.2811,52.2294],[119.2167,52.2331],[119.1261,52.2553],[119.1027,52.2517],[119.0499,52.2604],[118.9661,52.2899],[118.9274,52.295],[118.8904,52.2866],[118.9045,52.2691],[118.8955,52.2487],[118.9281,52.2349],[118.8878,52.1811],[118.8161,52.1573],[118.7594,52.13],[118.7353,52.1365],[118.6957,52.1188],[118.597,52.0982],[118.5856,52.074],[118.4888,52.0556],[118.4673,52.0058],[118.4394,51.9857],[118.4101,51.9509]]]},"properties":{"osm_id":1846001,"name":"Газимуро-Заводский муниципальный округ","kind":"district","parent":"Забайкальский край","parent_iso":"RU-ZAB","label":[119.1927,52.2436]}},
{"type":"Feature","geometry":{"type":"Polygon","coordinates":[[[113.9106,50.4257],[113.9724,50.4441],[114.0273,50.4757],[114.0643,50.4815],[114.1023,50.4767],[114.1554,50.5002],[114.1879,50.4961],[114.2565,50.5174],[114.3089,50.4942],[114.3792,50.4944],[114.3952,50.4821],[114.3529,50.5582],[114.3714,50.5818],[114.3204,50.6898],[114.3115,50.7249],[114.2838,50.7543],[114.2486,50.7689],[114.2035,50.7403],[114.1834,50.7437],[114.1883,50.792],[114.1687,50.8275],[114.1213,50.8274],[114.0841,50.8376],[114.0215,50.8353],[113.9682,50.8271],[113.9576,50.8464],[113.9542,50.8991],[113.958,50.9621],[113.848,51.0035],[113.8276,51.0245],[113.7981,51.0349],[113.7795,51.0548],[113.7569,51.0799],[113.7143,51.0758],[113.5966,51.0839],[113.5043,51.1185],[113.4994,51.1308],[113.456,51.1123],[113.4191,51.1141],[113.3835,51.1279],[113.351,51.102],[113.2982,51.078],[113.273,51.0565],[113.2124,51.0359],[113.1594,51.0087],[113.1105,51.0092],[113.0937,50.9818],[113.025,50.9546],[112.9243,50.9994],[112.9145,51.0404],[112.8938,51.0538],[112.8986,51.0784],[112.8778,51.1055],[112.8804,51.1594],[112.8624,51.1713],[112.8061,51.172],[112.7742,51.1624],[112.7327,51.1846],[112.683,51.1791],[112.6448,51.1835],[112.6501,51.1602],[112.6223,51.1222],[112.5971,51.1157],[112.5655,51.0632],[112.521,51.0484],[112.4744,51.0414],[112.4228,50.991],[112.3935,50.9444],[112.3568,50.9262],[112.3752,50.905],[112.3414,50.8788],[112.3667,50.8678],[112.4131,50.8287],[112.4279,50.8083],[112.5039,50.784],[112.5583,50.8132],[112.5877,50.8044],[112.6018,50.7786],[112.6303,50.7751],[112.6761,50.7867],[112.742,50.7634],[112.7265,50.7407],[112.7224,50.6996],[112.6882,50.6811],[112.7233,50.6378],[112.739,50.6075],[112.7993,50.6137],[112.8369,50.5848],[112.8978,50.5992],[112.9237,50.6231],[112.9593,50.6155],[113.0106,50.6198],[113.0479,50.6149],[113.0801,50.5984],[113.0947,50.6212],[113.1285,50.6314],[113.1449,50.6203],[113.1896,50.6203],[113.2284,50.5793],[113.2462,50.5739],[113.3031,50.5891],[113.3006,50.5314],[113.3456,50.5024],[113.3553,50.475],[113.3758,50.4515],[113.3312,50.425],[113.3464,50.407],[113.4535,50.4151],[113.478,50.4106],[113.4988,50.4282],[113.4976,50.4682],[113.5807,50.4733],[113.6151,50.4872],[113.6131,50.5021],[113.5831,50.5383],[113.6259,50.5492],[113.707,50.5579],[113.7258,50.5296],[113.753,50.5401],[113.8095,50.5198],[113.8831,50.4852],[113.9147,50.45],[113.9106,50.4257]]]},"properties":{"osm_id":919867,"name":"Дульдургинский муниципальный округ","kind":"district","parent":"Забайкальский край","parent_iso":"RU-ZAB","label":[113.3683,50.7914]}},
{"type":"Feature","geometry":{"type":"Polygon","coordinates":[[[115.9214,55.4223],[115.9605,55.4467],[115.9313,55.4692],[115.9033,55.4741],[115.878,55.4947],[115.8747,55.5364],[115.9159,55.5738],[115.876,55.6045],[115.8973,55.6272],[115.9,55.6624],[115.8302,55.6775],[115.8333,55.6901],[115.8412,55.7224],[115.8615,55.7336],[115.8414,55.7601],[115.8305,55.7946],[115.8354,55.8549],[115.8756,55.8719],[115.9052,55.9271],[115.8806,55.9458],[115.7794,55.9865],[115.78,56.03],[115.7495,56.0593],[115.7864,56.0773],[115.7562,56.1164],[115.7578,56.1336],[115.8166,56.1338],[115.8209,56.1648],[115.7659,56.1773],[115.7568,56.198],[115.693,56.2715],[115.6745,56.2806],[115.676,56.3304],[115.6939,56.3375],[115.675,56.4058],[115.7151,56.4284],[115.7641,56.4076],[115.8018,56.4096],[115.7998,56.4395],[115.7571,56.4642],[115.6985,56.4857],[115.6738,56.5138],[115.6871,56.5657],[115.6492,56.5777],[115.5717,56.5785],[115.5194,56.5735],[115.4273,56.5922],[115.412,56.6061],[115.4314,56.6445],[115.4523,56.6658],[115.5577,56.6943],[115.5933,56.7268],[115.5853,56.7507],[115.6142,56.7719],[115.5864,56.8252],[115.585,56.8788],[115.6142,56.8923],[115.6359,56.918],[115.7075,56.9362],[115.7297,56.9622],[115.7493,56.9787],[115.8222,57.0024],[115.9007,57.0142],[115.9241,57.0298],[115.9737,57.033],[116.0664,57.0572],[116.1061,57.0991],[116.1414,57.1107],[116.1823,57.1042],[116.2528,57.1227],[116.2519,57.1388],[116.177,57.1897],[116.1772,57.2169],[116.1539,57.2304],[116.0731,57.2427],[116.0283,57.2228],[115.9591,57.2499],[115.9157,57.2284],[115.845,57.2483],[115.8137,57.2133],[115.759,57.2069],[115.7667,57.1864],[115.7444,57.1648],[115.7122,57.1627],[115.6691,57.1348],[115.5999,57.1363],[115.5391,57.1081],[115.5262,57.1136],[115.3954,57.1069],[115.329,57.0959],[115.282,57.1051],[115.2543,57.1191],[115.2158,57.1182],[115.1994,57.1052],[115.1583,57.1168],[115.1008,57.1073],[115.0685,57.1116],[115.0374,57.0773],[115.0554,57.0679],[115.0238,57.0465],[114.9898,57.0382],[115.0218,57.018],[115.0728,57.0055],[115.0841,56.982],[115.0068,56.9712],[114.9873,56.9411],[114.9148,56.9118],[114.9323,56.8922],[114.9147,56.8686],[114.8803,56.8549],[114.829,56.8169],[114.8399,56.7616],[114.8178,56.7315],[114.7894,56.7243],[114.7946,56.7052],[114.6383,56.6957],[114.6234,56.6765],[114.5908,56.6759],[114.5486,56.6966],[114.4923,56.69],[114.4883,56.6672],[114.4225,56.6432],[114.4049,56.6683],[114.3818,56.6763],[114.3187,56.6801],[114.2779,56.6912],[114.2314,56.6753],[114.1524,56.6971],[114.1223,56.6724],[114.0964,56.6234],[114.0724,56.606],[114.0201,56.5997],[113.9671,56.5753],[113.9984,56.5594],[113.9221,56.5413],[113.858,56.5187],[113.8295,56.5276],[113.7926,56.6106],[113.6909,56.6245],[113.6604,56.6396],[113.6195,56.643],[113.5892,56.6653],[113.5004,56.673],[113.4858,56.6897],[113.4277,56.6452],[113.385,56.6521],[113.3651,56.626],[113.3251,56.632],[113.3002,56.6241],[113.3035,56.6026],[113.2683,56.5997],[113.2108,56.5827],[113.2056,56.5418],[113.1851,56.5164],[113.1031,56.4702],[113.0457,56.4776],[112.9909,56.4684],[112.8491,56.4259],[112.8474,56.3781],[112.8373,56.3576],[112.801,56.3315],[112.8281,56.292],[112.8602,56.2656],[112.889,56.2182],[112.9294,56.1778],[112.9396,56.1336],[112.9684,56.0889],[112.9466,56.0487],[112.9857,56.0454],[113.043,55.995],[113.0054,55.9279],[112.9418,55.9241],[112.9351,55.9011],[112.9053,55.9025],[112.8579,55.8857],[112.8409,55.9017],[112.8043,55.9112],[112.7746,55.9067],[112.73,55.8863],[112.6225,55.8787],[112.5738,55.8527],[112.5418,55.8266],[112.5303,55.8012],[112.4876,55.7824],[112.4694,55.7503],[112.4676,55.7161],[112.4552,55.6948],[112.4064,55.6583],[112.4369,55.6295],[112.4213,55.6055],[112.4644,55.5864],[112.4909,55.5612],[112.5261,55.568],[112.5668,55.5043],[112.5951,55.4904],[112.6243,55.4949],[112.6366,55.463],[112.662,55.4438],[112.6973,55.4334],[112.7221,55.4144],[112.7182,55.3987],[112.7591,55.3657],[112.7536,55.3425],[112.885,55.3383],[112.9389,55.3446],[112.9614,55.3576],[112.9437,55.3784],[112.9454,55.4078],[112.9669,55.4457],[112.953,55.4697],[113.0444,55.5258],[113.0807,55.4937],[113.1536,55.5107],[113.1596,55.5221],[113.2056,55.5385],[113.2417,55.5286],[113.289,55.5567],[113.2893,55.6167],[113.338,55.6187],[113.364,55.6381],[113.394,55.6313],[113.423,55.6458],[113.4082,55.682],[113.4554,55.7164],[113.5039,55.7272],[113.5214,55.745],[113.6014,55.7592],[113.6247,55.7714],[113.6591,55.7622],[113.7044,55.7971],[113.7466,55.794],[113.7873,55.8203],[113.7755,55.8445],[113.8616,55.8627],[113.9152,55.8613],[113.9264,55.831],[114.0169,55.8112],[114.0938,55.7862],[114.1455,55.7811],[114.1914,55.7976],[114.2257,55.7998],[114.262,55.7892],[114.3246,55.7812],[114.3551,55.7902],[114.3952,55.7666],[114.4642,55.7714],[114.4663,55.7491],[114.4936,55.7281],[114.5536,55.7229],[114.5666,55.6963],[114.5461,55.6718],[114.5546,55.6475],[114.6018,55.6061],[114.6545,55.5984],[114.8126,55.6049],[114.8125,55.6152],[114.8786,55.612],[114.8814,55.5889],[114.8605,55.56],[114.8801,55.5242],[114.8576,55.4984],[114.817,55.4881],[114.8432,55.4537],[114.8155,55.4289],[114.8106,55.3921],[114.8205,55.3771],[114.8815,55.348],[114.9128,55.3546],[114.9516,55.3339],[114.953,55.3105],[114.9878,55.2939],[114.966,55.278],[114.9688,55.2576],[115.0001,55.2385],[115.0682,55.2403],[115.0844,55.2327],[115.1375,55.238],[115.1668,55.2544],[115.1893,55.2508],[115.2965,55.2796],[115.2952,55.2973],[115.3635,55.3085],[115.3973,55.3401],[115.4388,55.3525],[115.4903,55.3578],[115.5138,55.3752],[115.5473,55.3719],[115.6061,55.3971],[115.6568,55.3811],[115.6819,55.3899],[115.74,55.3736],[115.8515,55.4068],[115.9214,55.4223]]]},"properties":{"osm_id":194766,"name":"Муйский муниципальный округ","kind":"district","parent":"Бурятия","parent_iso":"RU-BU","label":[114.3295,56.2413]}},
{"type":"Feature","geometry":{"type":"Polygon","coordinates":[[[117.9382,51.3172],[117.9271,51.2776],[117.8802,51.268],[117.8409,51.27],[117.7951,51.2601],[117.6952,51.2669],[117.6298,51.2519],[117.5897,51.2838],[117.5247,51.2703],[117.4962,51.2753],[117.4281,51.2512],[117.4334,51.231],[117.403,51.2213],[117.3937,51.1994],[117.3285,51.1532],[117.1946,51.127],[117.1561,51.1077],[117.1017,51.0669],[117.0883,51.0387],[117.0942,51.0209],[117.159,51.0141],[117.1583,51],[117.2311,50.9505],[117.2517,50.9209],[117.1949,50.8923],[117.2234,50.8565],[117.2138,50.8418],[117.2936,50.8348],[117.3779,50.7983],[117.4125,50.788],[117.4069,50.7657],[117.4542,50.7621],[117.5151,50.806],[117.5255,50.7987],[117.5251,50.7623],[117.5607,50.7428],[117.6727,50.76],[117.7239,50.73],[117.6466,50.7038],[117.6518,50.6488],[117.6849,50.6298],[117.7402,50.6239],[117.7696,50.6002],[117.7789,50.5543],[117.7349,50.5293],[117.6612,50.5229],[117.6589,50.5075],[117.6946,50.4862],[117.6906,50.4467],[117.7026,50.434],[117.7383,50.4352],[117.8141,50.4496],[117.8232,50.414],[117.8789,50.4331],[117.9536,50.4499],[118.0634,50.5049],[118.1643,50.5034],[118.2007,50.493],[118.2164,50.5087],[118.2128,50.5284],[118.251,50.6152],[118.2733,50.6335],[118.3043,50.6391],[118.315,50.6615],[118.354,50.6708],[118.3842,50.6542],[118.4143,50.6199],[118.4452,50.6452],[118.468,50.6945],[118.4915,50.7198],[118.4817,50.742],[118.5115,50.7657],[118.4981,50.7995],[118.4893,50.8737],[118.425,50.946],[118.4407,50.965],[118.3999,51.0073],[118.434,51.0148],[118.4948,51.0095],[118.5122,51.0365],[118.5936,51.0551],[118.5928,51.0699],[118.5651,51.1149],[118.6024,51.1329],[118.6315,51.1598],[118.6404,51.1835],[118.6942,51.202],[118.6871,51.2246],[118.7214,51.2485],[118.7107,51.263],[118.7478,51.2948],[118.779,51.3026],[118.7457,51.333],[118.731,51.3712],[118.6717,51.388],[118.6958,51.4047],[118.6476,51.4605],[118.6233,51.4692],[118.5754,51.4549],[118.509,51.4442],[118.453,51.4464],[118.4511,51.4289],[118.391,51.4054],[118.3973,51.3874],[118.372,51.3739],[118.3642,51.33],[118.3084,51.2963],[118.2179,51.3088],[118.1761,51.3253],[118.1306,51.3164],[118.1141,51.3217],[118.0838,51.2973],[118.0076,51.3182],[117.9636,51.3026],[117.9382,51.3172]]]},"properties":{"osm_id":1758042,"name":"Александрово-Заводский муниципальный округ","kind":"district","parent":"Забайкальский край","parent_iso":"RU-ZAB","label":[117.9336,50.9416]}},
{"type":"Feature","geometry":{"type":"Polygon","coordinates":[[[117.403,51.2213],[117.3745,51.2513],[117.3633,51.2759],[117.3127,51.293],[117.3025,51.3135],[117.247,51.3446],[117.2581,51.3673],[117.3158,51.3961],[117.3545,51.3982],[117.3793,51.4183],[117.3775,51.4333],[117.4013,51.4758],[117.3841,51.5072],[117.3939,51.5219],[117.382,51.5529],[117.3389,51.5574],[117.3194,51.5776],[117.2871,51.5832],[117.2428,51.6773],[117.285,51.7054],[117.2706,51.7223],[117.2809,51.7685],[117.2929,51.7832],[117.3501,51.7961],[117.3573,51.8099],[117.3337,51.8285],[117.2868,51.8852],[117.2678,51.9354],[117.2508,51.9257],[117.1852,51.9257],[117.1235,51.9043],[117.0445,51.9024],[117.0238,51.8822],[116.9902,51.8774],[116.9578,51.8558],[116.908,51.8507],[116.901,51.8376],[116.8514,51.8056],[116.7779,51.793],[116.7222,51.7908],[116.6928,51.7729],[116.6515,51.7699],[116.6767,51.7476],[116.6836,51.7099],[116.6097,51.6808],[116.6047,51.6483],[116.5573,51.637],[116.5035,51.6087],[116.4701,51.6259],[116.4171,51.618],[116.3441,51.6327],[116.321,51.6127],[116.3179,51.5793],[116.2993,51.5813],[116.256,51.5594],[116.2301,51.5277],[116.1873,51.5166],[116.1369,51.5365],[116.0871,51.5046],[116.0612,51.4798],[116.0333,51.473],[116.0371,51.4487],[116.079,51.4205],[116.0547,51.4027],[116.0547,51.3663],[116.0009,51.3442],[116.0545,51.2872],[116.0993,51.2995],[116.1206,51.2744],[116.0968,51.2388],[116.1635,51.2336],[116.1508,51.276],[116.1876,51.2991],[116.2464,51.2953],[116.2456,51.3376],[116.3546,51.357],[116.4061,51.375],[116.4495,51.3529],[116.5963,51.3499],[116.6208,51.3701],[116.6582,51.3543],[116.6969,51.3616],[116.7659,51.3459],[116.8824,51.2839],[116.7762,51.1971],[116.7838,51.1608],[116.761,51.1342],[116.7653,51.1017],[116.7944,51.0867],[116.7854,51.0713],[116.8094,51.0519],[116.8133,51.0209],[116.8004,51.001],[116.8214,50.9579],[116.8632,50.9699],[116.8823,50.9932],[116.9265,51.0016],[116.918,51.0705],[117.0701,51.111],[117.1561,51.1077],[117.1946,51.127],[117.3285,51.1532],[117.3937,51.1994],[117.403,51.2213]]]},"properties":{"osm_id":1754924,"name":"Балейский муниципальный округ","kind":"district","parent":"Забайкальский край","parent_iso":"RU-ZAB","label":[116.6995,51.4467]}},
{"type":"Feature","geometry":{"type":"Polygon","coordinates":[[[117.1561,51.1077],[117.0701,51.111],[116.918,51.0705],[116.9265,51.0016],[116.8823,50.9932],[116.8632,50.9699],[116.8214,50.9579],[116.7653,50.8484],[116.7927,50.816],[116.7858,50.7954],[116.757,50.771],[116.7657,50.7513],[116.6737,50.758],[116.5888,50.7269],[116.5549,50.6606],[116.4528,50.6434],[116.4344,50.62],[116.3792,50.5986],[116.3417,50.6023],[116.2568,50.5955],[116.2157,50.565],[116.1678,50.5554],[116.1055,50.5636],[116.0442,50.5328],[116.0137,50.5156],[116.0143,50.4544],[115.9226,50.4249],[115.8797,50.4253],[115.839,50.4171],[115.84,50.3866],[115.8012,50.3833],[115.8064,50.3523],[115.8506,50.3262],[115.8576,50.2975],[115.8967,50.2958],[115.8929,50.1936],[115.8974,50.1421],[115.8755,50.134],[115.6779,50.0911],[115.6624,50.0753],[115.6011,50.0741],[115.4713,49.9203],[115.5406,49.905],[115.5871,49.9068],[115.6738,49.8858],[115.7427,49.8858],[115.8148,49.9106],[115.8301,49.921],[115.9766,49.9703],[116.0688,50.0105],[116.1269,50.0236],[116.2375,50.0363],[116.2242,50.0599],[116.259,50.0706],[116.3415,50.0686],[116.4303,50.0804],[116.5012,50.1842],[116.5746,50.1716],[116.6219,50.1856],[116.6754,50.1837],[116.6849,50.167],[116.723,50.1781],[116.776,50.1848],[116.7766,50.11],[116.8621,50.1402],[117.0013,50.1506],[117.0468,50.1571],[117.0423,50.1709],[117.0583,50.206],[117.0894,50.2447],[117.1419,50.2131],[117.182,50.2274],[117.2081,50.2193],[117.271,50.2377],[117.3017,50.2357],[117.3719,50.291],[117.4394,50.3394],[117.3939,50.3639],[117.3738,50.3885],[117.4106,50.4166],[117.4682,50.4508],[117.5849,50.4368],[117.5893,50.4279],[117.652,50.4471],[117.6906,50.4467],[117.6946,50.4862],[117.6589,50.5075],[117.6612,50.5229],[117.7349,50.5293],[117.7789,50.5543],[117.7696,50.6002],[117.7402,50.6239],[117.6849,50.6298],[117.6518,50.6488],[117.6466,50.7038],[117.7239,50.73],[117.6727,50.76],[117.5607,50.7428],[117.5251,50.7623],[117.5255,50.7987],[117.5151,50.806],[117.4542,50.7621],[117.4069,50.7657],[117.4125,50.788],[117.3779,50.7983],[117.2936,50.8348],[117.2138,50.8418],[117.2234,50.8565],[117.1949,50.8923],[117.2517,50.9209],[117.2311,50.9505],[117.1583,51],[117.159,51.0141],[117.0942,51.0209],[117.0883,51.0387],[117.1017,51.0669],[117.1561,51.1077]]]},"properties":{"osm_id":2204623,"name":"Борзинский муниципальный округ","kind":"district","parent":"Забайкальский край","parent_iso":"RU-ZAB","label":[116.6251,50.4982]}},
{"type":"Feature","geometry":{"type":"Polygon","coordinates":[[[112.6882,50.6811],[112.7224,50.6996],[112.7265,50.7407],[112.742,50.7634],[112.6761,50.7867],[112.6303,50.7751],[112.6018,50.7786],[112.5877,50.8044],[112.5583,50.8132],[112.5039,50.784],[112.4279,50.8083],[112.4131,50.8287],[112.3667,50.8678],[112.3414,50.8788],[112.3752,50.905],[112.3568,50.9262],[112.3935,50.9444],[112.4228,50.991],[112.4744,51.0414],[112.521,51.0484],[112.5655,51.0632],[112.5971,51.1157],[112.6223,51.1222],[112.6501,51.1602],[112.6448,51.1835],[112.683,51.1791],[112.7327,51.1846],[112.7742,51.1624],[112.8061,51.172],[112.8624,51.1713],[112.8852,51.1834],[112.9272,51.177],[112.9582,51.1963],[112.9879,51.1848],[113.0196,51.2169],[113.019,51.2413],[113.0651,51.2561],[113.0981,51.287],[113.1334,51.3409],[113.164,51.3508],[113.1888,51.4062],[113.2181,51.4424],[113.2529,51.5014],[113.2392,51.5206],[113.2768,51.6366],[113.2276,51.6763],[113.1905,51.6683],[113.0981,51.6701],[113.0632,51.6772],[112.985,51.6702],[112.9517,51.6727],[112.8809,51.6932],[112.8634,51.6891],[112.8221,51.7093],[112.7625,51.7084],[112.7384,51.7212],[112.6997,51.6983],[112.6345,51.6861],[112.6376,51.666],[112.584,51.6581],[112.5686,51.6096],[112.5292,51.5891],[112.4458,51.5896],[112.3629,51.5803],[112.3394,51.5899],[112.2812,51.5533],[112.2609,51.556],[112.2322,51.5335],[112.1997,51.5339],[112.1916,51.5089],[112.1223,51.5065],[112.1215,51.4951],[112.0318,51.4641],[111.9742,51.426],[111.9323,51.433],[111.9084,51.4176],[111.9021,51.3885],[111.8805,51.3908],[111.8002,51.3493],[111.7647,51.3409],[111.7601,51.3164],[111.7091,51.3045],[111.6954,51.2807],[111.6682,51.2772],[111.6283,51.2359],[111.6159,51.2413],[111.5514,51.2227],[111.5371,51.2068],[111.4462,51.1788],[111.3347,51.1852],[111.2812,51.1775],[111.2586,51.1492],[111.1816,51.1096],[111.1577,51.1125],[111.1316,51.0935],[111.0882,51.0809],[111.0064,51.0895],[111.0369,51.0493],[111.0102,51.016],[110.9914,50.9667],[110.9711,50.957],[110.9579,50.9294],[110.9729,50.9152],[110.9536,50.8566],[110.9343,50.8442],[110.9574,50.8298],[110.9048,50.7932],[110.9188,50.7861],[110.9033,50.7546],[110.9386,50.7262],[110.9808,50.7018],[111.0473,50.7106],[111.1186,50.7103],[111.1483,50.7009],[111.1243,50.6518],[111.1293,50.6293],[111.1082,50.6111],[111.1186,50.5572],[111.0968,50.5054],[111.1062,50.491],[111.0793,50.461],[111.0948,50.4239],[111.1252,50.4086],[111.142,50.3846],[111.141,50.3423],[111.1001,50.2775],[110.9612,50.2502],[110.9738,50.2213],[110.9452,50.1795],[110.9353,50.1513],[110.956,50.1254],[110.9331,50.0896],[110.9602,50.0682],[110.9726,50.0237],[110.9988,50.0077],[110.9995,49.9795],[111.0389,49.9744],[111.0454,49.9405],[111.059,49.9205],[111.001,49.893],[110.9225,49.8999],[110.9374,49.8567],[110.9141,49.8414],[110.9247,49.7623],[110.9785,49.7457],[110.9739,49.7293],[110.9981,49.7162],[111.036,49.7105],[111.1157,49.7275],[111.1323,49.7611],[111.1549,49.7789],[111.1364,49.798],[111.1735,49.8023],[111.2132,49.82],[111.2139,49.8385],[111.268,49.8781],[111.2499,49.894],[111.247,49.9169],[111.2639,49.9647],[111.2902,50.0003],[111.2894,50.0277],[111.3623,50.0395],[111.4018,50.065],[111.3807,50.1086],[111.402,50.1178],[111.3944,50.1445],[111.4434,50.1802],[111.5246,50.1985],[111.5195,50.2337],[111.5573,50.2294],[111.6117,50.2425],[111.6225,50.2552],[111.6622,50.2687],[111.6757,50.2554],[111.7112,50.256],[111.7359,50.2289],[111.7719,50.2263],[111.8061,50.2089],[111.8411,50.2346],[111.8374,50.2559],[111.8608,50.2638],[111.8915,50.3253],[111.9541,50.3256],[112.0002,50.344],[112.0356,50.3454],[112.0585,50.3705],[112.1268,50.3768],[112.1692,50.3712],[112.2096,50.3825],[112.2506,50.3655],[112.3064,50.3684],[112.3208,50.3454],[112.3447,50.3382],[112.4034,50.3465],[112.415,50.3589],[112.4314,50.441],[112.4605,50.4602],[112.4766,50.5],[112.5036,50.5261],[112.564,50.5218],[112.6149,50.5581],[112.6303,50.5843],[112.6247,50.6184],[112.6438,50.6523],[112.6882,50.6811]],[[113.0157,51.5573],[113.0381,51.5663],[113.046,51.5481],[113.0307,51.5446],[113.0157,51.5573]]]},"properties":{"osm_id":1754047,"name":"Улётовский муниципальный округ","kind":"district","parent":"Забайкальский край","parent_iso":"RU-ZAB","label":[112.0886,50.7158]}},
{"type":"Feature","geometry":{"type":"Polygon","coordinates":[[[111.7552,52.0329],[111.7354,52.0194],[111.7325,51.9976],[111.7119,51.9759],[111.667,51.9761],[111.6,51.9309],[111.5151,51.9136],[111.4599,51.8705],[111.4034,51.8681],[111.3474,51.8777],[111.3149,51.8698],[111.2883,51.8394],[111.2071,51.8226],[111.1485,51.833],[111.1123,51.8138],[111.0158,51.7919],[111.0294,51.7734],[111.0155,51.7372],[111.0004,51.7245],[110.9322,51.7197],[110.8781,51.6794],[110.8416,51.6751],[110.8355,51.6499],[110.8626,51.6413],[110.8722,51.6159],[110.8496,51.5892],[110.8107,51.5909],[110.7759,51.5812],[110.7751,51.5654],[110.7513,51.5435],[110.7125,51.5405],[110.7105,51.5166],[110.6633,51.5098],[110.6165,51.5164],[110.5982,51.501],[110.5219,51.5026],[110.4971,51.5219],[110.4705,51.5142],[110.4281,51.5223],[110.3932,51.5658],[110.3939,51.5879],[110.3519,51.5843],[110.2843,51.6024],[110.2461,51.5966],[110.2194,51.6027],[110.1834,51.5958],[110.1542,51.61],[110.1103,51.5998],[110.0588,51.6213],[110,51.6116],[109.9607,51.6111],[109.9497,51.587],[109.9141,51.5721],[109.8342,51.553],[109.7949,51.5178],[109.7512,51.5027],[109.7237,51.5028],[109.693,51.4768],[109.6424,51.4654],[109.6239,51.4516],[109.6207,51.4343],[109.6398,51.4071],[109.6283,51.3707],[109.6419,51.3462],[109.6276,51.3285],[109.5817,51.3035],[109.5974,51.2767],[109.5332,51.2552],[109.5034,51.2283],[109.4562,51.2268],[109.4419,51.2534],[109.3995,51.2337],[109.3979,51.2239],[109.3291,51.2022],[109.362,51.1914],[109.4156,51.1549],[109.4301,51.1378],[109.4607,51.1313],[109.4938,51.0644],[109.5289,51.0485],[109.528,51.0294],[109.5817,51.0133],[109.6067,51.0142],[109.6401,51.038],[109.6735,51.0422],[109.6857,51.0577],[109.7218,51.0581],[109.7482,51.1055],[109.817,51.1177],[109.8229,51.1357],[109.8646,51.1352],[109.8822,51.1453],[109.9179,51.1355],[109.9774,51.1311],[110.048,51.1443],[110.0712,51.1228],[110.0726,51.0761],[110.0598,51.0475],[110.0847,51.0127],[110.0779,50.9663],[110.0588,50.9532],[110.0602,50.9289],[110.0888,50.8984],[110.0715,50.8607],[110.0719,50.7991],[110.0188,50.7632],[110.0023,50.7391],[110.0562,50.7252],[110.0806,50.7418],[110.1172,50.7418],[110.1851,50.7236],[110.2483,50.7191],[110.3234,50.7441],[110.3205,50.7611],[110.3696,50.7739],[110.4333,50.7595],[110.4807,50.7702],[110.5299,50.7684],[110.5687,50.7859],[110.6197,50.7868],[110.6376,50.7988],[110.6718,50.7938],[110.759,50.8024],[110.8093,50.789],[110.883,50.7839],[110.9048,50.7932],[110.9574,50.8298],[110.9343,50.8442],[110.9536,50.8566],[110.9729,50.9152],[110.9579,50.9294],[110.9711,50.957],[110.9914,50.9667],[111.0102,51.016],[111.0369,51.0493],[111.0064,51.0895],[111.0882,51.0809],[111.1316,51.0935],[111.1577,51.1125],[111.1816,51.1096],[111.2586,51.1492],[111.2812,51.1775],[111.3347,51.1852],[111.4462,51.1788],[111.5371,51.2068],[111.5514,51.2227],[111.6159,51.2413],[111.6283,51.2359],[111.6682,51.2772],[111.6954,51.2807],[111.7091,51.3045],[111.7601,51.3164],[111.7647,51.3409],[111.8002,51.3493],[111.8805,51.3908],[111.9021,51.3885],[111.9084,51.4176],[111.9323,51.433],[111.9742,51.426],[112.0318,51.4641],[112.1215,51.4951],[112.1223,51.5065],[112.1916,51.5089],[112.1997,51.5339],[112.2322,51.5335],[112.2609,51.556],[112.2812,51.5533],[112.3394,51.5899],[112.3531,51.6092],[112.3541,51.6399],[112.298,51.6757],[112.2685,51.7097],[112.2035,51.7455],[112.205,51.7851],[112.1926,51.8071],[112.1658,51.8233],[112.1905,51.8475],[112.26,51.865],[112.2679,51.8972],[112.2446,51.9239],[112.2575,51.9482],[112.29,51.9322],[112.3083,51.9653],[112.3342,51.983],[112.3312,51.9967],[112.3611,52.0213],[112.3225,52.0338],[112.323,52.0861],[112.3438,52.1098],[112.3596,52.1808],[112.3826,52.2015],[112.3608,52.2198],[112.3356,52.2203],[112.3056,52.2452],[112.2397,52.2362],[112.1938,52.2509],[112.1906,52.2856],[112.1769,52.3037],[112.1405,52.2902],[112.0736,52.2847],[112.0463,52.2619],[112.0455,52.2378],[112.0163,52.2297],[112.0084,52.2087],[111.9346,52.1974],[111.9332,52.1632],[111.8882,52.1417],[111.8946,52.119],[111.8329,52.1088],[111.8048,52.0738],[111.7725,52.0669],[111.7552,52.0329]]]},"properties":{"osm_id":1754048,"name":"Хилокский муниципальный округ","kind":"district","parent":"Забайкальский край","parent_iso":"RU-ZAB","label":[110.8462,51.5121]}},
{"type":"Feature","geometry":{"type":"Polygon","coordinates":[[[110.4832,52.0528],[110.4215,52.0402],[110.3877,52.0092],[110.3867,51.9971],[110.3494,51.9829],[110.2947,51.9765],[110.2612,51.9836],[110.303,52.012],[110.2931,52.0418],[110.2272,52.0209],[110.2216,52.0074],[110.1695,51.9901],[110.1514,52.0009],[110.0875,52.017],[110.0308,52.0177],[110.0174,51.9904],[109.9387,51.9831],[109.8637,51.9967],[109.8252,52.0207],[109.7893,52.0692],[109.7929,52.0914],[109.676,52.0675],[109.6644,52.0501],[109.6259,52.049],[109.5955,52.0365],[109.5662,52.0373],[109.5668,52.0008],[109.5252,51.9871],[109.527,51.9612],[109.5121,51.9479],[109.5134,51.9175],[109.4926,51.9017],[109.4298,51.8785],[109.3655,51.8741],[109.3783,51.7978],[109.4103,51.7836],[109.4133,51.7594],[109.3765,51.7025],[109.4045,51.6917],[109.3762,51.6524],[109.3473,51.6467],[109.2928,51.6201],[109.2815,51.5954],[109.1985,51.5788],[109.1603,51.5554],[109.0766,51.5376],[109.0611,51.5179],[109.0866,51.4842],[109.1068,51.4824],[109.126,51.4591],[109.1191,51.432],[109.1537,51.4098],[109.1809,51.4042],[109.2114,51.3747],[109.2442,51.3697],[109.3387,51.3949],[109.3801,51.3583],[109.402,51.3703],[109.3823,51.3857],[109.4344,51.4252],[109.4807,51.4399],[109.5777,51.4531],[109.6239,51.4516],[109.6424,51.4654],[109.693,51.4768],[109.7237,51.5028],[109.7512,51.5027],[109.7949,51.5178],[109.8342,51.553],[109.9141,51.5721],[109.9497,51.587],[109.9607,51.6111],[110,51.6116],[110.0588,51.6213],[110.1103,51.5998],[110.1542,51.61],[110.1834,51.5958],[110.2194,51.6027],[110.2461,51.5966],[110.2843,51.6024],[110.3519,51.5843],[110.3939,51.5879],[110.3932,51.5658],[110.4281,51.5223],[110.4705,51.5142],[110.4971,51.5219],[110.5219,51.5026],[110.5982,51.501],[110.6165,51.5164],[110.6633,51.5098],[110.7105,51.5166],[110.7125,51.5405],[110.7513,51.5435],[110.7751,51.5654],[110.7759,51.5812],[110.8107,51.5909],[110.8496,51.5892],[110.8722,51.6159],[110.8626,51.6413],[110.8355,51.6499],[110.8416,51.6751],[110.8781,51.6794],[110.9322,51.7197],[111.0004,51.7245],[111.0155,51.7372],[111.0294,51.7734],[111.0158,51.7919],[111.1123,51.8138],[111.1485,51.833],[111.2071,51.8226],[111.2883,51.8394],[111.3149,51.8698],[111.3474,51.8777],[111.4034,51.8681],[111.4599,51.8705],[111.5151,51.9136],[111.6,51.9309],[111.667,51.9761],[111.7119,51.9759],[111.7325,51.9976],[111.7354,52.0194],[111.7552,52.0329],[111.6944,52.0597],[111.6761,52.0837],[111.6161,52.0658],[111.5614,52.104],[111.5154,52.0934],[111.4874,52.1021],[111.4752,52.1245],[111.42,52.0933],[111.4017,52.1128],[111.3753,52.1139],[111.3111,52.0895],[111.265,52.1183],[111.2815,52.1367],[111.2558,52.1553],[111.1735,52.1276],[111.1635,52.1403],[111.058,52.109],[111.037,52.1476],[111.0025,52.1792],[110.9091,52.1452],[110.8433,52.1271],[110.7654,52.0805],[110.7305,52.0778],[110.7106,52.0567],[110.6762,52.0772],[110.5797,52.0672],[110.4895,52.0465],[110.4832,52.0528]]]},"properties":{"osm_id":194849,"name":"Кижингинский район","kind":"district","parent":"Бурятия","parent_iso":"RU-BU","label":[110.4082,51.7731]}},
{"type":"Feature","geometry":{"type":"Polygon","coordinates":[[[118.2578,55.2019],[118.2093,55.2072],[118.2141,55.2389],[118.1986,55.2518],[118.1057,55.2541],[118.0834,55.2895],[118.0989,55.3044],[118.0738,55.3257],[118.0314,55.3127],[117.9808,55.3303],[117.9618,55.3621],[117.8838,55.4186],[117.883,55.4365],[117.9027,55.4692],[117.9327,55.5002],[117.9381,55.5227],[117.8468,55.5404],[117.8073,55.5185],[117.7529,55.5076],[117.6679,55.5107],[117.6279,55.4765],[117.5944,55.4635],[117.573,55.4842],[117.5391,55.4976],[117.4969,55.5477],[117.4244,55.5437],[117.34,55.5333],[117.304,55.5053],[117.234,55.5159],[117.18,55.5088],[117.1415,55.4948],[117.1039,55.5056],[117.1078,55.5387],[117.1554,55.5853],[117.1275,55.5988],[117.118,55.6255],[117.0692,55.6567],[117.0795,55.7082],[117.0641,55.7176],[117.0586,55.7581],[117.0624,55.8162],[116.9464,55.911],[116.9248,55.9335],[116.9327,55.9516],[116.8784,55.9823],[116.8551,55.9845],[116.845,55.9527],[116.8202,55.9153],[116.8307,55.8758],[116.8094,55.8657],[116.8038,55.8369],[116.7605,55.8188],[116.7209,55.8238],[116.714,55.7961],[116.655,55.7968],[116.5706,55.7911],[116.5433,55.8052],[116.4887,55.8142],[116.4636,55.8035],[116.4129,55.8126],[116.3691,55.8303],[116.3489,55.8171],[116.252,55.8132],[116.1974,55.8021],[116.1481,55.7832],[116.1034,55.7404],[116.1027,55.7206],[116.0819,55.6861],[115.9939,55.6925],[115.9308,55.7224],[115.916,55.705],[115.8333,55.6901],[115.8302,55.6775],[115.9,55.6624],[115.8973,55.6272],[115.876,55.6045],[115.9159,55.5738],[115.8747,55.5364],[115.878,55.4947],[115.9033,55.4741],[115.9313,55.4692],[115.9605,55.4467],[115.9214,55.4223],[115.9026,55.406],[115.9445,55.372],[115.9753,55.356],[116.0137,55.3649],[116.036,55.3803],[116.0725,55.3824],[116.1017,55.3441],[116.1828,55.3604],[116.2394,55.3534],[116.29,55.3617],[116.3523,55.3845],[116.3938,55.3602],[116.392,55.343],[116.4505,55.3257],[116.4701,55.3097],[116.4426,55.2983],[116.4594,55.2773],[116.4487,55.2546],[116.4756,55.2275],[116.5283,55.2083],[116.5429,55.1933],[116.5937,55.1771],[116.6229,55.1455],[116.6748,55.139],[116.6925,55.1197],[116.7606,55.1169],[116.7718,55.0962],[116.8049,55.0681],[116.7997,55.0533],[116.8412,55.0343],[116.8334,55.0053],[116.8647,54.931],[116.8748,54.8773],[116.913,54.8659],[116.9184,54.8266],[116.8499,54.7718],[116.8449,54.7389],[116.8774,54.7114],[116.8425,54.7048],[116.8145,54.6723],[116.7762,54.6748],[116.7439,54.6549],[116.7806,54.6065],[116.7663,54.5867],[116.6994,54.5707],[116.7266,54.5409],[116.7196,54.5286],[116.6718,54.5235],[116.6372,54.5073],[116.6095,54.5194],[116.5648,54.506],[116.5225,54.5187],[116.5093,54.4871],[116.5321,54.4684],[116.4907,54.46],[116.4765,54.4881],[116.4292,54.4787],[116.4024,54.5022],[116.3461,54.5098],[116.3274,54.4901],[116.2711,54.5086],[116.2409,54.489],[116.1759,54.5115],[116.1387,54.4985],[116.1152,54.4797],[116.0408,54.4866],[116.0136,54.4813],[115.9696,54.4553],[115.9444,54.4712],[115.9003,54.4611],[115.8409,54.4589],[115.7845,54.436],[115.7564,54.4427],[115.7053,54.4233],[115.674,54.4305],[115.6378,54.4152],[115.6058,54.4149],[115.576,54.3817],[115.4972,54.3733],[115.4866,54.363],[115.5039,54.3263],[115.4931,54.3089],[115.4393,54.2961],[115.4194,54.2791],[115.3747,54.2663],[115.3469,54.2701],[115.3092,54.2341],[115.2621,54.2304],[115.2485,54.2073],[115.2055,54.1936],[115.1631,54.1904],[115.1725,54.1633],[115.1429,54.118],[115.095,54.1067],[115.0674,54.0903],[115.0126,54.0724],[115.0152,54.0291],[114.9877,54.0252],[114.9858,53.999],[114.9392,53.9937],[114.9046,53.9725],[114.8706,53.9712],[114.8675,53.9544],[114.7854,53.9469],[114.7556,53.9505],[114.7513,53.9291],[114.6871,53.9297],[114.6563,53.9155],[114.5796,53.9167],[114.5781,53.8856],[114.5259,53.8498],[114.5256,53.8338],[114.4968,53.8101],[114.4712,53.8192],[114.4366,53.806],[114.391,53.8223],[114.3655,53.8154],[114.3466,53.7713],[114.2937,53.7544],[114.2303,53.7536],[114.2045,53.7393],[114.1604,53.759],[114.1098,53.7341],[113.9847,53.7228],[113.9496,53.6962],[113.9789,53.686],[113.9761,53.6493],[113.9353,53.6446],[113.9017,53.6536],[113.8762,53.6232],[113.8249,53.6316],[113.8016,53.6168],[113.781,53.5865],[113.8148,53.5838],[113.8582,53.5698],[113.8764,53.5503],[113.883,53.5231],[113.8702,53.4959],[113.8359,53.4825],[113.8226,53.448],[113.8481,53.4334],[113.8272,53.4165],[113.8414,53.3947],[113.8739,53.3716],[113.9467,53.3466],[113.9534,53.3216],[113.9244,53.284],[113.9429,53.2748],[113.9486,53.2495],[113.9813,53.2362],[114.0091,53.2485],[114.0489,53.2475],[114.0433,53.2086],[114.0913,53.1986],[114.1133,53.1839],[114.1594,53.1921],[114.2057,53.1787],[114.208,53.1467],[114.1736,53.1166],[114.1698,53.0867],[114.2069,53.068],[114.2334,53.0892],[114.2656,53.0842],[114.2923,53.0595],[114.3756,53.0544],[114.3897,53.0433],[114.4432,53.0627],[114.4851,53.0395],[114.504,53.0448],[114.5821,53.0079],[114.5906,52.9788],[114.5385,52.9567],[114.5242,52.8997],[114.5496,52.8858],[114.5065,52.7941],[114.5396,52.7807],[114.5741,52.7213],[114.6156,52.6964],[114.6223,52.6788],[114.5925,52.6628],[114.6564,52.6531],[114.6502,52.6106],[114.6959,52.6088],[114.7372,52.5898],[114.7649,52.5649],[114.8106,52.5595],[114.8186,52.5281],[114.8335,52.5219],[114.8453,52.4888],[114.8854,52.4607],[114.9225,52.4744],[114.9505,52.471],[114.9911,52.4826],[115.0309,52.4511],[115.0609,52.4581],[115.0993,52.4399],[115.1282,52.4527],[115.1677,52.4482],[115.1915,52.436],[115.2128,52.4028],[115.246,52.395],[115.2451,52.3513],[115.2273,52.3463],[115.2157,52.2973],[115.2259,52.2867],[115.2741,52.2787],[115.2874,52.2935],[115.3756,52.2907],[115.4009,52.2179],[115.4198,52.2],[115.4105,52.1528],[115.4198,52.1442],[115.4773,52.1524],[115.5276,52.1776],[115.5846,52.1403],[115.6157,52.1501],[115.6251,52.1896],[115.6655,52.1822],[115.6893,52.2014],[115.7889,52.2023],[115.7909,52.2161],[115.8427,52.2314],[115.8656,52.2142],[115.9685,52.2024],[115.9467,52.293],[115.9761,52.2918],[115.9861,52.3328],[115.935,52.3544],[115.9069,52.3558],[115.8694,52.3742],[115.8466,52.4075],[115.8512,52.4215],[115.8321,52.4484],[115.8139,52.497],[115.8251,52.5462],[115.8387,52.5735],[115.8278,52.6061],[115.8054,52.6388],[115.7869,52.6472],[115.7696,52.6818],[115.7462,52.7046],[115.7491,52.7274],[115.7709,52.7447],[115.8417,52.7373],[115.8792,52.7444],[115.9502,52.7742],[115.9611,52.8149],[115.9803,52.84],[116.0053,52.8369],[116.0628,52.8695],[116.1105,52.9134],[116.1644,52.9103],[116.1745,52.9198],[116.2416,52.9094],[116.2154,52.9619],[116.2378,52.9915],[116.2944,53.0082],[116.3526,53.0169],[116.3551,53.0465],[116.3399,53.0664],[116.3661,53.0763],[116.4299,53.0733],[116.4491,53.089],[116.5288,53.088],[116.5519,53.1089],[116.5441,53.1243],[116.5953,53.1684],[116.6383,53.1641],[116.6774,53.1417],[116.6733,53.1182],[116.7233,53.1054],[116.7711,53.1082],[116.8016,53.1464],[116.8617,53.1732],[116.9031,53.174],[116.9073,53.1904],[116.9534,53.2117],[117.0104,53.2108],[117.0261,53.226],[117.1033,53.2239],[117.1459,53.2348],[117.1556,53.257],[117.186,53.2786],[117.182,53.3053],[117.151,53.3315],[117.1342,53.3299],[117.0855,53.3678],[117.0388,53.3863],[117.0443,53.399],[117.0174,53.4547],[117.0626,53.4731],[117.0857,53.5138],[117.1139,53.5269],[117.1728,53.5338],[117.2525,53.5005],[117.2439,53.4813],[117.2907,53.4495],[117.3317,53.4501],[117.3429,53.4392],[117.317,53.4123],[117.3694,53.4075],[117.4161,53.4171],[117.4566,53.3947],[117.4757,53.4154],[117.5196,53.4212],[117.5315,53.451],[117.5793,53.4469],[117.6727,53.4684],[117.7154,53.4664],[117.7657,53.4839],[117.8025,53.5074],[117.8129,53.5358],[117.8447,53.5474],[117.8495,53.5885],[117.8944,53.591],[117.896,53.6321],[117.9302,53.6503],[117.9315,53.6681],[117.9732,53.718],[117.9593,53.7486],[117.9688,53.7987],[118.0118,53.8801],[117.9723,53.9148],[117.9439,53.9247],[117.9207,53.8986],[117.9164,53.8697],[117.8782,53.8811],[117.8367,53.8766],[117.8299,53.8413],[117.7812,53.8238],[117.735,53.8457],[117.6982,53.8318],[117.6898,53.8079],[117.6216,53.7511],[117.588,53.7329],[117.5212,53.7571],[117.5422,53.7834],[117.4948,53.7886],[117.4576,53.7817],[117.43,53.7651],[117.3738,53.746],[117.3522,53.7239],[117.3251,53.7293],[117.314,53.7618],[117.3237,53.7791],[117.3043,53.8106],[117.3046,53.8321],[117.3281,53.8613],[117.3057,53.8772],[117.3159,53.8997],[117.3689,53.9266],[117.3978,53.9168],[117.4702,53.9538],[117.498,53.9532],[117.537,53.9825],[117.5752,53.9981],[117.583,54.0633],[117.6311,54.0752],[117.6699,54.0631],[117.6778,54.0975],[117.7121,54.1135],[117.7051,54.1486],[117.7327,54.1683],[117.7324,54.2216],[117.7582,54.245],[117.7469,54.2914],[117.7656,54.3168],[117.8439,54.3222],[117.9082,54.3553],[117.9261,54.3712],[117.9039,54.389],[117.9017,54.4126],[117.8457,54.4597],[117.8726,54.5015],[117.9103,54.5074],[117.9322,54.498],[117.971,54.5138],[118.0572,54.5232],[118.0838,54.5359],[118.1086,54.5742],[118.0741,54.6019],[118.0597,54.6622],[118.0759,54.6983],[118.0446,54.7199],[118.0633,54.7438],[118.0942,54.7543],[118.1086,54.8291],[118.0874,54.8572],[118.0403,54.8907],[118.0306,54.9093],[117.9839,54.9371],[117.9832,54.9683],[118.0461,54.9881],[118.0773,55.0107],[118.1161,55.0562],[118.1603,55.0657],[118.189,55.0803],[118.2397,55.0871],[118.263,55.1019],[118.2673,55.1325],[118.2407,55.1423],[118.2318,55.1634],[118.2578,55.2019]]]},"properties":{"osm_id":1846010,"name":"Тунгокоченский муниципальный округ","kind":"district","parent":"Забайкальский край","parent_iso":"RU-ZAB","label":[116.0212,54.0624]}},
{"type":"Feature","geometry":{"type":"Polygon","coordinates":[[[116.2416,52.9094],[116.2794,52.9027],[116.286,52.8486],[116.3183,52.8242],[116.3169,52.8066],[116.3427,52.7658],[116.4029,52.758],[116.4531,52.7312],[116.4244,52.7017],[116.4004,52.6501],[116.4135,52.6151],[116.397,52.6041],[116.4248,52.5248],[116.4544,52.4702],[116.4678,52.4579],[116.4413,52.4375],[116.4134,52.4595],[116.3971,52.4187],[116.4115,52.4131],[116.3941,52.3654],[116.3641,52.3313],[116.3712,52.2913],[116.4307,52.2695],[116.4635,52.2498],[116.5101,52.1978],[116.5682,52.2132],[116.6631,52.147],[116.6839,52.1535],[116.76,52.1261],[116.8958,52.1785],[116.9271,52.1915],[117.0021,52.2008],[117.0163,52.2259],[117.0089,52.2501],[117.0795,52.2536],[117.1263,52.265],[117.1516,52.2617],[117.1893,52.3048],[117.2906,52.3137],[117.3436,52.3534],[117.2741,52.3956],[117.2772,52.4108],[117.338,52.4521],[117.34,52.474],[117.3809,52.5063],[117.3794,52.5672],[117.3852,52.583],[117.4269,52.6118],[117.4332,52.6309],[117.4699,52.6516],[117.4853,52.6712],[117.4788,52.6908],[117.5501,52.719],[117.6834,52.7022],[117.7444,52.7266],[117.7293,52.7545],[117.7675,52.7709],[117.8103,52.7615],[117.853,52.7421],[117.9035,52.7489],[117.9243,52.7206],[117.9763,52.7346],[118.0569,52.7082],[118.0678,52.7319],[118.1162,52.7501],[118.1502,52.7518],[118.1547,52.7813],[118.1764,52.7827],[118.267,52.8102],[118.2954,52.8006],[118.3405,52.8168],[118.3429,52.8471],[118.4052,52.8587],[118.4262,52.8952],[118.3859,52.9381],[118.3888,52.9595],[118.4173,52.9764],[118.3511,53.0132],[118.3473,53.0524],[118.3053,53.0578],[118.2985,53.0793],[118.3086,53.1074],[118.2454,53.1816],[118.2329,53.2228],[118.1202,53.269],[118.1159,53.2916],[118.0925,53.3148],[118.0963,53.3902],[118.0694,53.4104],[118.0684,53.4422],[118.1067,53.4839],[118.1184,53.512],[118.175,53.5201],[118.1458,53.5894],[118.1667,53.6237],[118.1674,53.6465],[118.1067,53.6398],[118.0615,53.6563],[118.0239,53.6536],[118.0026,53.6667],[118.009,53.7115],[117.9732,53.718],[117.9315,53.6681],[117.9302,53.6503],[117.896,53.6321],[117.8944,53.591],[117.8495,53.5885],[117.8447,53.5474],[117.8129,53.5358],[117.8025,53.5074],[117.7657,53.4839],[117.7154,53.4664],[117.6727,53.4684],[117.5793,53.4469],[117.5315,53.451],[117.5196,53.4212],[117.4757,53.4154],[117.4566,53.3947],[117.4161,53.4171],[117.3694,53.4075],[117.317,53.4123],[117.3429,53.4392],[117.3317,53.4501],[117.2907,53.4495],[117.2439,53.4813],[117.2525,53.5005],[117.1728,53.5338],[117.1139,53.5269],[117.0857,53.5138],[117.0626,53.4731],[117.0174,53.4547],[117.0443,53.399],[117.0388,53.3863],[117.0855,53.3678],[117.1342,53.3299],[117.151,53.3315],[117.182,53.3053],[117.186,53.2786],[117.1556,53.257],[117.1459,53.2348],[117.1033,53.2239],[117.0261,53.226],[117.0104,53.2108],[116.9534,53.2117],[116.9073,53.1904],[116.9031,53.174],[116.8617,53.1732],[116.8016,53.1464],[116.7711,53.1082],[116.7233,53.1054],[116.6733,53.1182],[116.6774,53.1417],[116.6383,53.1641],[116.5953,53.1684],[116.5441,53.1243],[116.5519,53.1089],[116.5288,53.088],[116.4491,53.089],[116.4299,53.0733],[116.3661,53.0763],[116.3399,53.0664],[116.3551,53.0465],[116.3526,53.0169],[116.2944,53.0082],[116.2378,52.9915],[116.2154,52.9619],[116.2416,52.9094]]]},"properties":{"osm_id":1761299,"name":"Чернышевский муниципальный округ","kind":"district","parent":"Забайкальский край","parent_iso":"RU-ZAB","label":[117.3208,52.9221]}},
{"type":"Feature","geometry":{"type":"Polygon","coordinates":[[[118.4101,51.9509],[118.3921,51.9602],[118.3412,51.961],[118.2934,51.9838],[118.2422,51.9754],[118.1797,51.9482],[118.1945,51.9219],[118.1839,51.8895],[118.1399,51.92],[118.0819,51.9263],[118.0742,51.9191],[117.9934,51.9281],[117.956,51.9199],[117.9212,51.9708],[117.884,51.9655],[117.8499,51.9774],[117.8063,52.003],[117.7471,52.01],[117.7393,52.0354],[117.6817,52.0812],[117.6238,52.1015],[117.5809,52.103],[117.5569,52.0754],[117.5362,52.0679],[117.5528,52.0445],[117.5134,52.0231],[117.5067,52.0099],[117.4392,51.9882],[117.4138,51.9975],[117.3397,51.9849],[117.3089,51.9523],[117.2778,51.955],[117.2678,51.9354],[117.2868,51.8852],[117.3337,51.8285],[117.3573,51.8099],[117.3501,51.7961],[117.2929,51.7832],[117.2809,51.7685],[117.2706,51.7223],[117.285,51.7054],[117.2428,51.6773],[117.2871,51.5832],[117.3194,51.5776],[117.3389,51.5574],[117.382,51.5529],[117.3939,51.5219],[117.3841,51.5072],[117.4013,51.4758],[117.3775,51.4333],[117.3793,51.4183],[117.3545,51.3982],[117.3158,51.3961],[117.2581,51.3673],[117.247,51.3446],[117.3025,51.3135],[117.3127,51.293],[117.3633,51.2759],[117.3745,51.2513],[117.403,51.2213],[117.4334,51.231],[117.4281,51.2512],[117.4962,51.2753],[117.5247,51.2703],[117.5897,51.2838],[117.6298,51.2519],[117.6952,51.2669],[117.7951,51.2601],[117.8409,51.27],[117.8802,51.268],[117.9271,51.2776],[117.9382,51.3172],[117.9232,51.3464],[117.9666,51.3531],[118.0105,51.3968],[118.0038,51.4526],[117.9698,51.4535],[117.9564,51.4755],[117.9216,51.4844],[117.9172,51.5181],[117.9276,51.5699],[117.9625,51.5933],[117.9869,51.5977],[118.042,51.649],[118.0982,51.6587],[118.1061,51.6839],[118.2104,51.7499],[118.2294,51.7789],[118.2568,51.7826],[118.2526,51.8033],[118.271,51.8213],[118.2795,51.849],[118.2534,51.8633],[118.281,51.882],[118.3137,51.8893],[118.3097,51.9095],[118.3837,51.9195],[118.4101,51.9509]]]},"properties":{"osm_id":1758044,"name":"Шелопугинский муниципальный округ","kind":"district","parent":"Забайкальский край","parent_iso":"RU-ZAB","label":[117.8196,51.6635]}},
{"type":"Feature","geometry":{"type":"Polygon","coordinates":[[[119.8546,53.2058],[119.8425,53.2463],[119.8075,53.2675],[119.793,53.2965],[119.7089,53.3045],[119.6581,53.338],[119.6089,53.3476],[119.538,53.3389],[119.5139,53.357],[119.5083,53.3842],[119.4601,53.4061],[119.4552,53.4213],[119.4098,53.4148],[119.3808,53.4294],[119.3272,53.4271],[119.2871,53.4182],[119.2543,53.3927],[119.1942,53.3805],[119.1515,53.347],[119.1114,53.3353],[119.0799,53.3377],[119.0127,53.3186],[118.9735,53.3297],[118.942,53.3069],[118.9577,53.2883],[118.9364,53.2737],[118.8402,53.2416],[118.7817,53.246],[118.7266,53.2272],[118.7078,53.2401],[118.6573,53.2427],[118.5979,53.2372],[118.6009,53.2226],[118.5059,53.2161],[118.4684,53.1473],[118.4237,53.1362],[118.3473,53.0524],[118.3511,53.0132],[118.4173,52.9764],[118.3888,52.9595],[118.3859,52.9381],[118.4262,52.8952],[118.4052,52.8587],[118.3429,52.8471],[118.3405,52.8168],[118.2954,52.8006],[118.267,52.8102],[118.1764,52.7827],[118.1547,52.7813],[118.1502,52.7518],[118.1162,52.7501],[118.0678,52.7319],[118.0569,52.7082],[117.9763,52.7346],[117.9243,52.7206],[117.9035,52.7489],[117.853,52.7421],[117.8103,52.7615],[117.7675,52.7709],[117.7293,52.7545],[117.7444,52.7266],[117.6834,52.7022],[117.5501,52.719],[117.4788,52.6908],[117.4853,52.6712],[117.4699,52.6516],[117.4332,52.6309],[117.4269,52.6118],[117.3852,52.583],[117.3794,52.5672],[117.3809,52.5063],[117.34,52.474],[117.338,52.4521],[117.2772,52.4108],[117.2741,52.3956],[117.3436,52.3534],[117.2906,52.3137],[117.1893,52.3048],[117.1516,52.2617],[117.1263,52.265],[117.0795,52.2536],[117.0089,52.2501],[117.0163,52.2259],[117.0021,52.2008],[116.9271,52.1915],[116.8958,52.1785],[116.9304,52.1257],[116.8953,52.1171],[116.9259,52.0576],[116.9172,52.0157],[116.969,51.9671],[116.9751,51.9501],[117.0445,51.9024],[117.1235,51.9043],[117.1852,51.9257],[117.2508,51.9257],[117.2678,51.9354],[117.2778,51.955],[117.3089,51.9523],[117.3397,51.9849],[117.4138,51.9975],[117.4392,51.9882],[117.5067,52.0099],[117.5134,52.0231],[117.5528,52.0445],[117.5362,52.0679],[117.5569,52.0754],[117.5809,52.103],[117.6238,52.1015],[117.6817,52.0812],[117.7393,52.0354],[117.7471,52.01],[117.8063,52.003],[117.8499,51.9774],[117.884,51.9655],[117.9212,51.9708],[117.956,51.9199],[117.9934,51.9281],[118.0742,51.9191],[118.0819,51.9263],[118.1399,51.92],[118.1839,51.8895],[118.1945,51.9219],[118.1797,51.9482],[118.2422,51.9754],[118.2934,51.9838],[118.3412,51.961],[118.3921,51.9602],[118.4101,51.9509],[118.4394,51.9857],[118.4673,52.0058],[118.4888,52.0556],[118.5856,52.074],[118.597,52.0982],[118.6957,52.1188],[118.7353,52.1365],[118.7594,52.13],[118.8161,52.1573],[118.8878,52.1811],[118.9281,52.2349],[118.8955,52.2487],[118.9045,52.2691],[118.8904,52.2866],[118.9274,52.295],[118.9661,52.2899],[119.0499,52.2604],[119.1027,52.2517],[119.1261,52.2553],[119.2167,52.2331],[119.2811,52.2294],[119.3766,52.2317],[119.4615,52.2502],[119.4497,52.2741],[119.4155,52.3083],[119.3846,52.3001],[119.3702,52.3203],[119.3834,52.3742],[119.4167,52.3945],[119.3956,52.4235],[119.3992,52.4568],[119.3763,52.4662],[119.3386,52.5073],[119.3427,52.5509],[119.3018,52.5717],[119.2747,52.5949],[119.1883,52.6316],[119.1405,52.6312],[119.1112,52.6484],[119.1153,52.6634],[119.1869,52.681],[119.197,52.7044],[119.164,52.7359],[119.1955,52.7818],[119.1823,52.7979],[119.2284,52.8176],[119.2804,52.8159],[119.3113,52.8597],[119.4187,52.9249],[119.4082,52.9392],[119.4462,52.9702],[119.4863,52.9673],[119.5292,52.9843],[119.5235,53.0062],[119.5638,53.0199],[119.5857,53.0464],[119.622,53.0709],[119.6005,53.0792],[119.6242,53.1011],[119.6791,53.1217],[119.7052,53.1214],[119.7804,53.1462],[119.8546,53.2058]]]},"properties":{"osm_id":1846009,"name":"Сретенский район","kind":"district","parent":"Забайкальский край","parent_iso":"RU-ZAB","label":[118.3766,52.6593]}},
{"type":"Feature","geometry":{"type":"Polygon","coordinates":[[[113.7795,51.0548],[113.8039,51.0746],[113.8397,51.1638],[113.8661,51.1717],[113.8544,51.1898],[113.7734,51.227],[113.7888,51.2578],[113.8313,51.2853],[113.8696,51.2904],[113.9144,51.3119],[113.9217,51.3526],[114.0244,51.3636],[114.043,51.4223],[114.1107,51.4171],[114.1094,51.3962],[114.1438,51.3622],[114.1934,51.4098],[114.2238,51.3888],[114.24,51.348],[114.2188,51.2979],[114.2707,51.2928],[114.3725,51.3034],[114.4166,51.302],[114.437,51.3182],[114.4348,51.3384],[114.4521,51.3527],[114.4749,51.3996],[114.505,51.4226],[114.5026,51.4347],[114.5589,51.464],[114.6092,51.4704],[114.6293,51.4889],[114.6878,51.5216],[114.7248,51.5356],[114.7224,51.5512],[114.7744,51.5702],[114.7906,51.5854],[114.8434,51.6081],[114.861,51.6331],[114.9114,51.6397],[114.9061,51.6577],[114.9633,51.6726],[115.0021,51.6684],[115.02,51.6776],[115.0156,51.7062],[115.0562,51.7222],[115.031,51.7551],[115.029,51.7759],[115.0002,51.8272],[115.0008,51.8551],[115.0316,51.8684],[115.022,51.8818],[115.0893,51.9026],[115.1099,51.9258],[115.151,51.9276],[115.1551,51.9617],[115.2351,51.9841],[115.2607,51.9969],[115.2395,52.0203],[115.2467,52.0485],[115.2267,52.0785],[115.2447,52.1096],[115.169,52.1157],[115.1403,52.1913],[115.1235,52.1956],[115.1545,52.2338],[115.1491,52.2574],[115.1746,52.2808],[115.2157,52.2973],[115.2273,52.3463],[115.2451,52.3513],[115.246,52.395],[115.2128,52.4028],[115.1915,52.436],[115.1677,52.4482],[115.1282,52.4527],[115.0993,52.4399],[115.0609,52.4581],[115.0309,52.4511],[114.9911,52.4826],[114.9505,52.471],[114.9225,52.4744],[114.8854,52.4607],[114.8453,52.4888],[114.8335,52.5219],[114.8186,52.5281],[114.8106,52.5595],[114.7649,52.5649],[114.7372,52.5898],[114.6959,52.6088],[114.6502,52.6106],[114.5994,52.5469],[114.5752,52.5522],[114.5606,52.5257],[114.5302,52.5072],[114.5017,52.4583],[114.5212,52.446],[114.5235,52.3853],[114.5124,52.3315],[114.5205,52.31],[114.5012,52.2963],[114.4523,52.1522],[114.4772,52.1436],[114.4809,52.1052],[114.4663,52.0803],[114.3441,52.0472],[114.3197,52.0157],[114.2944,52.0106],[114.2866,51.9719],[114.3032,51.947],[114.3206,51.8987],[114.2896,51.8814],[114.2588,51.8829],[114.2331,51.8659],[114.1984,51.8667],[114.1786,51.822],[114.1248,51.7809],[114.0994,51.7335],[114.1187,51.7207],[114.0662,51.7075],[114.0052,51.727],[113.9835,51.6985],[113.8948,51.6903],[113.831,51.6777],[113.8314,51.6562],[113.7801,51.6451],[113.7487,51.6308],[113.7557,51.6164],[113.7446,51.5694],[113.723,51.5678],[113.6618,51.5058],[113.6691,51.4545],[113.644,51.4527],[113.6402,51.432],[113.5978,51.3547],[113.5884,51.2862],[113.5523,51.2589],[113.5595,51.2395],[113.526,51.1541],[113.5294,51.1379],[113.4994,51.1308],[113.5043,51.1185],[113.5966,51.0839],[113.7143,51.0758],[113.7569,51.0799],[113.7795,51.0548]]]},"properties":{"osm_id":1744209,"name":"Карымский муниципальный округ","kind":"district","parent":"Забайкальский край","parent_iso":"RU-ZAB","label":[114.38,51.8327]}},
{"type":"Feature","geometry":{"type":"Polygon","coordinates":[[[116.256,51.5594],[116.2435,51.5712],[116.2509,51.5961],[116.2125,51.5973],[116.1852,51.6318],[116.156,51.6844],[116.1837,51.7275],[116.2207,51.7377],[116.2322,51.7526],[116.3061,51.7706],[116.3175,51.7933],[116.3097,51.8181],[116.3397,51.8517],[116.3133,51.8643],[116.3713,51.9017],[116.3698,51.9177],[116.3381,51.9257],[116.3227,51.9447],[116.344,51.9593],[116.3285,51.9888],[116.2702,51.9792],[116.2575,51.9646],[116.1707,51.9278],[116.1036,51.9918],[116.1925,52.0041],[116.2155,52.0195],[116.195,52.0511],[116.2209,52.0696],[116.2148,52.0861],[116.1763,52.0961],[116.1744,52.1538],[116.1096,52.1424],[116.037,52.1538],[115.9892,52.1494],[115.9573,52.1616],[115.9504,52.1913],[115.9685,52.2024],[115.8656,52.2142],[115.8427,52.2314],[115.7909,52.2161],[115.7889,52.2023],[115.6893,52.2014],[115.6655,52.1822],[115.6251,52.1896],[115.6157,52.1501],[115.5846,52.1403],[115.5276,52.1776],[115.4773,52.1524],[115.4198,52.1442],[115.4105,52.1528],[115.4198,52.2],[115.4009,52.2179],[115.3756,52.2907],[115.2874,52.2935],[115.2741,52.2787],[115.2259,52.2867],[115.2157,52.2973],[115.1746,52.2808],[115.1491,52.2574],[115.1545,52.2338],[115.1235,52.1956],[115.1403,52.1913],[115.169,52.1157],[115.2447,52.1096],[115.2267,52.0785],[115.2467,52.0485],[115.2395,52.0203],[115.2607,51.9969],[115.2351,51.9841],[115.1551,51.9617],[115.151,51.9276],[115.1099,51.9258],[115.0893,51.9026],[115.022,51.8818],[115.0316,51.8684],[115.0008,51.8551],[115.0002,51.8272],[115.029,51.7759],[115.031,51.7551],[115.0562,51.7222],[115.0156,51.7062],[115.02,51.6776],[115.0021,51.6684],[115.0093,51.6438],[115.0827,51.6318],[115.0779,51.6627],[115.1789,51.6866],[115.2396,51.6695],[115.2318,51.6255],[115.273,51.5932],[115.3985,51.5878],[115.4151,51.5817],[115.4438,51.5472],[115.5092,51.5123],[115.5465,51.5079],[115.5812,51.5178],[115.5974,51.5096],[115.6176,51.4753],[115.657,51.4656],[115.6756,51.4366],[115.7204,51.4264],[115.7179,51.3752],[115.7798,51.355],[115.8122,51.3253],[115.8911,51.3198],[115.899,51.3018],[115.9421,51.2713],[115.9403,51.2948],[116.0009,51.3442],[116.0547,51.3663],[116.0547,51.4027],[116.079,51.4205],[116.0371,51.4487],[116.0333,51.473],[116.0612,51.4798],[116.0871,51.5046],[116.1369,51.5365],[116.1873,51.5166],[116.2301,51.5277],[116.256,51.5594]]]},"properties":{"osm_id":1754926,"name":"Шилкинский район","kind":"district","parent":"Забайкальский край","parent_iso":"RU-ZAB","label":[115.6858,51.7843]}},
{"type":"Feature","geometry":{"type":"Polygon","coordinates":[[[117.0445,51.9024],[116.9751,51.9501],[116.969,51.9671],[116.9172,52.0157],[116.9259,52.0576],[116.8953,52.1171],[116.9304,52.1257],[116.8958,52.1785],[116.76,52.1261],[116.6839,52.1535],[116.6631,52.147],[116.5682,52.2132],[116.5101,52.1978],[116.4635,52.2498],[116.4307,52.2695],[116.3712,52.2913],[116.3641,52.3313],[116.3941,52.3654],[116.4115,52.4131],[116.3971,52.4187],[116.4134,52.4595],[116.4413,52.4375],[116.4678,52.4579],[116.4544,52.4702],[116.4248,52.5248],[116.397,52.6041],[116.4135,52.6151],[116.4004,52.6501],[116.4244,52.7017],[116.4531,52.7312],[116.4029,52.758],[116.3427,52.7658],[116.3169,52.8066],[116.3183,52.8242],[116.286,52.8486],[116.2794,52.9027],[116.2416,52.9094],[116.1745,52.9198],[116.1644,52.9103],[116.1105,52.9134],[116.0628,52.8695],[116.0053,52.8369],[115.9803,52.84],[115.9611,52.8149],[115.9502,52.7742],[115.8792,52.7444],[115.8417,52.7373],[115.7709,52.7447],[115.7491,52.7274],[115.7462,52.7046],[115.7696,52.6818],[115.7869,52.6472],[115.8054,52.6388],[115.8278,52.6061],[115.8387,52.5735],[115.8251,52.5462],[115.8139,52.497],[115.8321,52.4484],[115.8512,52.4215],[115.8466,52.4075],[115.8694,52.3742],[115.9069,52.3558],[115.935,52.3544],[115.9861,52.3328],[115.9761,52.2918],[115.9467,52.293],[115.9685,52.2024],[115.9504,52.1913],[115.9573,52.1616],[115.9892,52.1494],[116.037,52.1538],[116.1096,52.1424],[116.1744,52.1538],[116.1763,52.0961],[116.2148,52.0861],[116.2209,52.0696],[116.195,52.0511],[116.2155,52.0195],[116.1925,52.0041],[116.1036,51.9918],[116.1707,51.9278],[116.2575,51.9646],[116.2702,51.9792],[116.3285,51.9888],[116.344,51.9593],[116.3227,51.9447],[116.3381,51.9257],[116.3698,51.9177],[116.3713,51.9017],[116.3133,51.8643],[116.3397,51.8517],[116.3097,51.8181],[116.3175,51.7933],[116.3061,51.7706],[116.2322,51.7526],[116.2207,51.7377],[116.1837,51.7275],[116.156,51.6844],[116.1852,51.6318],[116.2125,51.5973],[116.2509,51.5961],[116.2435,51.5712],[116.256,51.5594],[116.2993,51.5813],[116.3179,51.5793],[116.321,51.6127],[116.3441,51.6327],[116.4171,51.618],[116.4701,51.6259],[116.5035,51.6087],[116.5573,51.637],[116.6047,51.6483],[116.6097,51.6808],[116.6836,51.7099],[116.6767,51.7476],[116.6515,51.7699],[116.6928,51.7729],[116.7222,51.7908],[116.7779,51.793],[116.8514,51.8056],[116.901,51.8376],[116.908,51.8507],[116.9578,51.8558],[116.9902,51.8774],[117.0238,51.8822],[117.0445,51.9024]]]},"properties":{"osm_id":1758043,"name":"Нерчинский муниципальный округ","kind":"district","parent":"Забайкальский край","parent_iso":"RU-ZAB","label":[116.3932,52.2396]}},
{"type":"Feature","geometry":{"type":"Polygon","coordinates":[[[104.4096,53.043],[104.4089,53.0187],[104.4864,52.9952],[104.4421,52.9795],[104.4095,52.955],[104.3812,52.9216],[104.3568,52.9318],[104.3082,52.9261],[104.326,52.8622],[104.3661,52.842],[104.473,52.8215],[104.4933,52.7808],[104.5156,52.7556],[104.5542,52.7454],[104.5663,52.7204],[104.5244,52.725],[104.526,52.6972],[104.551,52.6683],[104.5846,52.6608],[104.6026,52.6371],[104.6646,52.5867],[104.771,52.5337],[104.7414,52.5125],[104.7692,52.4648],[104.8049,52.4509],[104.8452,52.4173],[104.8751,52.4088],[104.9195,52.3817],[104.9594,52.3718],[105.0231,52.3933],[105.0549,52.4243],[105.1015,52.4237],[105.1816,52.4782],[105.2048,52.5129],[105.2349,52.5262],[105.2351,52.5425],[105.2789,52.5789],[105.3214,52.5908],[105.3368,52.6113],[105.4225,52.6286],[105.4518,52.6607],[105.4801,52.6633],[105.5222,52.6863],[105.5228,52.7353],[105.6012,52.7488],[105.582,52.7733],[105.5159,52.8006],[105.5006,52.7906],[105.4061,52.7658],[105.3634,52.7666],[105.2827,52.7927],[105.1607,52.7925],[105.1527,52.8337],[105.0941,52.8527],[105.13,52.8682],[105.1387,52.9032],[105.1783,52.9045],[105.2093,52.918],[105.1761,52.9654],[105.1376,52.987],[105.0749,52.9825],[105.0639,53.0136],[105.0256,53.0563],[105.0775,53.0787],[105.0864,53.0943],[105.1269,53.1158],[105.1833,53.1225],[105.2682,53.1441],[105.2839,53.1314],[105.3195,53.1409],[105.3078,53.1784],[105.3453,53.1922],[105.3612,53.2107],[105.346,53.2233],[105.3766,53.2528],[105.3623,53.2591],[105.4094,53.2907],[105.4374,53.2947],[105.4425,53.3171],[105.4021,53.3119],[105.3211,53.2498],[105.29,53.2464],[105.272,53.2808],[105.2495,53.3038],[105.2625,53.3396],[105.2885,53.3645],[105.2991,53.3958],[105.2865,53.4218],[105.2062,53.4223],[105.1995,53.4437],[105.1596,53.4305],[105.0797,53.4336],[105.0591,53.4415],[105.0087,53.4192],[104.9829,53.3956],[104.9556,53.3914],[104.9066,53.415],[104.8386,53.3922],[104.8081,53.41],[104.7757,53.4098],[104.7377,53.3962],[104.7031,53.4005],[104.6465,53.3334],[104.6766,53.3147],[104.669,53.301],[104.7003,53.2677],[104.6727,53.252],[104.6108,53.236],[104.5885,53.2221],[104.5656,53.1737],[104.5708,53.145],[104.5502,53.1302],[104.545,53.0942],[104.5112,53.0888],[104.512,53.0729],[104.4553,53.0802],[104.4096,53.043]]]},"properties":{"osm_id":1456788,"name":"Эхирит-Булагатский район","kind":"district","parent":"Иркутская область","parent_iso":"RU-IRK","label":[104.9546,52.9079]}},
{"type":"Feature","geometry":{"type":"Polygon","coordinates":[[[113.4858,56.6897],[113.5112,56.7256],[113.5496,56.7256],[113.5988,56.7423],[113.5874,56.7775],[113.5678,56.7802],[113.5845,56.8312],[113.6066,56.8463],[113.5856,56.8679],[113.6104,56.8999],[113.5841,56.9192],[113.5297,56.9275],[113.5703,56.9564],[113.559,56.9847],[113.5121,56.987],[113.4689,57.0335],[113.5276,57.0591],[113.5588,57.0794],[113.5455,57.1152],[113.5614,57.1312],[113.5551,57.1601],[113.5233,57.1781],[113.5072,57.2102],[113.5111,57.2331],[113.4814,57.245],[113.4325,57.2454],[113.4172,57.2748],[113.4351,57.2924],[113.4248,57.3253],[113.4028,57.3457],[113.4284,57.3682],[113.3867,57.3842],[113.3836,57.4039],[113.2697,57.413],[113.2493,57.4093],[113.2032,57.4286],[113.2097,57.4405],[113.1669,57.4538],[113.1379,57.4749],[113.136,57.5063],[113.1178,57.5316],[113.1496,57.5499],[113.204,57.56],[113.1173,57.614],[113.1155,57.6368],[113.1534,57.6685],[113.1926,57.7124],[113.2403,57.7147],[113.2868,57.7284],[113.3199,57.7649],[113.3408,57.7725],[113.3009,57.835],[113.2211,57.8589],[113.2578,57.88],[113.2876,57.8782],[113.3101,57.8991],[113.369,57.921],[113.3683,57.9482],[113.3513,57.9759],[113.3161,57.9937],[113.345,58.0256],[113.3886,58.0474],[113.3536,58.0825],[113.4421,58.1103],[113.4882,58.0988],[113.5122,58.0814],[113.5882,58.0932],[113.6774,58.1582],[113.7015,58.1844],[113.671,58.2117],[113.6764,58.2299],[113.7155,58.2728],[113.7597,58.2693],[113.8054,58.2975],[113.9213,58.3241],[113.8877,58.3485],[113.8953,58.3691],[113.8754,58.3881],[113.8845,58.4409],[113.8472,58.464],[113.8075,58.469],[113.7715,58.4969],[113.7583,58.5495],[113.7387,58.5674],[113.7408,58.6027],[113.7994,58.6581],[113.8599,58.666],[113.9346,58.6926],[113.9739,58.7184],[113.9329,58.7371],[113.8935,58.7847],[113.8806,58.8168],[113.8577,58.8328],[113.8782,58.8746],[113.8469,58.9134],[113.8568,58.9323],[113.834,58.9908],[113.8544,59.0373],[113.9064,59.0587],[113.9549,59.0619],[113.9792,59.0895],[114.0462,59.1359],[114.0096,59.1559],[113.9679,59.1658],[113.9492,59.1986],[113.896,59.2306],[113.9072,59.2918],[113.8917,59.312],[113.9078,59.3249],[113.8896,59.3527],[113.9225,59.3689],[113.9357,59.4234],[113.9538,59.4381],[113.9521,59.4713],[113.9236,59.4959],[113.9534,59.5311],[114.0466,59.561],[114.0468,59.5953],[114.0128,59.6108],[113.9769,59.6042],[113.9304,59.6252],[113.9002,59.6277],[113.8612,59.6548],[113.8144,59.6431],[113.7612,59.6171],[113.7065,59.63],[113.5913,59.5948],[113.6265,59.5623],[113.607,59.5456],[113.6145,59.5152],[113.5612,59.4943],[113.4634,59.4323],[113.432,59.3787],[113.5139,59.3609],[113.5272,59.3429],[113.4614,59.3081],[113.4856,59.2846],[113.4444,59.2752],[113.4291,59.2478],[113.393,59.2416],[113.3259,59.2127],[113.3327,59.191],[113.2776,59.1581],[113.2392,59.1612],[113.2014,59.1873],[113.161,59.1839],[113.1096,59.1508],[113.058,59.1679],[113.0274,59.1451],[112.9643,59.142],[112.9315,59.1569],[112.8814,59.1394],[112.8051,59.127],[112.7497,59.092],[112.7519,59.0519],[112.6537,59.0526],[112.6272,59.0429],[112.5943,59.0671],[112.6194,59.0909],[112.6057,59.1078],[112.5316,59.0751],[112.5143,59.0441],[112.5552,59.0119],[112.5992,58.9923],[112.5683,58.9432],[112.5247,58.8941],[112.4791,58.8911],[112.4415,58.9181],[112.4468,58.9791],[112.4616,58.9953],[112.4348,59.0102],[112.4606,59.0305],[112.4356,59.0552],[112.4681,59.0825],[112.4644,59.113],[112.4478,59.1362],[112.466,59.1866],[112.5057,59.2382],[112.5632,59.2558],[112.6019,59.2749],[112.6438,59.2813],[112.6515,59.3136],[112.5901,59.3259],[112.5363,59.3454],[112.5044,59.3343],[112.4558,59.3411],[112.4171,59.3355],[112.3619,59.3104],[112.2808,59.318],[112.3223,59.3342],[112.3028,59.3647],[112.2754,59.3731],[112.3406,59.4256],[112.3369,59.4391],[112.2864,59.483],[112.2819,59.5029],[112.3011,59.5242],[112.2513,59.5284],[112.1993,59.5043],[112.1782,59.4706],[112.1485,59.4646],[112.0937,59.4287],[112.0789,59.3925],[112.0402,59.383],[111.9596,59.3387],[111.9759,59.3197],[111.9466,59.2804],[111.8989,59.3037],[111.8446,59.2906],[111.7902,59.298],[111.6498,59.2238],[111.5873,59.239],[111.5606,59.2352],[111.5073,59.2555],[111.5001,59.2824],[111.4511,59.2924],[111.3815,59.2887],[111.2972,59.2776],[111.2679,59.2581],[111.2177,59.2037],[111.1181,59.2195],[111.0936,59.256],[111.0423,59.2225],[110.9831,59.2167],[110.9835,59.2305],[110.9494,59.2474],[110.7205,59.2809],[110.6346,59.2466],[110.6416,59.2187],[110.5746,59.2041],[110.5486,59.1833],[110.6036,59.1404],[110.5455,59.1276],[110.5261,59.1068],[110.5413,59.092],[110.4747,59.0464],[110.3993,59.0572],[110.3177,59.0255],[110.3097,59.009],[110.2631,58.991],[110.28,58.9572],[110.3631,58.9295],[110.2943,58.9063],[110.2851,58.8887],[110.2225,58.8735],[110.2307,58.8541],[110.306,58.8692],[110.3709,58.8574],[110.4353,58.8666],[110.4386,58.8373],[110.4845,58.8315],[110.4948,58.8134],[110.4432,58.7941],[110.4639,58.7706],[110.5448,58.7718],[110.5889,58.7987],[110.6934,58.8298],[110.7465,58.8536],[110.7863,58.846],[110.8745,58.8542],[110.984,58.879],[110.9754,58.9082],[111.0164,58.928],[111.0032,58.9431],[111.0029,58.9751],[111.0383,58.9891],[111.1327,58.9866],[111.165,58.9982],[111.2853,58.992],[111.3058,58.9614],[111.3443,58.9846],[111.4439,58.9897],[111.5013,58.9809],[111.5018,58.9591],[111.5237,58.9486],[111.5482,58.9135],[111.6326,58.9184],[111.6401,58.8919],[111.631,58.8568],[111.7064,58.8395],[111.7524,58.7934],[111.7139,58.7723],[111.6995,58.752],[111.7209,58.7371],[111.7093,58.7167],[111.7427,58.706],[111.7625,58.685],[111.7634,58.653],[111.7272,58.6028],[111.6781,58.5932],[111.7108,58.5473],[111.6761,58.5363],[111.6036,58.5316],[111.6032,58.5117],[111.5438,58.4942],[111.5522,58.4769],[111.4751,58.4441],[111.4183,58.4758],[111.4007,58.5019],[111.3724,58.5005],[111.2983,58.4779],[111.2138,58.4382],[111.1234,58.4779],[111.0261,58.4747],[111.0226,58.4167],[111.0636,58.3866],[111.0773,58.3659],[111.1157,58.349],[111.1115,58.3053],[111.1215,58.27],[111.0744,58.2507],[111.0957,58.2219],[111.075,58.2081],[111.0241,58.2237],[110.9874,58.1993],[110.9349,58.2278],[110.8625,58.2298],[110.807,58.2024],[110.8116,58.184],[110.7358,58.1917],[110.7628,58.2395],[110.7362,58.2517],[110.67,58.2504],[110.6191,58.1942],[110.6634,58.1859],[110.6185,58.1658],[110.6526,58.144],[110.6529,58.1239],[110.541,58.0885],[110.5508,58.074],[110.5247,58.0438],[110.577,58.0221],[110.5518,58.0112],[110.5294,57.9742],[110.537,57.9592],[110.5815,57.9458],[110.6073,57.9484],[110.6544,57.8906],[110.6468,57.8699],[110.6792,57.8608],[110.7158,57.8642],[110.7406,57.8491],[110.7234,57.8141],[110.775,57.7989],[110.7898,57.7838],[110.8547,57.7603],[110.8708,57.7413],[110.8712,57.7139],[110.8985,57.6848],[110.8688,57.6736],[110.859,57.6208],[110.7302,57.597],[110.7495,57.5535],[110.7407,57.524],[110.7117,57.4752],[110.7449,57.4595],[110.7555,57.4406],[110.8355,57.4208],[110.8641,57.3889],[110.8472,57.3393],[110.9116,57.3064],[110.8957,57.2726],[110.9307,57.2146],[110.8938,57.1543],[110.9251,57.1451],[110.933,57.1231],[110.8599,57.1065],[110.8131,57.107],[110.7395,57.1169],[110.7155,57.0837],[110.7383,57.0397],[110.7637,57.0125],[110.7173,56.9823],[110.7612,56.9707],[110.7645,56.9546],[110.7296,56.9304],[110.6878,56.9139],[110.6993,56.8818],[110.7607,56.8852],[110.7925,56.8772],[110.8424,56.8406],[110.8866,56.8426],[110.9477,56.8588],[110.9821,56.8744],[111.0689,56.8359],[111.1112,56.8228],[111.1617,56.823],[111.2103,56.8527],[111.2101,56.8649],[111.2445,56.8925],[111.3422,56.8958],[111.3681,56.9314],[111.3394,56.9547],[111.3743,56.9888],[111.3914,57.0311],[111.4224,57.044],[111.4785,57.08],[111.4732,57.0916],[111.5262,57.1309],[111.6107,57.0987],[111.592,57.0598],[111.6142,57.0124],[111.6801,57.0004],[111.6997,56.9807],[111.7309,56.9738],[111.7673,56.9468],[111.7895,56.9101],[111.8305,56.9127],[111.8718,56.9479],[111.9891,56.9542],[112.0137,56.9437],[112.0847,56.9558],[112.1187,56.9387],[112.1255,56.9216],[112.1888,56.8808],[112.2153,56.8575],[112.2563,56.8666],[112.3306,56.8704],[112.4046,56.8574],[112.4542,56.8729],[112.4525,56.8882],[112.4935,56.9172],[112.5188,56.918],[112.5498,56.9454],[112.6798,56.9652],[112.7027,56.9499],[112.7381,56.9481],[112.6791,56.8572],[112.735,56.7901],[112.7342,56.7597],[112.798,56.7476],[112.8354,56.7255],[112.8738,56.723],[112.8678,56.6858],[112.9621,56.6814],[113.0006,56.6909],[113.0779,56.6826],[113.0872,56.6603],[113.1529,56.64],[113.2221,56.6578],[113.3138,56.642],[113.3251,56.632],[113.3651,56.626],[113.385,56.6521],[113.4277,56.6452],[113.4858,56.6897]]]},"properties":{"osm_id":1445620,"name":"Мамско-Чуйский район","kind":"district","parent":"Иркутская область","parent_iso":"RU-IRK","label":[112.1384,58.1404]}},
{"type":"Feature","geometry":{"type":"Polygon","coordinates":[[[103.6652,52.1854],[103.6708,52.1679],[103.6517,52.1477],[103.6227,52.151],[103.5941,52.1348],[103.5927,52.1038],[103.5638,52.0984],[103.5341,52.0583],[103.5075,52.0053],[103.4779,51.9956],[103.4461,51.9398],[103.4255,51.8719],[103.4405,51.8292],[103.4818,51.831],[103.4961,51.8209],[103.9129,51.8095],[103.9131,51.8269],[103.9689,51.8538],[103.9704,51.8631],[104.0495,51.893],[104.1185,51.9318],[104.145,51.9319],[104.1523,51.9687],[104.1967,51.9674],[104.2004,52.025],[104.2143,52.0249],[104.2076,52.0808],[104.1619,52.1439],[104.1661,52.1779],[104.1298,52.1841],[104.1365,52.227],[104.1105,52.2471],[104.0632,52.2568],[104.0265,52.2544],[103.9735,52.2769],[103.9514,52.2723],[103.8697,52.2983],[103.8498,52.2818],[103.7792,52.2573],[103.7508,52.2656],[103.7148,52.2207],[103.6847,52.2137],[103.6652,52.1854]]]},"properties":{"osm_id":1459516,"name":"Шелеховский район","kind":"district","parent":"Иркутская область","parent_iso":"RU-IRK","label":[103.8194,52.0558]}},
{"type":"Feature","geometry":{"type":"Polygon","coordinates":[[[110.2631,58.991],[110.2394,58.9999],[110.1582,58.9809],[110.141,58.9954],[110.0863,59.0024],[110.0235,59.0016],[109.9776,59.0241],[109.9107,59.0196],[109.8511,59.0032],[109.8119,59.0043],[109.7572,59.037],[109.7274,59.0906],[109.699,59.0919],[109.6556,59.0727],[109.6175,59.0833],[109.6136,59.1007],[109.6342,59.1222],[109.6285,59.1619],[109.5572,59.1533],[109.539,59.1113],[109.5035,59.0771],[109.4658,59.0609],[109.4657,59.045],[109.4325,59.0022],[109.3614,58.9321],[109.2807,58.9447],[109.2553,58.9675],[109.2,58.9696],[109.106,58.9464],[109.0958,58.9263],[109.0313,58.9188],[108.9771,58.9234],[108.9103,58.9118],[108.8714,58.927],[108.8263,58.9277],[108.7411,58.9114],[108.7256,58.8798],[108.7338,58.8582],[108.7102,58.835],[108.7389,58.8155],[108.7107,58.7896],[108.6993,58.7281],[108.6574,58.7113],[108.6643,58.6938],[108.6477,58.6459],[108.6206,58.6308],[108.6058,58.6017],[108.5688,58.5895],[108.6079,58.571],[108.6134,58.5037],[108.5762,58.4788],[108.5329,58.462],[108.5968,58.4348],[108.6048,58.3994],[108.5676,58.396],[108.5603,58.3792],[108.5026,58.3505],[108.5197,58.3261],[108.4733,58.2808],[108.4501,58.2292],[108.3905,58.1804],[108.3771,58.1967],[108.2648,58.2233],[108.2627,58.2708],[108.2102,58.2989],[108.1936,58.3488],[108.1725,58.3758],[108.1962,58.4121],[108.1522,58.4469],[108.113,58.45],[108.1006,58.4744],[108.1171,58.5025],[108.0681,58.5374],[108.0222,58.5606],[107.9695,58.5464],[107.9078,58.5441],[107.8727,58.6349],[107.9059,58.6675],[107.885,58.6802],[107.8593,58.7194],[107.8331,58.7228],[107.7707,58.7142],[107.7334,58.6708],[107.6849,58.6792],[107.6251,58.6552],[107.5958,58.6632],[107.5471,58.6961],[107.5203,58.6929],[107.4636,58.7279],[107.3889,58.7262],[107.3604,58.6991],[107.4249,58.6248],[107.3978,58.6145],[107.3879,58.5781],[107.3983,58.552],[107.2283,58.5089],[107.3006,58.4529],[107.3255,58.4162],[107.3126,58.3946],[107.2627,58.3945],[107.2885,58.3359],[107.2674,58.3277],[107.3139,58.3019],[107.2347,58.2967],[107.2243,58.2819],[107.1683,58.2699],[107.0861,58.2834],[107.0569,58.2792],[107.0437,58.249],[107.0664,58.2343],[107.0003,58.2132],[106.9744,58.2174],[106.9254,58.1979],[106.9515,58.1624],[106.9526,58.1085],[106.9742,58.0988],[106.9943,58.0346],[107.0191,58.0226],[107.0675,57.9698],[107.1227,57.939],[107.1469,57.9106],[107.1363,57.8893],[107.1614,57.8761],[107.1891,57.843],[107.1889,57.8282],[107.2837,57.7627],[107.2968,57.7198],[107.2964,57.5955],[107.2886,57.5897],[107.2747,57.3354],[107.2779,57.2311],[107.286,57.2082],[107.167,57.2105],[107.1672,57.2495],[107.1198,57.2509],[107.0926,57.2695],[107.0929,57.2921],[107.0046,57.2833],[106.972,57.2472],[106.966,57.1954],[106.982,57.1645],[106.9835,57.1236],[106.9587,57.1083],[106.9625,57.0822],[106.9157,57.0783],[106.8968,57.0582],[106.8582,56.9809],[106.8733,56.9525],[106.8483,56.9313],[106.8552,56.8937],[106.8972,56.8823],[106.913,56.8517],[106.9538,56.832],[106.964,56.8083],[107.0067,56.8004],[107.0739,56.7997],[107.0486,56.7362],[106.9915,56.6256],[106.9609,56.5779],[106.9258,56.3964],[107.0271,56.3954],[107.0373,56.3605],[107.0922,56.36],[107.1268,56.3828],[107.1576,56.4437],[107.1753,56.4448],[107.226,56.4761],[107.2449,56.5164],[107.2783,56.5492],[107.2523,56.5697],[107.2873,56.6223],[107.2455,56.6343],[107.2164,56.6564],[107.2222,56.695],[107.2835,56.7185],[107.3272,56.7438],[107.294,56.7723],[107.2243,56.7902],[107.2838,56.8006],[107.3118,56.8176],[107.3194,56.841],[107.3825,56.8816],[107.4459,56.9005],[107.4741,56.9013],[107.4852,56.9243],[107.518,56.938],[107.5289,56.9624],[107.5655,56.9723],[107.5762,57.0042],[107.6425,57.0234],[107.6648,57.0131],[107.7045,57.0337],[107.79,57.0588],[107.7835,57.1009],[107.8382,57.1142],[107.8611,57.0959],[107.8891,57.0971],[107.9477,57.1286],[107.9803,57.117],[108.0298,57.1513],[108.019,57.1661],[108.0573,57.182],[108.0594,57.2066],[108.1001,57.2444],[108.1329,57.265],[108.1132,57.2782],[108.095,57.3118],[108.1411,57.3367],[108.1761,57.3375],[108.2186,57.3729],[108.2727,57.3941],[108.2758,57.4125],[108.338,57.4211],[108.3733,57.4611],[108.4558,57.4888],[108.4615,57.5087],[108.5006,57.5158],[108.5077,57.5306],[108.5455,57.5336],[108.5965,57.551],[108.6329,57.58],[108.6712,57.5657],[108.7503,57.5631],[108.7923,57.5312],[108.8347,57.5311],[108.9,57.5043],[108.9437,57.4641],[108.972,57.418],[108.9299,57.3875],[108.9372,57.3607],[108.9862,57.3238],[108.9616,57.3199],[108.9395,57.2977],[108.8978,57.2331],[108.9505,57.2043],[108.9607,57.1878],[108.9341,57.1633],[108.9234,57.1184],[108.959,57.1144],[109.012,57.0901],[109.0102,57.0748],[109.1112,57.0761],[109.1455,57.1005],[109.1942,57.0943],[109.2216,57.1013],[109.3107,57.1013],[109.3116,57.0817],[109.3524,57.0748],[109.3895,57.0415],[109.4182,57.0268],[109.447,57.0315],[109.5165,57.0564],[109.5684,57.0432],[109.6362,57.0839],[109.6662,57.0859],[109.7286,57.0646],[109.7411,57.0386],[109.8082,56.9935],[109.886,56.9864],[109.9128,56.9691],[109.9237,56.9274],[109.9508,56.9181],[109.9714,56.9462],[110.0158,56.9754],[110.0597,56.9754],[110.0855,56.9874],[110.1075,56.9696],[110.169,56.9541],[110.1875,56.9339],[110.2136,56.9296],[110.2685,56.9521],[110.3661,56.9442],[110.3938,56.9263],[110.3874,56.9127],[110.4321,56.8998],[110.5081,56.8952],[110.4905,56.8696],[110.5007,56.8554],[110.5794,56.8344],[110.6283,56.8368],[110.6861,56.8655],[110.6993,56.8818],[110.6878,56.9139],[110.7296,56.9304],[110.7645,56.9546],[110.7612,56.9707],[110.7173,56.9823],[110.7637,57.0125],[110.7383,57.0397],[110.7155,57.0837],[110.7395,57.1169],[110.8131,57.107],[110.8599,57.1065],[110.933,57.1231],[110.9251,57.1451],[110.8938,57.1543],[110.9307,57.2146],[110.8957,57.2726],[110.9116,57.3064],[110.8472,57.3393],[110.8641,57.3889],[110.8355,57.4208],[110.7555,57.4406],[110.7449,57.4595],[110.7117,57.4752],[110.7407,57.524],[110.7495,57.5535],[110.7302,57.597],[110.859,57.6208],[110.8688,57.6736],[110.8985,57.6848],[110.8712,57.7139],[110.8708,57.7413],[110.8547,57.7603],[110.7898,57.7838],[110.775,57.7989],[110.7234,57.8141],[110.7406,57.8491],[110.7158,57.8642],[110.6792,57.8608],[110.6468,57.8699],[110.6544,57.8906],[110.6073,57.9484],[110.5815,57.9458],[110.537,57.9592],[110.5294,57.9742],[110.5518,58.0112],[110.577,58.0221],[110.5247,58.0438],[110.5508,58.074],[110.541,58.0885],[110.6529,58.1239],[110.6526,58.144],[110.6185,58.1658],[110.6634,58.1859],[110.6191,58.1942],[110.67,58.2504],[110.7362,58.2517],[110.7628,58.2395],[110.7358,58.1917],[110.8116,58.184],[110.807,58.2024],[110.8625,58.2298],[110.9349,58.2278],[110.9874,58.1993],[111.0241,58.2237],[111.075,58.2081],[111.0957,58.2219],[111.0744,58.2507],[111.1215,58.27],[111.1115,58.3053],[111.1157,58.349],[111.0773,58.3659],[111.0636,58.3866],[111.0226,58.4167],[111.0261,58.4747],[111.1234,58.4779],[111.2138,58.4382],[111.2983,58.4779],[111.3724,58.5005],[111.4007,58.5019],[111.4183,58.4758],[111.4751,58.4441],[111.5522,58.4769],[111.5438,58.4942],[111.6032,58.5117],[111.6036,58.5316],[111.6761,58.5363],[111.7108,58.5473],[111.6781,58.5932],[111.7272,58.6028],[111.7634,58.653],[111.7625,58.685],[111.7427,58.706],[111.7093,58.7167],[111.7209,58.7371],[111.6995,58.752],[111.7139,58.7723],[111.7524,58.7934],[111.7064,58.8395],[111.631,58.8568],[111.6401,58.8919],[111.6326,58.9184],[111.5482,58.9135],[111.5237,58.9486],[111.5018,58.9591],[111.5013,58.9809],[111.4439,58.9897],[111.3443,58.9846],[111.3058,58.9614],[111.2853,58.992],[111.165,58.9982],[111.1327,58.9866],[111.0383,58.9891],[111.0029,58.9751],[111.0032,58.9431],[111.0164,58.928],[110.9754,58.9082],[110.984,58.879],[110.8745,58.8542],[110.7863,58.846],[110.7465,58.8536],[110.6934,58.8298],[110.5889,58.7987],[110.5448,58.7718],[110.4639,58.7706],[110.4432,58.7941],[110.4948,58.8134],[110.4845,58.8315],[110.4386,58.8373],[110.4353,58.8666],[110.3709,58.8574],[110.306,58.8692],[110.2307,58.8541],[110.2225,58.8735],[110.2851,58.8887],[110.2943,58.9063],[110.3631,58.9295],[110.28,58.9572],[110.2631,58.991]]]},"properties":{"osm_id":1454435,"name":"Киренский муниципальный округ","kind":"district","parent":"Иркутская область","parent_iso":"RU-IRK","label":[109.3072,57.761]}},
{"type":"Feature","geometry":{"type":"Polygon","coordinates":[[[117.8789,50.4331],[117.8816,50.4125],[117.9529,50.3888],[117.9846,50.3625],[118.0155,50.3523],[118.0312,50.3343],[118.0552,50.3349],[118.1642,50.2922],[118.1793,50.2528],[118.1996,50.2336],[118.238,50.2252],[118.2507,50.2479],[118.316,50.2874],[118.361,50.2959],[118.4408,50.2844],[118.4956,50.2913],[118.4659,50.3437],[118.4965,50.3785],[118.5204,50.3394],[118.5792,50.3469],[118.5895,50.3371],[118.6168,50.264],[118.6428,50.258],[118.6987,50.1851],[118.6782,50.1553],[118.7773,50.0803],[118.8258,50.0513],[118.8476,49.9841],[118.8396,49.966],[118.9118,49.9789],[118.9376,49.9913],[118.9865,49.9763],[119.025,49.9875],[119.0841,49.9843],[119.1103,49.9997],[119.116,50.0167],[119.1726,50.0414],[119.1717,50.0597],[119.1971,50.0783],[119.2296,50.0747],[119.2497,50.099],[119.2741,50.1048],[119.3033,50.1436],[119.2982,50.1556],[119.3294,50.1721],[119.3316,50.1906],[119.3098,50.2164],[119.3433,50.3028],[119.3668,50.311],[119.3508,50.3576],[119.3214,50.3605],[119.2926,50.3452],[119.269,50.3647],[119.2468,50.3417],[119.2049,50.3625],[119.1874,50.348],[119.1514,50.3581],[119.1449,50.3881],[119.159,50.422],[119.1967,50.41],[119.2426,50.4466],[119.2551,50.488],[119.2569,50.5381],[119.2864,50.5713],[119.2742,50.6034],[119.3298,50.6277],[119.3474,50.628],[119.3833,50.6596],[119.3736,50.6798],[119.3361,50.7107],[119.2791,50.7103],[119.2536,50.7474],[119.2266,50.7518],[119.1936,50.7233],[119.0744,50.7719],[119.0537,50.7473],[119.0783,50.7357],[119.0742,50.7075],[118.9891,50.6966],[118.9318,50.6574],[118.8991,50.6421],[118.8654,50.6697],[118.8222,50.6664],[118.7753,50.7075],[118.7782,50.7352],[118.744,50.7621],[118.6911,50.7771],[118.5987,50.7499],[118.5115,50.7657],[118.4817,50.742],[118.4915,50.7198],[118.468,50.6945],[118.4452,50.6452],[118.4143,50.6199],[118.3842,50.6542],[118.354,50.6708],[118.315,50.6615],[118.3043,50.6391],[118.2733,50.6335],[118.251,50.6152],[118.2128,50.5284],[118.2164,50.5087],[118.2007,50.493],[118.1643,50.5034],[118.0634,50.5049],[117.9536,50.4499],[117.8789,50.4331]]]},"properties":{"osm_id":1846008,"name":"Приаргунский муниципальный округ","kind":"district","parent":"Забайкальский край","parent_iso":"RU-ZAB","label":[118.6303,50.3715]}},
{"type":"Feature","geometry":{"type":"Polygon","coordinates":[[[118.9225,51.3453],[118.9529,51.3611],[118.9908,51.3553],[119.0053,51.3148],[118.9922,51.2751],[118.9455,51.2589],[118.9541,51.2287],[118.9863,51.218],[119.0353,51.231],[119.0764,51.2247],[119.1539,51.2578],[119.1769,51.2536],[119.2154,51.2311],[119.1696,51.2002],[119.1373,51.2055],[119.131,51.1816],[119.1071,51.1735],[119.0951,51.1276],[119.0564,51.1532],[119.0269,51.1572],[119.0001,51.1034],[119.0543,51.0469],[119.046,51.0245],[119.0991,50.9991],[119.1677,50.9229],[119.2038,50.9262],[119.2653,50.963],[119.324,50.9614],[119.3347,50.9884],[119.3701,50.9888],[119.4167,50.9992],[119.4453,50.9913],[119.4702,51.0007],[119.5018,50.985],[119.5084,50.9607],[119.5685,50.9464],[119.5918,50.984],[119.6223,50.9945],[119.6254,51.0093],[119.6629,51.012],[119.7189,51.0502],[119.7165,51.0755],[119.7567,51.0988],[119.7813,51.172],[119.7531,51.2116],[119.7785,51.2241],[119.8203,51.2625],[119.8035,51.2771],[119.8319,51.2931],[119.8722,51.2953],[119.8824,51.3405],[119.9122,51.3434],[119.9379,51.3654],[119.9075,51.373],[119.9023,51.389],[119.9609,51.3975],[119.9683,51.4352],[119.9953,51.4578],[119.9753,51.481],[119.9778,51.5019],[120.007,51.5172],[120.0449,51.5523],[120.0275,51.5831],[120.0619,51.6405],[120.0917,51.6467],[120.0872,51.6807],[120.1373,51.6729],[120.1842,51.689],[120.2251,51.7257],[120.287,51.7501],[120.3047,51.781],[120.3558,51.7874],[120.3916,51.8304],[120.4698,51.8515],[120.4648,51.8743],[120.4977,51.8853],[120.5439,51.8829],[120.5423,51.9073],[120.6338,51.9204],[120.6553,51.9308],[120.6542,51.9548],[120.697,51.9811],[120.7118,52.0072],[120.6791,52.0362],[120.6934,52.056],[120.7552,52.1028],[120.7537,52.1357],[120.7796,52.1637],[120.7391,52.2045],[120.7374,52.2255],[120.7516,52.2554],[120.7054,52.2621],[120.6928,52.287],[120.6496,52.2999],[120.6214,52.3247],[120.6178,52.3609],[120.6476,52.3696],[120.6414,52.3857],[120.6836,52.4289],[120.6794,52.4726],[120.6984,52.4881],[120.6864,52.5177],[120.7226,52.5299],[120.7162,52.5486],[120.6769,52.5482],[120.6557,52.5662],[120.6184,52.5706],[120.5953,52.5905],[120.5607,52.5934],[120.4776,52.629],[120.459,52.6435],[120.4291,52.6383],[120.4014,52.6187],[120.4138,52.5939],[120.4457,52.5905],[120.4512,52.5642],[120.5187,52.5108],[120.4859,52.4918],[120.5162,52.4389],[120.4521,52.4256],[120.4229,52.3934],[120.4005,52.3825],[120.3441,52.3964],[120.3042,52.3803],[120.2784,52.3592],[120.2921,52.3198],[120.262,52.2785],[120.235,52.265],[120.2497,52.2434],[120.2428,52.186],[120.2594,52.1689],[120.2505,52.1407],[120.217,52.1329],[120.2127,52.1116],[120.1836,52.0969],[120.1284,52.0825],[120.1096,52.0424],[120.017,52.0176],[119.9932,51.9865],[119.9334,51.9692],[119.8817,51.9238],[119.8459,51.9034],[119.7404,51.9458],[119.7124,51.9475],[119.6969,51.9885],[119.6677,51.9872],[119.6754,51.9631],[119.6092,51.9355],[119.5472,51.9343],[119.5179,51.8967],[119.4868,51.8881],[119.408,51.8946],[119.3859,51.8759],[119.3901,51.8415],[119.3306,51.8166],[119.2922,51.8106],[119.2851,51.7902],[119.2397,51.7785],[119.1849,51.7403],[119.1716,51.7227],[119.1951,51.7076],[119.1935,51.6721],[119.1278,51.6681],[119.0828,51.6713],[119.0256,51.6558],[118.9935,51.6293],[118.9518,51.61],[118.9398,51.5927],[118.9906,51.5381],[118.9616,51.5068],[118.9352,51.497],[118.911,51.466],[118.9085,51.4213],[118.9303,51.3831],[118.9225,51.3453]]]},"properties":{"osm_id":1846007,"name":"Нерчинско-Заводский муниципальный округ","kind":"district","parent":"Забайкальский край","parent_iso":"RU-ZAB","label":[119.8425,51.7782]}},
{"type":"Feature","geometry":{"type":"Polygon","coordinates":[[[103.9735,52.2769],[103.9663,52.3],[103.9781,52.316],[103.945,52.3262],[103.9649,52.3508],[104.0027,52.3797],[104.0599,52.4009],[104.1046,52.4205],[104.0764,52.4352],[104.0465,52.4874],[103.9948,52.4814],[103.9568,52.5099],[103.9577,52.5423],[103.9843,52.5538],[103.9399,52.5784],[103.9455,52.6197],[103.9325,52.6377],[103.8818,52.6271],[103.8477,52.5951],[103.8702,52.5851],[103.8558,52.536],[103.8093,52.5263],[103.7934,52.4842],[103.7687,52.478],[103.726,52.4888],[103.6974,52.4628],[103.6039,52.4314],[103.5092,52.4307],[103.4792,52.3878],[103.444,52.3846],[103.3958,52.3963],[103.3565,52.3902],[103.2932,52.3441],[103.2345,52.3533],[103.2536,52.3235],[103.2105,52.3265],[103.1931,52.303],[103.2425,52.2973],[103.3257,52.3421],[103.3427,52.319],[103.2685,52.301],[103.2773,52.2873],[103.4413,52.2882],[103.5602,52.2922],[103.5619,52.2704],[103.5435,52.2454],[103.5446,52.2234],[103.6622,52.1915],[103.6652,52.1854],[103.6847,52.2137],[103.7148,52.2207],[103.7508,52.2656],[103.7792,52.2573],[103.8498,52.2818],[103.8697,52.2983],[103.9514,52.2723],[103.9735,52.2769]]]},"properties":{"osm_id":1465764,"name":"Ангарский городской округ","kind":"district","parent":"Иркутская область","parent_iso":"RU-IRK","label":[103.6461,52.4106]}},
{"type":"Feature","geometry":{"type":"Polygon","coordinates":[[[106.6016,54.9226],[106.6528,54.8984],[106.6715,54.9039],[106.721,54.8813],[106.7581,54.875],[106.7931,54.8509],[106.7992,54.8264],[106.9678,54.8428],[106.9793,54.8691],[107.0453,54.8904],[107.0997,54.8945],[107.1684,54.8858],[107.1895,54.9022],[107.2288,54.8856],[107.2564,54.8883],[107.3063,54.8716],[107.3547,54.9085],[107.3847,54.942],[107.4123,54.9321],[107.4602,54.9539],[107.5004,54.9536],[107.5298,54.9372],[107.5897,54.97],[107.6023,54.9563],[107.6955,54.9125],[107.7255,54.8939],[107.7128,54.878],[107.7376,54.8588],[107.7785,54.8493],[107.8431,54.8764],[107.8808,54.8658],[107.9231,54.8748],[107.973,54.8989],[108.0393,54.9195],[108.0421,54.9549],[108.0714,54.9589],[108.0805,54.9325],[108.1511,54.9258],[108.1752,54.9305],[108.1947,54.8906],[108.2222,54.8895],[108.2467,54.8675],[108.2755,54.8691],[108.2922,54.8497],[108.2707,54.8267],[108.2834,54.8001],[108.3163,54.8026],[108.3419,54.7897],[108.3233,54.7659],[108.3458,54.728],[108.3765,54.7343],[108.395,54.7217],[108.4647,54.7014],[108.4936,54.6803],[108.5255,54.6821],[108.5477,54.6415],[108.6363,54.6398],[108.6592,54.654],[108.7119,54.667],[108.7223,54.729],[108.7035,54.7427],[108.7253,54.7954],[108.7105,54.8196],[108.7271,54.8595],[108.7118,54.878],[108.7188,54.9009],[108.7612,54.9329],[108.695,54.9802],[108.6869,55.0243],[108.6945,55.0615],[108.7456,55.1052],[108.7338,55.1283],[108.7681,55.1432],[108.7736,55.1916],[108.7937,55.2068],[108.7832,55.2329],[108.7111,55.2519],[108.709,55.2868],[108.6749,55.2947],[108.661,55.3363],[108.6721,55.3591],[108.6673,55.3953],[108.6516,55.4228],[108.6056,55.4393],[108.6403,55.4587],[108.6392,55.4886],[108.66,55.4991],[108.7027,55.4985],[108.696,55.5313],[108.6714,55.5719],[108.6924,55.5792],[108.6814,55.6049],[108.7299,55.6134],[108.7756,55.6109],[108.7927,55.6867],[108.8095,55.7046],[108.7854,55.7386],[108.7852,55.7724],[108.8138,55.7957],[108.8288,55.8236],[108.8229,55.8474],[108.8709,55.8764],[108.9039,55.877],[108.9276,55.9113],[108.9559,55.9198],[108.9706,55.9391],[109.016,55.9241],[109.0441,55.933],[109.0807,55.9151],[109.1363,55.917],[109.202,55.907],[109.2665,55.9611],[109.2403,55.9934],[109.1631,55.9871],[109.0877,56.0148],[109.0338,55.9972],[108.9859,56.0076],[108.9534,56.0284],[108.9525,56.0669],[108.8947,56.0864],[108.8851,56.1008],[108.923,56.1248],[108.8859,56.1518],[108.8653,56.1829],[108.8417,56.1902],[108.8165,56.2285],[108.7465,56.2338],[108.702,56.2525],[108.6517,56.2411],[108.6105,56.2708],[108.581,56.3016],[108.5843,56.3131],[108.5488,56.3321],[108.5781,56.3432],[108.6014,56.366],[108.5851,56.3769],[108.6182,56.4134],[108.6541,56.4197],[108.6664,56.4531],[108.6997,56.4675],[108.7402,56.505],[108.7331,56.5303],[108.6817,56.558],[108.7161,56.5802],[108.7698,56.5719],[108.8085,56.5838],[108.8422,56.5812],[108.8814,56.5913],[108.9049,56.5807],[108.9569,56.6072],[108.9481,56.6237],[109.0158,56.6438],[109.0114,56.6233],[109.0581,56.611],[109.079,56.6565],[109.1443,56.6795],[109.2315,56.6508],[109.323,56.6883],[109.3591,56.7138],[109.4274,56.7379],[109.5068,56.7359],[109.5441,56.7413],[109.6104,56.6965],[109.632,56.7025],[109.6888,56.6958],[109.7119,56.7048],[109.7691,56.7083],[109.7769,56.7299],[109.8877,56.7956],[109.8618,56.8119],[109.8534,56.8496],[109.8783,56.8676],[109.8879,56.8999],[109.9237,56.9274],[109.9128,56.9691],[109.886,56.9864],[109.8082,56.9935],[109.7411,57.0386],[109.7286,57.0646],[109.6662,57.0859],[109.6362,57.0839],[109.5684,57.0432],[109.5165,57.0564],[109.447,57.0315],[109.4182,57.0268],[109.3895,57.0415],[109.3524,57.0748],[109.3116,57.0817],[109.3107,57.1013],[109.2216,57.1013],[109.1942,57.0943],[109.1455,57.1005],[109.1112,57.0761],[109.0102,57.0748],[109.012,57.0901],[108.959,57.1144],[108.9234,57.1184],[108.9341,57.1633],[108.9607,57.1878],[108.9505,57.2043],[108.8978,57.2331],[108.9395,57.2977],[108.9616,57.3199],[108.9862,57.3238],[108.9372,57.3607],[108.9299,57.3875],[108.972,57.418],[108.9437,57.4641],[108.9,57.5043],[108.8347,57.5311],[108.7923,57.5312],[108.7503,57.5631],[108.6712,57.5657],[108.6329,57.58],[108.5965,57.551],[108.5455,57.5336],[108.5077,57.5306],[108.5006,57.5158],[108.4615,57.5087],[108.4558,57.4888],[108.3733,57.4611],[108.338,57.4211],[108.2758,57.4125],[108.2727,57.3941],[108.2186,57.3729],[108.1761,57.3375],[108.1411,57.3367],[108.095,57.3118],[108.1132,57.2782],[108.1329,57.265],[108.1001,57.2444],[108.0594,57.2066],[108.0573,57.182],[108.019,57.1661],[108.0298,57.1513],[107.9803,57.117],[107.9477,57.1286],[107.8891,57.0971],[107.8611,57.0959],[107.8382,57.1142],[107.7835,57.1009],[107.79,57.0588],[107.7045,57.0337],[107.6648,57.0131],[107.6425,57.0234],[107.5762,57.0042],[107.5655,56.9723],[107.5289,56.9624],[107.518,56.938],[107.4852,56.9243],[107.4741,56.9013],[107.4459,56.9005],[107.3825,56.8816],[107.3194,56.841],[107.3118,56.8176],[107.2838,56.8006],[107.2243,56.7902],[107.294,56.7723],[107.3272,56.7438],[107.2835,56.7185],[107.2222,56.695],[107.2164,56.6564],[107.2455,56.6343],[107.2873,56.6223],[107.2523,56.5697],[107.2783,56.5492],[107.2449,56.5164],[107.226,56.4761],[107.1753,56.4448],[107.1576,56.4437],[107.1268,56.3828],[107.0922,56.36],[107.0286,56.2889],[106.9616,56.2749],[106.9962,56.2168],[107.0194,56.206],[106.9945,56.1876],[106.9994,56.1601],[106.9754,56.1459],[106.9218,56.0986],[106.8997,56.0466],[106.8723,56.0473],[106.837,56.0166],[106.863,55.9975],[106.823,55.9604],[106.7985,55.9522],[106.7881,55.9157],[106.8123,55.8849],[106.7936,55.8468],[106.7986,55.8323],[106.7551,55.8197],[106.7304,55.7645],[106.7807,55.731],[106.7871,55.7117],[106.7826,55.6674],[106.7674,55.6421],[106.8258,55.6051],[106.8294,55.5882],[106.7687,55.5762],[106.7878,55.5483],[106.7896,55.5185],[106.7687,55.4938],[106.7321,55.4767],[106.7541,55.4518],[106.7657,55.4139],[106.747,55.3941],[106.6692,55.3505],[106.6497,55.3281],[106.6167,55.3114],[106.657,55.2859],[106.6539,55.2667],[106.673,55.2353],[106.7353,55.177],[106.7339,55.1636],[106.7771,55.1487],[106.792,55.1297],[106.78,55.1108],[106.7238,55.0939],[106.6602,55.0861],[106.6314,55.0736],[106.6383,55.0349],[106.6209,55.0263],[106.5917,54.9889],[106.6234,54.9743],[106.6254,54.9351],[106.6016,54.9226]]]},"properties":{"osm_id":1454640,"name":"Казачинско-Ленский район","kind":"district","parent":"Иркутская область","parent_iso":"RU-IRK","label":[108.257,56.1087]}},
{"type":"Feature","geometry":{"type":"Polygon","coordinates":[[[108.5774,54.5388],[108.6288,54.5455],[108.6645,54.5377],[108.9638,54.4523],[109.0677,54.4259],[109.0001,54.3339],[108.9293,54.27],[109.5416,54.1383],[109.5623,54.1249],[109.5768,54.0869],[109.61,54.058],[109.6461,54.0598],[109.6751,54.0464],[109.7454,54.0339],[109.8203,54.0329],[109.8491,54.0182],[109.8972,54.0094],[109.9144,54.0231],[109.9237,54.0614],[109.9552,54.0676],[110.0018,54.1262],[109.9898,54.1324],[110.0448,54.2266],[110.0159,54.2431],[110.0305,54.2676],[110.0172,54.2937],[109.9894,54.3098],[109.9813,54.3653],[110.0004,54.3763],[110.0177,54.4262],[110.0817,54.4444],[110.0912,54.4593],[110.1257,54.4649],[110.1431,54.4955],[110.2324,54.531],[110.3651,54.5692],[110.409,54.592],[110.397,54.6027],[110.415,54.6579],[110.4098,54.6801],[110.384,54.7125],[110.3276,54.7142],[110.3358,54.7446],[110.364,54.7491],[110.3714,54.795],[110.3616,54.8162],[110.4111,54.829],[110.4535,54.8582],[110.4706,54.8795],[110.5091,54.8947],[110.5553,54.882],[110.5868,54.9428],[110.646,54.9467],[110.6499,54.9734],[110.668,54.989],[110.669,55.0144],[110.6331,55.0168],[110.6119,55.0817],[110.6214,55.093],[110.5744,55.108],[110.5977,55.1258],[110.679,55.1644],[110.7345,55.2033],[110.7978,55.227],[110.8707,55.214],[110.9224,55.2189],[110.955,55.2397],[111.0146,55.324],[111.0459,55.3492],[111.0369,55.368],[111.0542,55.3855],[111.0333,55.4063],[111.053,55.4266],[111.1184,55.4496],[111.1338,55.4683],[111.139,55.5008],[111.2112,55.5269],[111.2761,55.4838],[111.3256,55.4699],[111.3731,55.4793],[111.4167,55.4579],[111.4599,55.426],[111.4902,55.421],[111.5528,55.4253],[111.5964,55.4351],[111.6381,55.4166],[111.656,55.3795],[111.7197,55.3855],[111.7692,55.3763],[111.7888,55.3617],[111.7665,55.3363],[111.7968,55.3326],[111.8577,55.3003],[111.9083,55.3129],[111.9427,55.2612],[111.9839,55.2707],[112.0642,55.2783],[112.0861,55.2902],[112.127,55.2887],[112.1538,55.2998],[112.1891,55.342],[112.2519,55.3467],[112.2738,55.3753],[112.3176,55.3847],[112.334,55.375],[112.4066,55.3751],[112.4479,55.3469],[112.4451,55.3175],[112.5164,55.2879],[112.5186,55.2701],[112.545,55.2594],[112.6045,55.2657],[112.6192,55.2812],[112.6898,55.2989],[112.7417,55.2936],[112.7341,55.3335],[112.7536,55.3425],[112.7591,55.3657],[112.7182,55.3987],[112.7221,55.4144],[112.6973,55.4334],[112.662,55.4438],[112.6366,55.463],[112.6243,55.4949],[112.5951,55.4904],[112.5668,55.5043],[112.5261,55.568],[112.4909,55.5612],[112.4644,55.5864],[112.4213,55.6055],[112.4369,55.6295],[112.4064,55.6583],[112.4552,55.6948],[112.4676,55.7161],[112.4694,55.7503],[112.4876,55.7824],[112.5303,55.8012],[112.5418,55.8266],[112.5738,55.8527],[112.6225,55.8787],[112.73,55.8863],[112.7746,55.9067],[112.8043,55.9112],[112.8409,55.9017],[112.8579,55.8857],[112.9053,55.9025],[112.9351,55.9011],[112.9418,55.9241],[113.0054,55.9279],[113.043,55.995],[112.9857,56.0454],[112.9466,56.0487],[112.9684,56.0889],[112.9396,56.1336],[112.9294,56.1778],[112.889,56.2182],[112.8602,56.2656],[112.8281,56.292],[112.801,56.3315],[112.8373,56.3576],[112.8474,56.3781],[112.8491,56.4259],[112.9909,56.4684],[113.0457,56.4776],[113.1031,56.4702],[113.1851,56.5164],[113.2056,56.5418],[113.2108,56.5827],[113.2683,56.5997],[113.3035,56.6026],[113.3002,56.6241],[113.3251,56.632],[113.3138,56.642],[113.2221,56.6578],[113.1529,56.64],[113.0872,56.6603],[113.0779,56.6826],[113.0006,56.6909],[112.9621,56.6814],[112.8678,56.6858],[112.8738,56.723],[112.8354,56.7255],[112.798,56.7476],[112.7342,56.7597],[112.735,56.7901],[112.6791,56.8572],[112.7381,56.9481],[112.7027,56.9499],[112.6798,56.9652],[112.5498,56.9454],[112.5188,56.918],[112.4935,56.9172],[112.4525,56.8882],[112.4542,56.8729],[112.4046,56.8574],[112.3306,56.8704],[112.2563,56.8666],[112.2153,56.8575],[112.1888,56.8808],[112.1255,56.9216],[112.1187,56.9387],[112.0847,56.9558],[112.0137,56.9437],[111.9891,56.9542],[111.8718,56.9479],[111.8305,56.9127],[111.7895,56.9101],[111.7673,56.9468],[111.7309,56.9738],[111.6997,56.9807],[111.6801,57.0004],[111.6142,57.0124],[111.592,57.0598],[111.6107,57.0987],[111.5262,57.1309],[111.4732,57.0916],[111.4785,57.08],[111.4224,57.044],[111.3914,57.0311],[111.3743,56.9888],[111.3394,56.9547],[111.3681,56.9314],[111.3422,56.8958],[111.2445,56.8925],[111.2101,56.8649],[111.2103,56.8527],[111.1617,56.823],[111.1112,56.8228],[111.0689,56.8359],[110.9821,56.8744],[110.9477,56.8588],[110.8866,56.8426],[110.8424,56.8406],[110.7925,56.8772],[110.7607,56.8852],[110.6993,56.8818],[110.6861,56.8655],[110.6283,56.8368],[110.5794,56.8344],[110.5007,56.8554],[110.4905,56.8696],[110.5081,56.8952],[110.4321,56.8998],[110.3874,56.9127],[110.3938,56.9263],[110.3661,56.9442],[110.2685,56.9521],[110.2136,56.9296],[110.1875,56.9339],[110.169,56.9541],[110.1075,56.9696],[110.0855,56.9874],[110.0597,56.9754],[110.0158,56.9754],[109.9714,56.9462],[109.9508,56.9181],[109.9237,56.9274],[109.8879,56.8999],[109.8783,56.8676],[109.8534,56.8496],[109.8618,56.8119],[109.8877,56.7956],[109.7769,56.7299],[109.7691,56.7083],[109.7119,56.7048],[109.6888,56.6958],[109.632,56.7025],[109.6104,56.6965],[109.5441,56.7413],[109.5068,56.7359],[109.4274,56.7379],[109.3591,56.7138],[109.323,56.6883],[109.2315,56.6508],[109.1443,56.6795],[109.079,56.6565],[109.0581,56.611],[109.0114,56.6233],[109.0158,56.6438],[108.9481,56.6237],[108.9569,56.6072],[108.9049,56.5807],[108.8814,56.5913],[108.8422,56.5812],[108.8085,56.5838],[108.7698,56.5719],[108.7161,56.5802],[108.6817,56.558],[108.7331,56.5303],[108.7402,56.505],[108.6997,56.4675],[108.6664,56.4531],[108.6541,56.4197],[108.6182,56.4134],[108.5851,56.3769],[108.6014,56.366],[108.5781,56.3432],[108.5488,56.3321],[108.5843,56.3131],[108.581,56.3016],[108.6105,56.2708],[108.6517,56.2411],[108.702,56.2525],[108.7465,56.2338],[108.8165,56.2285],[108.8417,56.1902],[108.8653,56.1829],[108.8859,56.1518],[108.923,56.1248],[108.8851,56.1008],[108.8947,56.0864],[108.9525,56.0669],[108.9534,56.0284],[108.9859,56.0076],[109.0338,55.9972],[109.0877,56.0148],[109.1631,55.9871],[109.2403,55.9934],[109.2665,55.9611],[109.202,55.907],[109.1363,55.917],[109.0807,55.9151],[109.0441,55.933],[109.016,55.9241],[108.9706,55.9391],[108.9559,55.9198],[108.9276,55.9113],[108.9039,55.877],[108.8709,55.8764],[108.8229,55.8474],[108.8288,55.8236],[108.8138,55.7957],[108.7852,55.7724],[108.7854,55.7386],[108.8095,55.7046],[108.7927,55.6867],[108.7756,55.6109],[108.7299,55.6134],[108.6814,55.6049],[108.6924,55.5792],[108.6714,55.5719],[108.696,55.5313],[108.7027,55.4985],[108.66,55.4991],[108.6392,55.4886],[108.6403,55.4587],[108.6056,55.4393],[108.6516,55.4228],[108.6673,55.3953],[108.6721,55.3591],[108.661,55.3363],[108.6749,55.2947],[108.709,55.2868],[108.7111,55.2519],[108.7832,55.2329],[108.7937,55.2068],[108.7736,55.1916],[108.7681,55.1432],[108.7338,55.1283],[108.7456,55.1052],[108.6945,55.0615],[108.6869,55.0243],[108.695,54.9802],[108.7612,54.9329],[108.7188,54.9009],[108.7118,54.878],[108.7271,54.8595],[108.7105,54.8196],[108.7253,54.7954],[108.7035,54.7427],[108.7223,54.729],[108.7119,54.667],[108.6592,54.654],[108.6363,54.6398],[108.6513,54.6291],[108.6336,54.5859],[108.604,54.5678],[108.5788,54.5663],[108.5457,54.5448],[108.5774,54.5388]],[[109.191,55.5879],[109.2044,55.6227],[109.2493,55.6476],[109.2772,55.684],[109.4287,55.6832],[109.3728,55.6515],[109.3558,55.6266],[109.354,55.5956],[109.2069,55.5687],[109.191,55.5879]]]},"properties":{"osm_id":194493,"name":"Северо-Байкальский район","kind":"district","parent":"Бурятия","parent_iso":"RU-BU","label":[110.9354,55.5703]}},
{"type":"Feature","geometry":{"type":"Polygon","coordinates":[[[107.0581,51.1257],[107.0864,51.106],[107.1659,51.1315],[107.1742,51.1614],[107.232,51.1709],[107.3149,51.1746],[107.377,51.173],[107.405,51.1803],[107.4076,51.2033],[107.3897,51.2428],[107.4548,51.2671],[107.4577,51.2836],[107.4952,51.2937],[107.5181,51.3256],[107.5707,51.3561],[107.613,51.344],[107.6709,51.3542],[107.7125,51.3477],[107.71,51.3718],[107.7908,51.3715],[107.8199,51.3804],[107.8636,51.3731],[107.8998,51.4114],[107.9621,51.3773],[107.9782,51.3841],[108.0362,51.3621],[108.0904,51.3976],[108.1042,51.4221],[108.1237,51.4227],[108.0967,51.4577],[108.1099,51.4688],[108.1734,51.4884],[108.1816,51.5237],[108.1214,51.5629],[108.0707,51.5394],[108.0152,51.5064],[107.9624,51.5015],[107.9221,51.5232],[107.9736,51.5532],[107.9615,51.5914],[107.979,51.6093],[107.96,51.6207],[107.9658,51.6422],[108.0013,51.6558],[108.0342,51.6961],[108.0197,51.7069],[108.0531,51.744],[108.0349,51.7823],[108.01,51.7978],[107.945,51.8169],[107.9144,51.835],[107.8233,51.8249],[107.7998,51.8221],[107.8042,51.7714],[107.7263,51.7692],[107.7259,51.7102],[107.6859,51.7107],[107.6765,51.7565],[107.5285,51.7604],[107.4891,51.7568],[107.4406,51.701],[107.399,51.6821],[107.4149,51.6634],[107.3903,51.6352],[107.365,51.6209],[107.3388,51.5683],[107.3029,51.5314],[107.2165,51.5096],[107.1777,51.5108],[107.1311,51.4842],[107.1033,51.4835],[107.0644,51.4614],[107.049,51.4348],[106.9943,51.4037],[106.9815,51.383],[106.9803,51.3316],[106.9879,51.2939],[106.9375,51.2785],[106.898,51.24],[106.9179,51.1936],[106.9023,51.1738],[106.9739,51.1663],[107.0076,51.172],[107.0185,51.1522],[107.0581,51.1257]]]},"properties":{"osm_id":195055,"name":"Тарбагатайский район","kind":"district","parent":"Бурятия","parent_iso":"RU-BU","label":[107.5529,51.4705]}},
{"type":"Feature","geometry":{"type":"Polygon","coordinates":[[[108.4507,52.3677],[108.4185,52.3327],[108.3847,52.3177],[108.3967,52.2984],[108.3662,52.2559],[108.3168,52.2462],[108.3338,52.2231],[108.317,52.1996],[108.2169,52.1739],[108.1712,52.1797],[108.0992,52.1685],[108.0798,52.1416],[108.0471,52.145],[108.0455,52.101],[107.9826,52.082],[107.9508,52.0829],[107.9364,52.0677],[107.8989,52.0527],[107.8463,52.0446],[107.8281,52.0319],[107.7767,52.031],[107.7366,52.0157],[107.7326,51.9934],[107.7121,51.978],[107.7311,51.9549],[107.7165,51.9049],[107.6971,51.8893],[107.7519,51.884],[107.7692,51.8519],[107.8373,51.8541],[107.883,51.8715],[107.9192,51.8481],[107.8112,51.85],[107.8233,51.8249],[107.9144,51.835],[107.945,51.8169],[108.01,51.7978],[108.0349,51.7823],[108.0531,51.744],[108.0197,51.7069],[108.0342,51.6961],[108.0013,51.6558],[107.9658,51.6422],[107.96,51.6207],[107.979,51.6093],[107.9615,51.5914],[107.9736,51.5532],[107.9221,51.5232],[107.9624,51.5015],[108.0152,51.5064],[108.0707,51.5394],[108.1214,51.5629],[108.1816,51.5237],[108.1734,51.4884],[108.1099,51.4688],[108.0967,51.4577],[108.1237,51.4227],[108.1881,51.4135],[108.2127,51.419],[108.2904,51.4069],[108.3597,51.41],[108.3886,51.4033],[108.411,51.4169],[108.4938,51.4165],[108.5073,51.4083],[108.5351,51.4156],[108.5622,51.3995],[108.617,51.4088],[108.6355,51.4417],[108.6337,51.4869],[108.6499,51.5019],[108.6822,51.5034],[108.7854,51.4367],[108.815,51.4363],[108.8612,51.4489],[108.9165,51.431],[108.9674,51.4406],[109.0043,51.4594],[109.0195,51.4768],[109.0468,51.475],[109.0611,51.5179],[109.0766,51.5376],[109.1603,51.5554],[109.1985,51.5788],[109.2815,51.5954],[109.2928,51.6201],[109.3473,51.6467],[109.3762,51.6524],[109.4045,51.6917],[109.3765,51.7025],[109.4133,51.7594],[109.4103,51.7836],[109.3783,51.7978],[109.3655,51.8741],[109.3143,51.8813],[109.2656,51.8731],[109.235,51.8466],[109.1984,51.8343],[109.1748,51.8409],[109.0865,51.8494],[109.0746,51.8328],[108.9681,51.8329],[108.9348,51.8204],[108.9131,51.8296],[108.8513,51.8373],[108.8282,51.8329],[108.7504,51.841],[108.6911,51.8633],[108.6885,51.8858],[108.7033,51.908],[108.6827,51.9285],[108.702,51.9822],[108.7384,52.0146],[108.7555,52.0112],[108.7716,52.0494],[108.7945,52.0821],[108.7912,52.1058],[108.827,52.1077],[108.8755,52.1307],[108.8989,52.1678],[108.838,52.2188],[108.7632,52.2326],[108.6825,52.2178],[108.6498,52.2434],[108.6638,52.2583],[108.6366,52.2897],[108.6132,52.3019],[108.568,52.2879],[108.5468,52.3132],[108.5566,52.3383],[108.5193,52.3514],[108.5097,52.3739],[108.4507,52.3677]]]},"properties":{"osm_id":195068,"name":"Заиграевский район","kind":"district","parent":"Бурятия","parent_iso":"RU-BU","label":[108.5557,51.8867]}},
{"type":"Feature","geometry":{"type":"Polygon","coordinates":[[[106.1634,53.2228],[106.1132,53.1725],[106.0768,53.1705],[106.0179,53.1787],[105.9895,53.166],[105.9731,53.1406],[105.9166,53.1088],[105.9231,53.0831],[105.885,53.0448],[105.88,53.0052],[105.8425,52.9798],[105.7791,52.9468],[105.7833,52.9086],[105.7733,52.8829],[105.7817,52.8543],[105.7051,52.7907],[105.7204,52.7715],[105.6339,52.7401],[105.6012,52.7488],[105.5228,52.7353],[105.5222,52.6863],[105.4801,52.6633],[105.4518,52.6607],[105.4225,52.6286],[105.3368,52.6113],[105.3214,52.5908],[105.4127,52.5747],[105.3986,52.5435],[105.4693,52.5618],[105.4937,52.5746],[105.5462,52.5793],[105.5731,52.5734],[105.6096,52.5913],[105.6458,52.5826],[105.6553,52.533],[105.6836,52.5091],[105.7265,52.5074],[105.7555,52.4909],[105.7863,52.5017],[105.8165,52.493],[105.8815,52.4915],[105.9459,52.5402],[105.9661,52.548],[106.0122,52.5262],[106.0266,52.5084],[106.1733,52.3625],[106.5008,52.5054],[107.0016,52.7175],[107.2435,52.8427],[107.7158,53.0832],[108.0127,53.2337],[108.0481,53.2763],[108.0875,53.3538],[108.2974,53.6735],[108.3734,53.7641],[108.4515,53.8485],[108.6356,54.0012],[108.9293,54.27],[109.0001,54.3339],[109.0677,54.4259],[108.9638,54.4523],[108.6645,54.5377],[108.6288,54.5455],[108.5774,54.5388],[108.5313,54.5265],[108.5177,54.4958],[108.4802,54.467],[108.4875,54.4479],[108.4577,54.4279],[108.4418,54.3537],[108.3859,54.3157],[108.3829,54.2888],[108.3256,54.2563],[108.324,54.2131],[108.2808,54.1901],[108.2228,54.1288],[108.2066,54.0852],[108.1834,54.0756],[108.1853,54.0548],[108.1596,54.0271],[108.1323,54.0199],[108.1288,53.9908],[108.1423,53.9638],[108.0707,53.9463],[108.0176,53.9588],[108.008,53.9151],[107.9595,53.9002],[107.9268,53.873],[107.8289,53.843],[107.7932,53.8163],[107.7333,53.8286],[107.6995,53.811],[107.6678,53.7829],[107.6289,53.7711],[107.5965,53.7217],[107.5655,53.7017],[107.4887,53.6821],[107.4694,53.6561],[107.4654,53.6219],[107.4365,53.6021],[107.4383,53.5765],[107.3876,53.5552],[107.3837,53.5271],[107.397,53.4992],[107.3618,53.4784],[107.3266,53.4706],[107.287,53.4471],[107.2664,53.4157],[107.2761,53.3998],[107.2385,53.3863],[107.1866,53.3515],[107.1142,53.3397],[107.0702,53.369],[107.0436,53.3747],[107.0103,53.4008],[106.9605,53.3997],[106.9651,53.422],[106.9114,53.4397],[106.8741,53.4196],[106.8237,53.3794],[106.7603,53.385],[106.6895,53.353],[106.6683,53.3556],[106.5952,53.3147],[106.5977,53.2866],[106.5598,53.2721],[106.5133,53.2799],[106.4911,53.3028],[106.4525,53.3114],[106.4239,53.2875],[106.3682,53.2606],[106.3454,53.2583],[106.2641,53.2208],[106.2111,53.2324],[106.1634,53.2228]]]},"properties":{"osm_id":1456395,"name":"Ольхонский район","kind":"district","parent":"Иркутская область","parent_iso":"RU-IRK","label":[107.2839,53.4419]}},
{"type":"Feature","geometry":{"type":"Polygon","coordinates":[[[105.1995,53.4437],[105.2062,53.4223],[105.2865,53.4218],[105.2991,53.3958],[105.2885,53.3645],[105.2625,53.3396],[105.2495,53.3038],[105.272,53.2808],[105.29,53.2464],[105.3211,53.2498],[105.4021,53.3119],[105.4425,53.3171],[105.4374,53.2947],[105.4094,53.2907],[105.3623,53.2591],[105.3766,53.2528],[105.346,53.2233],[105.3612,53.2107],[105.3453,53.1922],[105.3078,53.1784],[105.3195,53.1409],[105.2839,53.1314],[105.2682,53.1441],[105.1833,53.1225],[105.1269,53.1158],[105.0864,53.0943],[105.0775,53.0787],[105.0256,53.0563],[105.0639,53.0136],[105.0749,52.9825],[105.1376,52.987],[105.1761,52.9654],[105.2093,52.918],[105.1783,52.9045],[105.1387,52.9032],[105.13,52.8682],[105.0941,52.8527],[105.1527,52.8337],[105.1607,52.7925],[105.2827,52.7927],[105.3634,52.7666],[105.4061,52.7658],[105.5006,52.7906],[105.5159,52.8006],[105.582,52.7733],[105.6012,52.7488],[105.6339,52.7401],[105.7204,52.7715],[105.7051,52.7907],[105.7817,52.8543],[105.7733,52.8829],[105.7833,52.9086],[105.7791,52.9468],[105.8425,52.9798],[105.88,53.0052],[105.885,53.0448],[105.9231,53.0831],[105.9166,53.1088],[105.9731,53.1406],[105.9895,53.166],[106.0179,53.1787],[106.0768,53.1705],[106.1132,53.1725],[106.1634,53.2228],[106.1714,53.2636],[106.1485,53.279],[106.1102,53.2776],[106.0574,53.2983],[106.051,53.3147],[105.9964,53.3489],[106.0636,53.4027],[106.0234,53.4105],[105.9257,53.3437],[105.8453,53.3501],[105.7474,53.4186],[105.7476,53.4273],[105.8226,53.4712],[105.7856,53.5127],[105.8183,53.5421],[105.8015,53.5751],[105.8127,53.5867],[105.7627,53.6182],[105.7312,53.6128],[105.6857,53.6286],[105.6621,53.6039],[105.6189,53.5893],[105.6137,53.537],[105.6437,53.5354],[105.6659,53.5096],[105.6196,53.4724],[105.5285,53.4126],[105.4195,53.4685],[105.3365,53.4427],[105.3079,53.4638],[105.266,53.4587],[105.2378,53.4666],[105.1995,53.4437]]]},"properties":{"osm_id":1456789,"name":"Баяндаевский район","kind":"district","parent":"Иркутская область","parent_iso":"RU-IRK","label":[105.5989,53.1853]}},
{"type":"Feature","geometry":{"type":"Polygon","coordinates":[[[100.4906,54.5421],[100.5358,54.5312],[100.5473,54.4946],[100.5647,54.482],[100.6678,54.4801],[100.6738,54.4906],[100.7262,54.4981],[100.6545,54.5272],[100.6548,54.5465],[100.627,54.5894],[100.6544,54.6282],[100.6003,54.633],[100.5705,54.6205],[100.5188,54.6206],[100.5124,54.586],[100.5287,54.5748],[100.5233,54.5508],[100.4906,54.5421]]]},"properties":{"osm_id":1469713,"name":"городской округ Тулун","kind":"district","parent":"Иркутская область","parent_iso":"RU-IRK","label":[100.6084,54.5547]}},
{"type":"Feature","geometry":{"type":"Polygon","coordinates":[[[114.4536,51.1118],[114.4872,51.1026],[114.4995,51.0825],[114.5335,51.0668],[114.5983,51.0712],[114.6392,51.0873],[114.6128,51.1224],[114.5799,51.1401],[114.5051,51.1373],[114.4963,51.1243],[114.4536,51.1118]]]},"properties":{"osm_id":2322036,"name":"городской округ Агинское","kind":"district","parent":"Забайкальский край","parent_iso":"RU-ZAB","label":[114.5464,51.1037]}},
{"type":"Feature","geometry":{"type":"Polygon","coordinates":[[[103.0878,56.2431],[103.1232,56.2194],[103.1438,56.1827],[103.1982,56.1514],[103.2013,56.1306],[103.2634,56.095],[103.3222,56.0796],[103.3505,56.0625],[103.3615,56.0379],[103.4452,55.9976],[103.4505,55.9676],[103.4113,55.953],[103.3976,55.9235],[103.4016,55.8807],[103.3875,55.8194],[103.3724,55.7937],[103.3973,55.7684],[103.3658,55.75],[103.3802,55.7252],[103.4393,55.7042],[103.4566,55.6524],[103.4869,55.6126],[103.4924,55.5854],[103.4662,55.5681],[103.459,55.5321],[103.4946,55.5048],[103.4821,55.4766],[103.5092,55.4683],[103.5025,55.4489],[103.4637,55.4279],[103.4916,55.3863],[103.47,55.3792],[103.398,55.4003],[103.3405,55.4081],[103.2662,55.3893],[103.3131,55.3225],[103.3352,55.2683],[103.3409,55.2049],[103.3268,55.1165],[103.2693,55.024],[103.2346,54.9923],[103.1133,54.9296],[103.0712,54.8794],[103.0525,54.7843],[103.0571,54.7521],[103.0851,54.7309],[103.1658,54.6995],[103.2128,54.667],[103.2393,54.607],[103.2312,54.5585],[103.2422,54.4554],[103.2372,54.4051],[103.2224,54.387],[103.1723,54.3562],[103.1019,54.2992],[103.0609,54.2726],[103.0108,54.2224],[102.9849,54.188],[102.9722,54.1568],[102.9777,54.1078],[103.0455,54.0494],[103.157,53.9785],[103.2453,53.8869],[103.2648,53.8515],[103.2569,53.8369],[103.2532,53.8163],[103.2916,53.7631],[103.3036,53.7356],[103.3615,53.6726],[103.3642,53.6244],[103.3866,53.6086],[103.4534,53.6035],[103.5272,53.6297],[103.5036,53.6657],[103.5383,53.6809],[103.4828,53.7416],[103.4821,53.7884],[103.5066,53.7939],[103.5736,53.794],[103.6175,53.7802],[103.6478,53.7796],[103.6748,53.7992],[103.715,53.8078],[103.733,53.8221],[103.8349,53.8375],[103.8683,53.8841],[103.8678,53.9135],[103.9115,53.9255],[103.9586,53.9467],[104.0448,53.9438],[104.052,53.9244],[104.1019,53.9199],[104.1219,53.9348],[104.1842,54.03],[104.2163,54.0372],[104.2649,54.0598],[104.2814,54.1018],[104.2711,54.1205],[104.2815,54.1509],[104.2533,54.1793],[104.1888,54.1974],[104.2048,54.2234],[104.1502,54.2579],[104.1731,54.2949],[104.1653,54.3179],[104.0763,54.3551],[104.0612,54.3811],[104.0213,54.4025],[104.0484,54.4318],[104.0328,54.4384],[104.0279,54.4753],[103.9864,54.4972],[103.9971,54.5235],[103.961,54.547],[103.9599,54.5713],[104.0025,54.5835],[104.0621,54.6097],[104.0782,54.6307],[104.1103,54.6407],[104.1077,54.6675],[104.1217,54.6856],[104.0999,54.716],[104.0659,54.716],[104.024,54.7512],[104.0196,54.7641],[104.0872,54.8116],[104.0697,54.8323],[104.0373,54.8338],[104.0481,54.8915],[104.0808,54.9074],[104.0493,54.9403],[104.1931,54.9942],[104.2243,54.9959],[104.249,54.9817],[104.3007,54.9912],[104.3378,54.988],[104.3608,55.0124],[104.3938,55.0135],[104.4066,55.0315],[104.3759,55.0678],[104.4308,55.0933],[104.4191,55.1423],[104.3993,55.154],[104.4009,55.1842],[104.4239,55.2119],[104.4627,55.2018],[104.5387,55.2461],[104.5421,55.2973],[104.6081,55.2893],[104.6363,55.3009],[104.6569,55.2819],[104.7005,55.2791],[104.7047,55.2935],[104.7703,55.3124],[104.7915,55.3267],[104.8215,55.3221],[104.8585,55.2976],[104.9224,55.3015],[104.9513,55.3318],[104.9801,55.3367],[104.9855,55.3568],[105.0101,55.3672],[105.0331,55.4036],[105.06,55.4174],[105.0475,55.4481],[105.0605,55.4718],[105.0349,55.483],[105.0332,55.5433],[105.0235,55.548],[105.0324,55.5966],[105.0747,55.6225],[105.0277,55.6555],[105.0325,55.6674],[105.0073,55.6947],[105.043,55.7219],[105.0643,55.7665],[105.0435,55.7749],[105.0557,55.8144],[105.0388,55.823],[105.0003,55.818],[104.9489,55.8453],[104.9123,55.856],[104.8534,55.847],[104.8011,55.8297],[104.7801,55.8551],[104.7738,55.8891],[104.7057,55.9161],[104.7474,55.9404],[104.7559,55.9748],[104.7454,55.9943],[104.7544,56.0154],[104.7229,56.0197],[104.7246,56.051],[104.6775,56.0513],[104.6745,56.0795],[104.6451,56.111],[104.6606,56.1318],[104.6186,56.1451],[104.5616,56.1476],[104.5323,56.1716],[104.5413,56.1905],[104.5221,56.2062],[104.508,56.2448],[104.4369,56.2176],[104.3863,56.2125],[104.3496,56.1852],[104.2797,56.1595],[104.1875,56.1471],[104.1125,56.1204],[104.0616,56.1364],[103.9863,56.1377],[103.9595,56.1485],[103.9221,56.1463],[103.8515,56.1626],[103.8119,56.1624],[103.7613,56.178],[103.7224,56.2008],[103.7148,56.2245],[103.6399,56.2982],[103.5819,56.3147],[103.5754,56.3283],[103.5237,56.344],[103.4709,56.374],[103.4112,56.3853],[103.3244,56.3848],[103.3259,56.3574],[103.2769,56.3452],[103.2785,56.3204],[103.235,56.308],[103.1629,56.3054],[103.1468,56.2793],[103.1092,56.2834],[103.0878,56.2431]]]},"properties":{"osm_id":1459563,"name":"Усть-Удинский муниципальный округ","kind":"district","parent":"Иркутская область","parent_iso":"RU-IRK","label":[104.0234,54.9976]}},
{"type":"Feature","geometry":{"type":"Polygon","coordinates":[[[103.3595,53.1304],[103.3145,53.1314],[103.3222,53.1077],[103.3042,53.0849],[103.3306,53.0642],[103.3632,53.0042],[103.4002,52.9729],[103.4147,52.9915],[103.3775,53.0131],[103.3622,53.0641],[103.3595,53.1304]]]},"properties":{"osm_id":1469714,"name":"городской округ Свирск","kind":"district","parent":"Иркутская область","parent_iso":"RU-IRK","label":[103.3475,53.0519]}},
{"type":"Feature","geometry":{"type":"Polygon","coordinates":[[[120.1155,55.867],[120.1141,55.8984],[120.0832,55.9353],[120.1233,55.9582],[120.1343,55.9936],[120.1293,56.0228],[120.0274,56.1206],[120.0398,56.1498],[120.069,56.1637],[120.122,56.163],[120.156,56.1806],[120.1736,56.2063],[120.3038,56.2024],[120.2993,56.2235],[120.3788,56.2375],[120.4256,56.2288],[120.5081,56.2499],[120.5378,56.2664],[120.5271,56.2975],[120.4602,56.2967],[120.394,56.316],[120.3653,56.3422],[120.3736,56.3698],[120.3236,56.3664],[120.2814,56.3937],[120.2346,56.4039],[120.2544,56.4478],[120.2797,56.4587],[120.2551,56.4766],[120.2239,56.4618],[120.1197,56.481],[120.0892,56.5008],[120.025,56.4893],[119.9495,56.4927],[119.913,56.5272],[119.9226,56.5516],[119.8329,56.5667],[119.8005,56.5909],[119.8075,56.635],[119.8311,56.6552],[119.8854,56.678],[119.8521,56.6962],[119.7808,56.6956],[119.7772,56.7321],[119.7275,56.7295],[119.6807,56.7371],[119.6574,56.7571],[119.6561,56.7785],[119.6897,56.7935],[119.7045,56.83],[119.7569,56.8381],[119.8188,56.857],[119.8369,56.8756],[119.8353,56.9025],[119.8042,56.9367],[119.7824,56.9869],[119.7294,56.9913],[119.6883,56.9868],[119.6454,56.9976],[119.5959,57.0293],[119.5943,57.0531],[119.5724,57.0765],[119.5995,57.1027],[119.6067,57.1354],[119.6585,57.1689],[119.6912,57.1789],[119.6533,57.1951],[119.6341,57.2221],[119.5906,57.2518],[119.5933,57.2948],[119.5373,57.3509],[119.5046,57.3717],[119.4432,57.3809],[119.3999,57.437],[119.4185,57.4646],[119.3953,57.4838],[119.4206,57.5187],[119.4672,57.5333],[119.4864,57.5495],[119.5045,57.5958],[119.4804,57.6089],[119.439,57.6044],[119.42,57.6215],[119.3432,57.6199],[119.2704,57.5958],[119.2731,57.5795],[119.2221,57.5057],[119.1742,57.5198],[119.1422,57.5576],[119.1807,57.5911],[119.1688,57.6274],[119.1417,57.6495],[119.1649,57.6569],[119.1748,57.6863],[119.167,57.7184],[119.1031,57.7326],[119.0591,57.7261],[119.0455,57.7656],[119.1045,57.834],[119.0882,57.8613],[119.0973,57.9199],[119.1141,57.9237],[119.1215,57.962],[119.164,58.0315],[119.1851,58.0454],[119.1432,58.0952],[119.1599,58.1114],[119.1551,58.1414],[119.1935,58.1595],[119.1572,58.1749],[119.1174,58.2379],[119.0894,58.2373],[119.0524,58.2532],[119.0089,58.247],[118.9808,58.2329],[118.8971,58.2323],[118.8569,58.2251],[118.7896,58.2256],[118.7382,58.1921],[118.6822,58.1786],[118.5783,58.2326],[118.5179,58.2347],[118.4772,58.2287],[118.4789,58.2578],[118.4491,58.278],[118.4053,58.2797],[118.3453,58.3264],[118.3321,58.3554],[118.3094,58.3549],[118.2743,58.3879],[118.2483,58.398],[118.1084,58.3947],[118.0859,58.3656],[118.0516,58.3807],[118.0432,58.4083],[118.0004,58.4229],[117.8709,58.4107],[117.8315,58.4376],[117.794,58.4162],[117.7203,58.415],[117.6684,58.4227],[117.671,58.4041],[117.6208,58.3864],[117.6233,58.3743],[117.5153,58.3451],[117.472,58.326],[117.4644,58.3111],[117.4885,58.2881],[117.5293,58.2871],[117.5287,58.2582],[117.5937,58.1749],[117.5755,58.1463],[117.5079,58.1529],[117.4501,58.1755],[117.4112,58.1439],[117.4335,58.1078],[117.3963,58.0799],[117.4029,58.0262],[117.3808,58.016],[117.3944,57.9432],[117.4321,57.9302],[117.3675,57.8903],[117.3462,57.8648],[117.2623,57.8639],[117.1699,57.8547],[117.1206,57.8613],[117.0765,57.8272],[117.0993,57.7982],[117.1816,57.7697],[117.1811,57.747],[117.1591,57.7403],[117.1772,57.7083],[117.1443,57.6931],[117.1397,57.6656],[117.2157,57.6535],[117.276,57.6317],[117.3355,57.635],[117.311,57.5959],[117.3324,57.5872],[117.3339,57.5592],[117.2835,57.5607],[117.2551,57.5339],[117.2973,57.4728],[117.3328,57.4544],[117.3363,57.3903],[117.3438,57.3652],[117.3884,57.3451],[117.4306,57.3693],[117.4514,57.3495],[117.4295,57.3014],[117.446,57.264],[117.5438,57.2722],[117.576,57.3026],[117.5661,57.3459],[117.5828,57.3556],[117.632,57.3223],[117.7266,57.3157],[117.7791,57.3184],[117.7719,57.2642],[117.7548,57.2376],[117.7021,57.2],[117.6379,57.1974],[117.5762,57.1651],[117.6203,57.1386],[117.614,57.1183],[117.6777,57.0885],[117.6589,57.051],[117.6805,57.0439],[117.6491,57.0094],[117.6549,56.9956],[117.5985,56.9644],[117.549,56.9572],[117.5776,56.9181],[117.5707,56.8722],[117.5283,56.8751],[117.4961,56.8941],[117.4624,56.8794],[117.4641,56.851],[117.431,56.8368],[117.3965,56.8488],[117.3775,56.8862],[117.3452,56.8987],[117.3519,56.937],[117.2766,56.9392],[117.2544,56.9189],[117.1767,56.8956],[117.1508,56.8612],[117.161,56.8416],[117.0944,56.8304],[117.0074,56.8261],[117.0039,56.8078],[116.8899,56.7829],[116.7545,56.7386],[116.6979,56.7798],[116.6627,56.7593],[116.6159,56.7689],[116.5192,56.7741],[116.4793,56.8117],[116.4196,56.8154],[116.3692,56.8365],[116.3505,56.8643],[116.3157,56.8717],[116.23,56.8292],[116.1898,56.8353],[116.1156,56.8192],[116.0815,56.827],[116.0627,56.8504],[116.0295,56.8607],[116.0164,56.8805],[115.9816,56.8704],[115.9038,56.9147],[115.8526,56.9304],[115.829,56.9458],[115.7297,56.9622],[115.7075,56.9362],[115.6359,56.918],[115.6142,56.8923],[115.585,56.8788],[115.5864,56.8252],[115.6142,56.7719],[115.5853,56.7507],[115.5933,56.7268],[115.5577,56.6943],[115.4523,56.6658],[115.4314,56.6445],[115.412,56.6061],[115.4273,56.5922],[115.5194,56.5735],[115.5717,56.5785],[115.6492,56.5777],[115.6871,56.5657],[115.6738,56.5138],[115.6985,56.4857],[115.7571,56.4642],[115.7998,56.4395],[115.8018,56.4096],[115.7641,56.4076],[115.7151,56.4284],[115.675,56.4058],[115.6939,56.3375],[115.676,56.3304],[115.6745,56.2806],[115.693,56.2715],[115.7568,56.198],[115.7659,56.1773],[115.8209,56.1648],[115.8166,56.1338],[115.7578,56.1336],[115.7562,56.1164],[115.7864,56.0773],[115.7495,56.0593],[115.78,56.03],[115.7794,55.9865],[115.8806,55.9458],[115.9052,55.9271],[115.8756,55.8719],[115.8354,55.8549],[115.8305,55.7946],[115.8414,55.7601],[115.8615,55.7336],[115.8412,55.7224],[115.8333,55.6901],[115.916,55.705],[115.9308,55.7224],[115.9939,55.6925],[116.0819,55.6861],[116.1027,55.7206],[116.1034,55.7404],[116.1481,55.7832],[116.1974,55.8021],[116.252,55.8132],[116.3489,55.8171],[116.3691,55.8303],[116.4129,55.8126],[116.4636,55.8035],[116.4887,55.8142],[116.5433,55.8052],[116.5706,55.7911],[116.655,55.7968],[116.714,55.7961],[116.7209,55.8238],[116.7605,55.8188],[116.8038,55.8369],[116.8094,55.8657],[116.8307,55.8758],[116.8202,55.9153],[116.845,55.9527],[116.8551,55.9845],[116.8784,55.9823],[116.9327,55.9516],[116.9248,55.9335],[116.9464,55.911],[117.0624,55.8162],[117.0586,55.7581],[117.0641,55.7176],[117.0795,55.7082],[117.0692,55.6567],[117.118,55.6255],[117.1275,55.5988],[117.1554,55.5853],[117.1078,55.5387],[117.1039,55.5056],[117.1415,55.4948],[117.18,55.5088],[117.234,55.5159],[117.304,55.5053],[117.34,55.5333],[117.4244,55.5437],[117.4969,55.5477],[117.5391,55.4976],[117.573,55.4842],[117.5944,55.4635],[117.6279,55.4765],[117.6679,55.5107],[117.7529,55.5076],[117.8073,55.5185],[117.8468,55.5404],[117.9381,55.5227],[117.9327,55.5002],[117.9027,55.4692],[117.883,55.4365],[117.8838,55.4186],[117.9618,55.3621],[117.9808,55.3303],[118.0314,55.3127],[118.0738,55.3257],[118.0989,55.3044],[118.0834,55.2895],[118.1057,55.2541],[118.1986,55.2518],[118.2141,55.2389],[118.2093,55.2072],[118.2578,55.2019],[118.3206,55.223],[118.3449,55.2234],[118.3716,55.2422],[118.4014,55.2464],[118.4604,55.2256],[118.4833,55.2318],[118.5777,55.2956],[118.6086,55.2973],[118.641,55.3121],[118.6736,55.3148],[118.7105,55.3375],[118.7257,55.3578],[118.7655,55.3647],[118.8903,55.4223],[118.9252,55.4263],[118.9451,55.4408],[119.043,55.4455],[119.0726,55.4804],[119.1212,55.4881],[119.1723,55.509],[119.1967,55.5048],[119.2553,55.5129],[119.3031,55.542],[119.3275,55.5825],[119.383,55.6095],[119.4036,55.6374],[119.3966,55.6693],[119.3563,55.6814],[119.3415,55.7069],[119.4968,55.7577],[119.5518,55.7982],[119.5894,55.8124],[119.6003,55.8348],[119.6545,55.8593],[119.6952,55.8682],[119.7329,55.8639],[119.7885,55.8796],[119.949,55.8209],[119.9962,55.838],[120.0237,55.8697],[120.0521,55.8867],[120.1155,55.867]]]},"properties":{"osm_id":1846003,"name":"Каларский муниципальный округ","kind":"district","parent":"Забайкальский край","parent_iso":"RU-ZAB","label":[117.9756,56.8206]}},
{"type":"Feature","geometry":{"type":"Polygon","coordinates":[[[115.7297,56.9622],[115.829,56.9458],[115.8526,56.9304],[115.9038,56.9147],[115.9816,56.8704],[116.0164,56.8805],[116.0295,56.8607],[116.0627,56.8504],[116.0815,56.827],[116.1156,56.8192],[116.1898,56.8353],[116.23,56.8292],[116.3157,56.8717],[116.3505,56.8643],[116.3692,56.8365],[116.4196,56.8154],[116.4793,56.8117],[116.5192,56.7741],[116.6159,56.7689],[116.6627,56.7593],[116.6979,56.7798],[116.7545,56.7386],[116.8899,56.7829],[117.0039,56.8078],[117.0074,56.8261],[117.0944,56.8304],[117.161,56.8416],[117.1508,56.8612],[117.1767,56.8956],[117.2544,56.9189],[117.2766,56.9392],[117.3519,56.937],[117.3452,56.8987],[117.3775,56.8862],[117.3965,56.8488],[117.431,56.8368],[117.4641,56.851],[117.4624,56.8794],[117.4961,56.8941],[117.5283,56.8751],[117.5707,56.8722],[117.5776,56.9181],[117.549,56.9572],[117.5985,56.9644],[117.6549,56.9956],[117.6491,57.0094],[117.6805,57.0439],[117.6589,57.051],[117.6777,57.0885],[117.614,57.1183],[117.6203,57.1386],[117.5762,57.1651],[117.6379,57.1974],[117.7021,57.2],[117.7548,57.2376],[117.7719,57.2642],[117.7791,57.3184],[117.7266,57.3157],[117.632,57.3223],[117.5828,57.3556],[117.5661,57.3459],[117.576,57.3026],[117.5438,57.2722],[117.446,57.264],[117.4295,57.3014],[117.4514,57.3495],[117.4306,57.3693],[117.3884,57.3451],[117.3438,57.3652],[117.3363,57.3903],[117.3328,57.4544],[117.2973,57.4728],[117.2551,57.5339],[117.2835,57.5607],[117.3339,57.5592],[117.3324,57.5872],[117.311,57.5959],[117.3355,57.635],[117.276,57.6317],[117.2157,57.6535],[117.1397,57.6656],[117.1443,57.6931],[117.1772,57.7083],[117.1591,57.7403],[117.1811,57.747],[117.1816,57.7697],[117.0993,57.7982],[117.0765,57.8272],[117.1206,57.8613],[117.1699,57.8547],[117.2623,57.8639],[117.3462,57.8648],[117.3675,57.8903],[117.4321,57.9302],[117.3944,57.9432],[117.3808,58.016],[117.4029,58.0262],[117.3963,58.0799],[117.4335,58.1078],[117.4112,58.1439],[117.4501,58.1755],[117.5079,58.1529],[117.5755,58.1463],[117.5937,58.1749],[117.5287,58.2582],[117.5293,58.2871],[117.4885,58.2881],[117.4644,58.3111],[117.472,58.326],[117.5153,58.3451],[117.6233,58.3743],[117.6208,58.3864],[117.671,58.4041],[117.6684,58.4227],[117.7203,58.415],[117.794,58.4162],[117.8315,58.4376],[117.8709,58.4107],[118.0004,58.4229],[118.0432,58.4083],[118.0516,58.3807],[118.0859,58.3656],[118.1084,58.3947],[118.2483,58.398],[118.2743,58.3879],[118.3094,58.3549],[118.3321,58.3554],[118.3453,58.3264],[118.4053,58.2797],[118.4491,58.278],[118.4789,58.2578],[118.4772,58.2287],[118.5179,58.2347],[118.5783,58.2326],[118.6822,58.1786],[118.7382,58.1921],[118.7896,58.2256],[118.8569,58.2251],[118.8971,58.2323],[118.9808,58.2329],[119.0089,58.247],[119.0524,58.2532],[119.0894,58.2373],[119.1174,58.2379],[119.1387,58.2925],[119.1178,58.3251],[119.081,58.3351],[119.0633,58.3635],[119.1056,58.4223],[119.1313,58.4879],[119.1204,58.5163],[119.0384,58.5309],[119.0165,58.5275],[118.9919,58.5616],[118.8635,58.5774],[118.8665,58.5966],[118.7768,58.6114],[118.755,58.6292],[118.7659,58.6456],[118.81,58.6446],[118.8339,58.6763],[118.8316,58.6938],[118.8624,58.7343],[118.839,58.7749],[118.8741,58.8269],[118.8339,58.8705],[118.7547,58.9064],[118.7497,58.9366],[118.7728,58.9538],[118.8172,58.9558],[118.8497,58.9467],[118.8725,58.9649],[118.8413,59.0365],[118.8215,59.0508],[118.7138,59.0498],[118.7114,59.1177],[118.6708,59.1866],[118.7331,59.2557],[118.7652,59.2745],[118.8017,59.2705],[118.7926,59.3021],[118.8383,59.3157],[118.8174,59.3296],[118.7488,59.3451],[118.7634,59.3709],[118.7483,59.3925],[118.7652,59.4202],[118.7115,59.4347],[118.6074,59.4541],[118.5532,59.4716],[118.544,59.4835],[118.4835,59.4994],[118.3879,59.5139],[118.362,59.526],[118.3461,59.615],[118.3197,59.6331],[118.2399,59.6404],[118.1593,59.6301],[118.1217,59.6409],[118.1062,59.6257],[118.034,59.6293],[118.0219,59.5984],[118.0313,59.5754],[117.9387,59.5401],[117.9687,59.4973],[117.9302,59.482],[117.9109,59.4507],[117.8737,59.4633],[117.8263,59.4455],[117.7964,59.4952],[117.7833,59.5583],[117.7176,59.5577],[117.6452,59.5406],[117.5831,59.5082],[117.5964,59.4819],[117.5697,59.4775],[117.4979,59.4926],[117.4605,59.5215],[117.4386,59.5252],[117.3462,59.5129],[117.298,59.5265],[117.2492,59.5139],[117.2119,59.5424],[117.2182,59.5611],[117.1914,59.5839],[117.1121,59.6098],[117.1567,59.6305],[117.1458,59.6539],[117.2055,59.6814],[117.1752,59.7152],[117.2095,59.7297],[117.2282,59.7503],[117.2085,59.7862],[117.2293,59.8091],[117.2103,59.8462],[117.2238,59.8742],[117.1474,59.8671],[117.0964,59.8693],[117.077,59.889],[117.0143,59.9126],[117.0277,59.9471],[117.0775,59.9726],[117.1329,59.981],[117.154,59.9738],[117.2923,60.0082],[117.3387,60.0063],[117.3472,60.0242],[117.3,60.0481],[117.2122,60.0542],[117.1781,60.0392],[117.1038,60.0277],[116.9884,60.0604],[117.0123,60.101],[116.9878,60.1386],[116.9368,60.1488],[116.9255,60.1703],[116.9372,60.1965],[116.8842,60.2055],[116.8299,60.227],[116.8232,60.2391],[116.7709,60.2494],[116.7593,60.2796],[116.6888,60.2893],[116.6489,60.2837],[116.6085,60.2951],[116.6284,60.3194],[116.6236,60.3497],[116.594,60.3821],[116.541,60.39],[116.3246,60.3747],[116.3162,60.398],[116.2702,60.4082],[116.1839,60.3941],[116.167,60.4296],[116.0819,60.4567],[116.0134,60.4665],[115.9376,60.4536],[115.9041,60.4916],[115.8636,60.4961],[115.8724,60.5231],[115.759,60.5213],[115.7675,60.5419],[115.6966,60.549],[115.6397,60.5334],[115.5947,60.5359],[115.4969,60.5129],[115.4564,60.5154],[115.4173,60.4965],[115.3695,60.4919],[115.3008,60.5138],[115.2128,60.4902],[115.2118,60.4605],[115.1466,60.4446],[115.096,60.4132],[115.1176,60.3778],[115.1452,60.366],[115.1077,60.3406],[115.1172,60.326],[115.0739,60.3053],[115.0778,60.2835],[115.0329,60.2635],[115.0235,60.2361],[114.9868,60.2145],[114.9399,60.2048],[114.9002,60.1852],[114.821,60.2003],[114.7747,60.2025],[114.7192,60.1955],[114.6512,60.1791],[114.6568,60.1553],[114.5651,60.1309],[114.5461,60.0827],[114.4966,60.0696],[114.4918,60.0346],[114.5357,60.0206],[114.5734,59.9891],[114.5295,59.9836],[114.4494,59.9453],[114.4267,59.9492],[114.2972,59.8907],[114.2913,59.8555],[114.2277,59.8371],[114.2167,59.7846],[114.1961,59.7811],[114.1548,59.7494],[114.097,59.7653],[114.0453,59.7418],[113.9697,59.6909],[113.9259,59.6822],[113.8994,59.6904],[113.8612,59.6548],[113.9002,59.6277],[113.9304,59.6252],[113.9769,59.6042],[114.0128,59.6108],[114.0468,59.5953],[114.0466,59.561],[113.9534,59.5311],[113.9236,59.4959],[113.9521,59.4713],[113.9538,59.4381],[113.9357,59.4234],[113.9225,59.3689],[113.8896,59.3527],[113.9078,59.3249],[113.8917,59.312],[113.9072,59.2918],[113.896,59.2306],[113.9492,59.1986],[113.9679,59.1658],[114.0096,59.1559],[114.0462,59.1359],[113.9792,59.0895],[113.9549,59.0619],[113.9064,59.0587],[113.8544,59.0373],[113.834,58.9908],[113.8568,58.9323],[113.8469,58.9134],[113.8782,58.8746],[113.8577,58.8328],[113.8806,58.8168],[113.8935,58.7847],[113.9329,58.7371],[113.9739,58.7184],[113.9346,58.6926],[113.8599,58.666],[113.7994,58.6581],[113.7408,58.6027],[113.7387,58.5674],[113.7583,58.5495],[113.7715,58.4969],[113.8075,58.469],[113.8472,58.464],[113.8845,58.4409],[113.8754,58.3881],[113.8953,58.3691],[113.8877,58.3485],[113.9213,58.3241],[113.8054,58.2975],[113.7597,58.2693],[113.7155,58.2728],[113.6764,58.2299],[113.671,58.2117],[113.7015,58.1844],[113.6774,58.1582],[113.5882,58.0932],[113.5122,58.0814],[113.4882,58.0988],[113.4421,58.1103],[113.3536,58.0825],[113.3886,58.0474],[113.345,58.0256],[113.3161,57.9937],[113.3513,57.9759],[113.3683,57.9482],[113.369,57.921],[113.3101,57.8991],[113.2876,57.8782],[113.2578,57.88],[113.2211,57.8589],[113.3009,57.835],[113.3408,57.7725],[113.3199,57.7649],[113.2868,57.7284],[113.2403,57.7147],[113.1926,57.7124],[113.1534,57.6685],[113.1155,57.6368],[113.1173,57.614],[113.204,57.56],[113.1496,57.5499],[113.1178,57.5316],[113.136,57.5063],[113.1379,57.4749],[113.1669,57.4538],[113.2097,57.4405],[113.2032,57.4286],[113.2493,57.4093],[113.2697,57.413],[113.3836,57.4039],[113.3867,57.3842],[113.4284,57.3682],[113.4028,57.3457],[113.4248,57.3253],[113.4351,57.2924],[113.4172,57.2748],[113.4325,57.2454],[113.4814,57.245],[113.5111,57.2331],[113.5072,57.2102],[113.5233,57.1781],[113.5551,57.1601],[113.5614,57.1312],[113.5455,57.1152],[113.5588,57.0794],[113.5276,57.0591],[113.4689,57.0335],[113.5121,56.987],[113.559,56.9847],[113.5703,56.9564],[113.5297,56.9275],[113.5841,56.9192],[113.6104,56.8999],[113.5856,56.8679],[113.6066,56.8463],[113.5845,56.8312],[113.5678,56.7802],[113.5874,56.7775],[113.5988,56.7423],[113.5496,56.7256],[113.5112,56.7256],[113.4858,56.6897],[113.5004,56.673],[113.5892,56.6653],[113.6195,56.643],[113.6604,56.6396],[113.6909,56.6245],[113.7926,56.6106],[113.8295,56.5276],[113.858,56.5187],[113.9221,56.5413],[113.9984,56.5594],[113.9671,56.5753],[114.0201,56.5997],[114.0724,56.606],[114.0964,56.6234],[114.1223,56.6724],[114.1524,56.6971],[114.2314,56.6753],[114.2779,56.6912],[114.3187,56.6801],[114.3818,56.6763],[114.4049,56.6683],[114.4225,56.6432],[114.4883,56.6672],[114.4923,56.69],[114.5486,56.6966],[114.5908,56.6759],[114.6234,56.6765],[114.6383,56.6957],[114.7946,56.7052],[114.7894,56.7243],[114.8178,56.7315],[114.8399,56.7616],[114.829,56.8169],[114.8803,56.8549],[114.9147,56.8686],[114.9323,56.8922],[114.9148,56.9118],[114.9873,56.9411],[115.0068,56.9712],[115.0841,56.982],[115.0728,57.0055],[115.0218,57.018],[114.9898,57.0382],[115.0238,57.0465],[115.0554,57.0679],[115.0374,57.0773],[115.0685,57.1116],[115.1008,57.1073],[115.1583,57.1168],[115.1994,57.1052],[115.2158,57.1182],[115.2543,57.1191],[115.282,57.1051],[115.329,57.0959],[115.3954,57.1069],[115.5262,57.1136],[115.5391,57.1081],[115.5999,57.1363],[115.6691,57.1348],[115.7122,57.1627],[115.7444,57.1648],[115.7667,57.1864],[115.759,57.2069],[115.8137,57.2133],[115.845,57.2483],[115.9157,57.2284],[115.9591,57.2499],[116.0283,57.2228],[116.0731,57.2427],[116.1539,57.2304],[116.1772,57.2169],[116.177,57.1897],[116.2519,57.1388],[116.2528,57.1227],[116.1823,57.1042],[116.1414,57.1107],[116.1061,57.0991],[116.0664,57.0572],[115.9737,57.033],[115.9241,57.0298],[115.9007,57.0142],[115.8222,57.0024],[115.7493,56.9787],[115.7297,56.9622]]]},"properties":{"osm_id":1443759,"name":"Бодайбинский район","kind":"district","parent":"Иркутская область","parent_iso":"RU-IRK","label":[116.1256,58.5339]}},
{"type":"Feature","geometry":{"type":"Polygon","coordinates":[[[106.2269,50.6119],[106.2085,50.5816],[106.2344,50.559],[106.2532,50.5211],[106.1757,50.518],[106.1686,50.4966],[106.1377,50.5008],[106.1084,50.48],[106.0947,50.4528],[106.0753,50.446],[106.0626,50.4132],[106.0728,50.3821],[106.0678,50.3492],[106.0841,50.3334],[106.183,50.3397],[106.2097,50.3192],[106.2612,50.2981],[106.3953,50.3202],[106.4475,50.3147],[106.4972,50.3242],[106.5102,50.3413],[106.5446,50.3432],[106.5724,50.3312],[106.5916,50.3385],[106.8157,50.2982],[106.8754,50.2631],[106.9795,50.2089],[107.0125,50.1991],[106.9968,50.1835],[106.9999,50.1612],[107.0508,50.1121],[107.0505,50.0965],[107.0719,50.0683],[107.0994,50.05],[107.1507,50.0439],[107.1461,50.0288],[107.169,50.0134],[107.2109,49.9998],[107.3489,49.9997],[107.383,49.9776],[107.5285,49.9756],[107.542,49.9856],[107.5987,49.9698],[107.6422,49.9777],[107.6788,49.9718],[107.7066,49.988],[107.7543,49.9706],[107.7959,49.9907],[107.7664,50.0157],[107.7959,50.0323],[107.7855,50.0646],[107.7685,50.0727],[107.7342,50.1112],[107.7345,50.1532],[107.7902,50.1646],[107.8002,50.1867],[107.8395,50.2079],[107.8711,50.2021],[107.9274,50.2315],[107.9178,50.2533],[107.9344,50.2778],[107.9175,50.2717],[107.7402,50.2732],[107.6821,50.2665],[107.6656,50.2575],[107.6299,50.2666],[107.5873,50.2641],[107.5767,50.2971],[107.5392,50.3024],[107.5144,50.292],[107.4717,50.3034],[107.4592,50.3173],[107.4088,50.3265],[107.3591,50.3112],[107.3551,50.3404],[107.3369,50.3613],[107.2934,50.3731],[107.2307,50.357],[107.1732,50.3672],[107.1697,50.4116],[107.14,50.3991],[107.1607,50.3694],[107.0855,50.3847],[107.0746,50.4106],[107.0438,50.4366],[106.9878,50.4706],[106.9499,50.4833],[106.9338,50.5075],[106.8903,50.5205],[106.8606,50.5155],[106.8263,50.568],[106.8502,50.5749],[106.8306,50.6131],[106.8357,50.6333],[106.8707,50.6549],[106.8475,50.7069],[106.8611,50.7207],[106.8613,50.756],[106.8178,50.757],[106.7608,50.7904],[106.7197,50.8026],[106.6421,50.8004],[106.6038,50.7845],[106.5787,50.7848],[106.5198,50.7515],[106.4436,50.7413],[106.4436,50.69],[106.3905,50.6785],[106.3615,50.6582],[106.3438,50.6629],[106.2792,50.6439],[106.2269,50.6119]]]},"properties":{"osm_id":194462,"name":"Кяхтинский район","kind":"district","parent":"Бурятия","parent_iso":"RU-BU","label":[106.9957,50.3865]}},
{"type":"Feature","geometry":{"type":"Polygon","coordinates":[[[110.9048,50.7932],[110.883,50.7839],[110.8093,50.789],[110.759,50.8024],[110.6718,50.7938],[110.6376,50.7988],[110.6197,50.7868],[110.5687,50.7859],[110.5299,50.7684],[110.4807,50.7702],[110.4333,50.7595],[110.3696,50.7739],[110.3205,50.7611],[110.3234,50.7441],[110.2483,50.7191],[110.1851,50.7236],[110.1172,50.7418],[110.0806,50.7418],[110.0562,50.7252],[110.0023,50.7391],[109.9732,50.7411],[109.9548,50.7591],[109.8842,50.7545],[109.8791,50.7348],[109.8371,50.7391],[109.8296,50.7243],[109.7937,50.7232],[109.7598,50.7435],[109.7276,50.747],[109.6834,50.7625],[109.627,50.7402],[109.6051,50.7548],[109.5282,50.7364],[109.5096,50.72],[109.4629,50.7063],[109.402,50.7033],[109.3814,50.6825],[109.3548,50.69],[109.3228,50.677],[109.2913,50.6939],[109.2423,50.674],[109.2413,50.6558],[109.1896,50.6517],[109.1713,50.6237],[109.1238,50.6182],[109.1106,50.6283],[109.0298,50.6246],[109.0233,50.6014],[108.9884,50.5838],[108.9547,50.6014],[108.9166,50.6091],[108.8854,50.5913],[108.8311,50.5922],[108.7888,50.5567],[108.7464,50.5368],[108.6824,50.5267],[108.6861,50.5086],[108.6579,50.4913],[108.6551,50.4645],[108.5944,50.4528],[108.5651,50.4679],[108.5315,50.4722],[108.5025,50.4543],[108.4696,50.4496],[108.4334,50.4635],[108.4049,50.4184],[108.3683,50.4183],[108.3392,50.3941],[108.275,50.4104],[108.2422,50.4054],[108.2228,50.4168],[108.1676,50.3886],[108.1597,50.3456],[108.1239,50.3324],[108.1077,50.3073],[108.0512,50.3383],[108.017,50.3462],[107.9675,50.3215],[107.9631,50.2863],[107.9344,50.2778],[107.9178,50.2533],[107.9274,50.2315],[107.8711,50.2021],[107.8395,50.2079],[107.8002,50.1867],[107.7902,50.1646],[107.7345,50.1532],[107.7342,50.1112],[107.7685,50.0727],[107.7855,50.0646],[107.7959,50.0323],[107.7664,50.0157],[107.7959,49.9907],[107.7543,49.9706],[107.7942,49.9332],[107.8287,49.961],[107.8485,49.9389],[107.8879,49.9336],[107.9085,49.94],[107.9691,49.9414],[107.9659,49.9102],[107.9192,49.8754],[107.9444,49.8549],[107.9367,49.8192],[107.9738,49.8129],[107.9726,49.7922],[107.9485,49.7848],[107.9698,49.7474],[107.9677,49.735],[107.9343,49.7114],[107.9471,49.6706],[107.9683,49.6548],[108.0123,49.6669],[108.0513,49.6175],[108.1308,49.5835],[108.1611,49.5618],[108.1959,49.559],[108.2343,49.5402],[108.281,49.5449],[108.3038,49.5319],[108.3036,49.5103],[108.3276,49.5001],[108.3502,49.4656],[108.3564,49.4279],[108.4258,49.4135],[108.4381,49.3938],[108.431,49.3721],[108.4844,49.3508],[108.5175,49.3227],[108.5789,49.3319],[108.6081,49.3273],[108.6525,49.3473],[108.7178,49.3349],[108.7464,49.3416],[108.7962,49.3346],[108.8137,49.3431],[108.8953,49.3347],[108.9086,49.345],[108.9554,49.3448],[109.0581,49.3232],[109.1712,49.3529],[109.2057,49.3498],[109.3261,49.3292],[109.3776,49.3119],[109.39,49.3003],[109.4105,49.3353],[109.4657,49.3846],[109.4926,49.4164],[109.4853,49.4449],[109.4992,49.4721],[109.5381,49.4638],[109.5731,49.4823],[109.6034,49.4655],[109.6148,49.4368],[109.651,49.4279],[109.659,49.4409],[109.7039,49.4556],[109.7062,49.4884],[109.6803,49.4988],[109.6569,49.5367],[109.6983,49.5504],[109.6958,49.5769],[109.7661,49.6173],[109.8182,49.6401],[109.8312,49.5759],[109.8583,49.5952],[109.8827,49.5918],[109.8901,49.5461],[109.9307,49.5148],[109.9825,49.4967],[110.0226,49.4977],[110.0328,49.4729],[110.1016,49.4724],[110.1214,49.4645],[110.1458,49.4774],[110.2184,49.4746],[110.2355,49.4921],[110.225,49.5059],[110.27,49.5311],[110.2908,49.5514],[110.2796,49.5705],[110.318,49.6023],[110.3538,49.615],[110.3954,49.6428],[110.4693,49.6309],[110.4899,49.6436],[110.4925,49.6829],[110.5354,49.7073],[110.5702,49.7177],[110.5986,49.7359],[110.6644,49.7215],[110.7081,49.7239],[110.7393,49.7095],[110.7893,49.7201],[110.8005,49.6917],[110.8353,49.6553],[110.9021,49.648],[110.9597,49.6664],[110.9493,49.6855],[110.9955,49.7006],[110.9981,49.7162],[110.9739,49.7293],[110.9785,49.7457],[110.9247,49.7623],[110.9141,49.8414],[110.9374,49.8567],[110.9225,49.8999],[111.001,49.893],[111.059,49.9205],[111.0454,49.9405],[111.0389,49.9744],[110.9995,49.9795],[110.9988,50.0077],[110.9726,50.0237],[110.9602,50.0682],[110.9331,50.0896],[110.956,50.1254],[110.9353,50.1513],[110.9452,50.1795],[110.9738,50.2213],[110.9612,50.2502],[111.1001,50.2775],[111.141,50.3423],[111.142,50.3846],[111.1252,50.4086],[111.0948,50.4239],[111.0793,50.461],[111.1062,50.491],[111.0968,50.5054],[111.1186,50.5572],[111.1082,50.6111],[111.1293,50.6293],[111.1243,50.6518],[111.1483,50.7009],[111.1186,50.7103],[111.0473,50.7106],[110.9808,50.7018],[110.9386,50.7262],[110.9033,50.7546],[110.9188,50.7861],[110.9048,50.7932]]]},"properties":{"osm_id":194924,"name":"Красночикойский муниципальный округ","kind":"district","parent":"Забайкальский край","parent_iso":"RU-ZAB","label":[109.4413,50.0514]}},
{"type":"Feature","geometry":{"type":"Polygon","coordinates":[[[106.8613,50.756],[106.8611,50.7207],[106.8475,50.7069],[106.8707,50.6549],[106.8357,50.6333],[106.8306,50.6131],[106.8502,50.5749],[106.8263,50.568],[106.8606,50.5155],[106.8903,50.5205],[106.9338,50.5075],[106.9499,50.4833],[106.9878,50.4706],[107.0438,50.4366],[107.0746,50.4106],[107.0855,50.3847],[107.1607,50.3694],[107.14,50.3991],[107.1697,50.4116],[107.1732,50.3672],[107.2307,50.357],[107.2934,50.3731],[107.3369,50.3613],[107.3551,50.3404],[107.3591,50.3112],[107.4088,50.3265],[107.4592,50.3173],[107.4717,50.3034],[107.5144,50.292],[107.5392,50.3024],[107.5767,50.2971],[107.5873,50.2641],[107.6299,50.2666],[107.6656,50.2575],[107.6821,50.2665],[107.7402,50.2732],[107.9175,50.2717],[107.9344,50.2778],[107.9631,50.2863],[107.9675,50.3215],[108.017,50.3462],[108.0512,50.3383],[108.1077,50.3073],[108.1239,50.3324],[108.1597,50.3456],[108.1676,50.3886],[108.2228,50.4168],[108.2422,50.4054],[108.275,50.4104],[108.3392,50.3941],[108.3683,50.4183],[108.4049,50.4184],[108.4334,50.4635],[108.4696,50.4496],[108.5025,50.4543],[108.5315,50.4722],[108.5651,50.4679],[108.5944,50.4528],[108.6551,50.4645],[108.6579,50.4913],[108.6861,50.5086],[108.6824,50.5267],[108.6375,50.5398],[108.6178,50.5279],[108.593,50.5378],[108.5497,50.5394],[108.513,50.549],[108.4827,50.581],[108.4825,50.5945],[108.4239,50.6036],[108.4084,50.6222],[108.381,50.6136],[108.3383,50.6193],[108.315,50.635],[108.2729,50.6434],[108.2381,50.6659],[108.1819,50.6499],[108.0692,50.7398],[108.0805,50.7534],[108.0607,50.774],[108.1779,50.8082],[108.2152,50.8288],[108.2648,50.8233],[108.2752,50.8391],[108.2777,50.8774],[108.2609,50.9009],[108.2683,50.9227],[108.2968,50.9514],[108.3051,50.9965],[108.3257,51.0173],[108.2789,51.0217],[108.2458,51.0054],[108.1915,51.0088],[108.1257,50.9946],[108.1149,50.9569],[108.0294,50.975],[107.9876,50.9668],[107.9735,50.9468],[107.9394,50.9299],[107.8512,50.9317],[107.769,50.9078],[107.6287,50.9021],[107.5864,50.9036],[107.5575,50.8729],[107.4797,50.8637],[107.4516,50.8682],[107.4211,50.8567],[107.3887,50.8216],[107.3622,50.8103],[107.3394,50.7723],[107.2392,50.7691],[107.1846,50.7859],[107.1533,50.8177],[107.0923,50.8441],[107.1,50.8717],[107.0607,50.8708],[107.0237,50.842],[106.9873,50.8347],[106.9772,50.8023],[106.9258,50.7707],[106.8613,50.756]]]},"properties":{"osm_id":194960,"name":"Бичурский район","kind":"district","parent":"Бурятия","parent_iso":"RU-BU","label":[107.7579,50.6396]}},
{"type":"Feature","geometry":{"type":"Polygon","coordinates":[[[117.9439,53.9247],[117.9723,53.9148],[118.0118,53.8801],[117.9688,53.7987],[117.9593,53.7486],[117.9732,53.718],[118.009,53.7115],[118.0026,53.6667],[118.0239,53.6536],[118.0615,53.6563],[118.1067,53.6398],[118.1674,53.6465],[118.1667,53.6237],[118.1458,53.5894],[118.175,53.5201],[118.1184,53.512],[118.1067,53.4839],[118.0684,53.4422],[118.0694,53.4104],[118.0963,53.3902],[118.0925,53.3148],[118.1159,53.2916],[118.1202,53.269],[118.2329,53.2228],[118.2454,53.1816],[118.3086,53.1074],[118.2985,53.0793],[118.3053,53.0578],[118.3473,53.0524],[118.4237,53.1362],[118.4684,53.1473],[118.5059,53.2161],[118.6009,53.2226],[118.5979,53.2372],[118.6573,53.2427],[118.7078,53.2401],[118.7266,53.2272],[118.7817,53.246],[118.8402,53.2416],[118.9364,53.2737],[118.9577,53.2883],[118.942,53.3069],[118.9735,53.3297],[119.0127,53.3186],[119.0799,53.3377],[119.1114,53.3353],[119.1515,53.347],[119.1942,53.3805],[119.2543,53.3927],[119.2871,53.4182],[119.3272,53.4271],[119.3808,53.4294],[119.4098,53.4148],[119.4552,53.4213],[119.4601,53.4061],[119.5083,53.3842],[119.5139,53.357],[119.538,53.3389],[119.6089,53.3476],[119.6581,53.338],[119.7089,53.3045],[119.793,53.2965],[119.8075,53.2675],[119.8425,53.2463],[119.8546,53.2058],[119.9068,53.1988],[119.9481,53.2258],[119.9938,53.225],[120.0394,53.2366],[120.0616,53.229],[120.1019,53.1739],[120.1361,53.1422],[120.1716,53.136],[120.238,53.1618],[120.2573,53.1835],[120.334,53.199],[120.3329,53.1761],[120.3036,53.154],[120.2797,53.1095],[120.3238,53.0664],[120.3225,53.0191],[120.3605,52.9952],[120.416,52.9778],[120.4369,53.0024],[120.5227,53.045],[120.5553,53.0805],[120.636,53.1039],[120.6539,53.1355],[120.6876,53.1453],[120.6835,53.1711],[120.7249,53.2003],[120.8158,53.2409],[120.8155,53.2683],[120.8751,53.2821],[120.9255,53.2854],[120.9409,53.2956],[120.9877,53.2891],[121.0473,53.2901],[121.0875,53.3053],[121.1273,53.2752],[121.1476,53.283],[121.2122,53.2786],[121.2454,53.2903],[121.276,53.2888],[121.3271,53.3232],[121.4102,53.3172],[121.5721,53.3475],[121.6561,53.3739],[121.6947,53.3907],[121.7338,53.3859],[121.8175,53.4157],[121.871,53.4263],[121.9079,53.4215],[121.9485,53.4289],[122.0789,53.4205],[122.1125,53.432],[122.0848,53.4516],[122.0936,53.4668],[122.0292,53.5231],[121.9745,53.5545],[121.996,53.5705],[121.9487,53.6156],[121.9658,53.6332],[121.9555,53.6509],[121.9731,53.7032],[121.9449,53.7511],[121.926,53.7693],[121.9237,53.8027],[121.9461,53.8278],[121.9103,53.8542],[121.8637,53.9241],[121.8447,53.9359],[121.8461,53.9565],[121.8121,53.9679],[121.7592,53.9502],[121.7428,53.9728],[121.6565,54.0194],[121.6679,54.0457],[121.6267,54.0969],[121.6537,54.1339],[121.7232,54.1405],[121.7673,54.17],[121.7401,54.1849],[121.7401,54.2062],[121.715,54.2176],[121.7303,54.287],[121.7047,54.314],[121.7114,54.339],[121.6584,54.3563],[121.5982,54.3513],[121.5686,54.31],[121.5391,54.3122],[121.4992,54.3551],[121.4425,54.3801],[121.4095,54.3797],[121.3497,54.3668],[121.305,54.3741],[121.257,54.4206],[121.1803,54.4306],[121.1263,54.462],[121.0963,54.4419],[121.0403,54.4219],[120.9404,54.4299],[120.9383,54.4203],[120.832,54.3829],[120.7973,54.3507],[120.8167,54.3149],[120.7765,54.2976],[120.7149,54.3056],[120.6734,54.2959],[120.64,54.2792],[120.6351,54.2432],[120.5685,54.2221],[120.5299,54.2517],[120.5003,54.2214],[120.5186,54.2111],[120.4987,54.1851],[120.4421,54.1923],[120.3927,54.1811],[120.3678,54.1623],[120.3426,54.1613],[120.3166,54.1435],[120.2746,54.1583],[120.2311,54.1559],[120.125,54.1371],[120.1085,54.1116],[120.0478,54.1242],[119.9767,54.0797],[119.9468,54.0907],[119.953,54.112],[119.9248,54.1421],[119.8734,54.1177],[119.7946,54.0935],[119.7833,54.0543],[119.7053,54.0204],[119.6744,54.0216],[119.6206,54.0406],[119.5866,54.0806],[119.5292,54.086],[119.4837,54.0667],[119.4563,54.066],[119.4421,54.0188],[119.3929,54.0098],[119.3555,53.9853],[119.2602,53.9696],[119.2233,53.9561],[119.1959,53.9809],[119.1504,53.9959],[119.0869,53.9959],[119.0702,53.9638],[119.0818,53.9505],[119.0657,53.9291],[119.0317,53.9104],[118.9798,53.9273],[118.977,53.9482],[118.9391,53.9749],[118.928,53.9999],[118.9332,54.0355],[118.8987,54.0673],[118.8635,54.0894],[118.8053,54.0986],[118.7362,54.0927],[118.6771,54.0928],[118.6153,54.0791],[118.6115,54.0948],[118.5695,54.1195],[118.5288,54.1125],[118.4542,54.0679],[118.4449,54.0116],[118.3779,53.9751],[118.3982,53.9544],[118.3571,53.9332],[118.3648,53.8973],[118.3117,53.9073],[118.2233,53.8988],[118.1976,53.9207],[118.1651,53.9625],[118.1204,53.9763],[118.0881,53.9643],[118.0732,53.9302],[118.0258,53.9117],[117.9753,53.9291],[117.9439,53.9247]]]},"properties":{"osm_id":1846006,"name":"Могочинский муниципальный округ","kind":"district","parent":"Забайкальский край","parent_iso":"RU-ZAB","label":[120.0282,53.7199]}},
{"type":"Feature","geometry":{"type":"Polygon","coordinates":[[[105.0388,55.823],[105.0557,55.8144],[105.0435,55.7749],[105.0643,55.7665],[105.122,55.7577],[105.1464,55.7656],[105.1941,55.7475],[105.1872,55.738],[105.2292,55.7066],[105.2731,55.7009],[105.3602,55.7251],[105.397,55.7084],[105.4356,55.7382],[105.4585,55.7883],[105.5168,55.7958],[105.5591,55.809],[105.6173,55.7858],[105.6363,55.7606],[105.7121,55.7433],[105.8393,55.7258],[105.9111,55.7391],[105.9706,55.7344],[106.001,55.783],[106.0571,55.7831],[106.1188,55.8201],[106.1901,55.8304],[106.2791,55.8872],[106.3414,55.8476],[106.3581,55.8264],[106.4163,55.8208],[106.4444,55.8335],[106.5219,55.8507],[106.5574,55.846],[106.6098,55.8737],[106.6598,55.8576],[106.6961,55.8565],[106.7013,55.8263],[106.7551,55.8197],[106.7986,55.8323],[106.7936,55.8468],[106.8123,55.8849],[106.7881,55.9157],[106.7985,55.9522],[106.823,55.9604],[106.863,55.9975],[106.837,56.0166],[106.8723,56.0473],[106.8997,56.0466],[106.9218,56.0986],[106.9754,56.1459],[106.9994,56.1601],[106.9945,56.1876],[107.0194,56.206],[106.9962,56.2168],[106.9616,56.2749],[107.0286,56.2889],[107.0922,56.36],[107.0373,56.3605],[107.0271,56.3954],[106.9258,56.3964],[106.9609,56.5779],[106.9915,56.6256],[107.0486,56.7362],[107.0739,56.7997],[107.0067,56.8004],[106.964,56.8083],[106.9538,56.832],[106.913,56.8517],[106.8972,56.8823],[106.8552,56.8937],[106.8483,56.9313],[106.8733,56.9525],[106.8582,56.9809],[106.8968,57.0582],[106.9157,57.0783],[106.9625,57.0822],[106.9587,57.1083],[106.9835,57.1236],[106.982,57.1645],[106.966,57.1954],[106.972,57.2472],[107.0046,57.2833],[107.0929,57.2921],[107.0926,57.2695],[107.1198,57.2509],[107.1672,57.2495],[107.167,57.2105],[107.286,57.2082],[107.2779,57.2311],[107.2747,57.3354],[107.2886,57.5897],[107.2964,57.5955],[107.2968,57.7198],[107.2837,57.7627],[107.1889,57.8282],[107.1891,57.843],[107.1614,57.8761],[107.1363,57.8893],[107.1469,57.9106],[107.1227,57.939],[107.0675,57.9698],[107.0191,58.0226],[106.9943,58.0346],[106.9742,58.0988],[106.9526,58.1085],[106.9515,58.1624],[106.9254,58.1979],[106.8996,58.2102],[106.8204,58.189],[106.7021,58.197],[106.6468,58.1866],[106.612,58.1905],[106.5627,58.1371],[106.5176,58.1181],[106.4531,58.1378],[106.3847,58.1298],[106.3467,58.1017],[106.3019,58.0998],[106.2901,58.1269],[106.2461,58.1032],[106.1675,58.1177],[106.123,58.1148],[106.0611,58.1],[105.9984,58.1038],[105.8622,58.063],[105.8363,58.041],[105.7697,58.0331],[105.7497,58.0529],[105.7017,58.052],[105.6641,58.0664],[105.6204,57.9994],[105.6902,57.9915],[105.7009,57.9674],[105.6657,57.9538],[105.6546,57.9281],[105.6736,57.8939],[105.6107,57.8522],[105.6177,57.8119],[105.6489,57.7858],[105.5991,57.714],[105.5704,57.7141],[105.5247,57.6733],[105.4686,57.6749],[105.4549,57.6843],[105.3131,57.6325],[105.2411,57.6369],[105.1735,57.6323],[105.1536,57.6562],[105.1728,57.6686],[105.1633,57.6963],[105.1096,57.7177],[105.0894,57.7722],[105.0561,57.7901],[104.9852,57.7612],[104.9525,57.7868],[104.9135,57.7921],[104.8006,57.7707],[104.7889,57.7826],[104.7942,57.8476],[104.7598,57.8768],[104.7118,57.8938],[104.683,57.8918],[104.6649,57.8638],[104.6358,57.852],[104.6122,57.8623],[104.5739,57.8538],[104.548,57.8163],[104.5102,57.7923],[104.526,57.7782],[104.5195,57.7148],[104.5616,57.6832],[104.5427,57.653],[104.5087,57.6629],[104.4322,57.6718],[104.3741,57.6602],[104.3376,57.673],[104.3097,57.666],[104.3298,57.6418],[104.3135,57.6244],[104.2695,57.6113],[104.2428,57.5643],[104.25,57.5313],[104.287,57.5127],[104.2775,57.4955],[104.3258,57.4813],[104.3282,57.4607],[104.3796,57.4042],[104.4459,57.3818],[104.5178,57.3664],[104.5065,57.3341],[104.6169,57.2725],[104.6317,57.2537],[104.6104,57.2414],[104.6289,57.2089],[104.6116,57.1902],[104.6436,57.1685],[104.6434,57.1113],[104.5919,57.0997],[104.5577,57.0346],[104.5819,57.0014],[104.4791,56.9661],[104.4944,56.9353],[104.5187,56.9173],[104.5701,56.8983],[104.5934,56.8489],[104.6208,56.8147],[104.6261,56.7845],[104.6925,56.7684],[104.7411,56.7655],[104.7165,56.7388],[104.7101,56.705],[104.7435,56.6783],[104.7814,56.6674],[104.7792,56.6089],[104.83,56.5686],[104.8523,56.5599],[104.8363,56.5183],[104.7822,56.4949],[104.8247,56.4812],[104.8383,56.4524],[104.835,56.4309],[104.8603,56.4014],[104.8599,56.3579],[104.8832,56.3444],[104.8824,56.3008],[104.9288,56.282],[104.9152,56.2342],[104.896,56.217],[104.9137,56.1805],[104.9035,56.1683],[104.9514,56.1249],[104.9539,56.1076],[104.9245,56.0921],[104.9884,56.0538],[104.9946,56.019],[105.0256,56.0007],[105.0074,55.9794],[105.0541,55.9325],[105.023,55.8672],[105.0464,55.8566],[105.0388,55.823]]]},"properties":{"osm_id":1454692,"name":"Усть-Кутский район","kind":"district","parent":"Иркутская область","parent_iso":"RU-IRK","label":[105.7767,56.9563]}},
{"type":"Feature","geometry":{"type":"Polygon","coordinates":[[[116.2375,50.0363],[116.3403,49.999],[116.3989,49.9871],[116.4851,49.9625],[116.6255,49.9356],[116.7137,49.8457],[117.0576,49.6858],[117.2731,49.6315],[117.4713,49.6272],[117.6339,49.5647],[117.8023,49.517],[117.832,49.5423],[117.8579,49.5106],[117.8808,49.5153],[117.891,49.5937],[117.931,49.5958],[117.9621,49.6222],[117.9922,49.637],[117.9241,49.6686],[117.9424,49.6874],[117.8897,49.7614],[117.9338,49.8063],[117.9377,49.8368],[117.9546,49.858],[117.9266,49.8849],[117.816,49.9143],[117.7943,49.9056],[117.7567,49.9382],[117.7842,49.9964],[117.7464,50.0225],[117.6445,50.0335],[117.6062,50.1065],[117.4853,50.1601],[117.4231,50.182],[117.3017,50.2357],[117.271,50.2377],[117.2081,50.2193],[117.182,50.2274],[117.1419,50.2131],[117.0894,50.2447],[117.0583,50.206],[117.0423,50.1709],[117.0468,50.1571],[117.0013,50.1506],[116.8621,50.1402],[116.7766,50.11],[116.776,50.1848],[116.723,50.1781],[116.6849,50.167],[116.6754,50.1837],[116.6219,50.1856],[116.5746,50.1716],[116.5012,50.1842],[116.4303,50.0804],[116.3415,50.0686],[116.259,50.0706],[116.2242,50.0599],[116.2375,50.0363]]]},"properties":{"osm_id":1846002,"name":"Забайкальский муниципальный округ","kind":"district","parent":"Забайкальский край","parent_iso":"RU-ZAB","label":[117.1082,49.8766]}},
{"type":"Feature","geometry":{"type":"Polygon","coordinates":[[[117.6906,50.4467],[117.652,50.4471],[117.5893,50.4279],[117.5849,50.4368],[117.4682,50.4508],[117.4106,50.4166],[117.3738,50.3885],[117.3939,50.3639],[117.4394,50.3394],[117.3719,50.291],[117.3017,50.2357],[117.4231,50.182],[117.4853,50.1601],[117.6062,50.1065],[117.6445,50.0335],[117.7464,50.0225],[117.7842,49.9964],[117.7567,49.9382],[117.7943,49.9056],[117.816,49.9143],[117.9266,49.8849],[117.9546,49.858],[117.9377,49.8368],[117.9338,49.8063],[117.8897,49.7614],[117.9424,49.6874],[117.9241,49.6686],[117.9922,49.637],[117.9621,49.6222],[117.931,49.5958],[117.9739,49.6199],[118.04,49.6099],[118.074,49.6138],[118.1124,49.6581],[118.1583,49.6609],[118.1707,49.6808],[118.2045,49.69],[118.2038,49.7111],[118.2395,49.7373],[118.2788,49.7426],[118.2958,49.7599],[118.3721,49.7862],[118.391,49.8087],[118.4324,49.834],[118.4722,49.8277],[118.4838,49.8671],[118.5232,49.8857],[118.5249,49.9005],[118.5548,49.9219],[118.6044,49.9311],[118.6478,49.9475],[118.7343,49.9449],[118.7572,49.9587],[118.802,49.9678],[118.8396,49.966],[118.8476,49.9841],[118.8258,50.0513],[118.7773,50.0803],[118.6782,50.1553],[118.6987,50.1851],[118.6428,50.258],[118.6168,50.264],[118.5895,50.3371],[118.5792,50.3469],[118.5204,50.3394],[118.4965,50.3785],[118.4659,50.3437],[118.4956,50.2913],[118.4408,50.2844],[118.361,50.2959],[118.316,50.2874],[118.2507,50.2479],[118.238,50.2252],[118.1996,50.2336],[118.1793,50.2528],[118.1642,50.2922],[118.0552,50.3349],[118.0312,50.3343],[118.0155,50.3523],[117.9846,50.3625],[117.9529,50.3888],[117.8816,50.4125],[117.8789,50.4331],[117.8232,50.414],[117.8141,50.4496],[117.7383,50.4352],[117.7026,50.434],[117.6906,50.4467]]]},"properties":{"osm_id":1846005,"name":"Краснокаменский муниципальный округ","kind":"district","parent":"Забайкальский край","parent_iso":"RU-ZAB","label":[118.0747,50.0222]}},
{"type":"Feature","geometry":{"type":"Polygon","coordinates":[[[99.2304,52.9633],[99.2601,52.9342],[99.2229,52.9115],[99.2308,52.8679],[99.2025,52.8743],[99.1696,52.8646],[99.1217,52.8731],[99.0154,52.9077],[98.9741,52.9341],[98.9355,52.9372],[98.9007,52.8796],[98.8707,52.8637],[98.8516,52.827],[98.8795,52.7957],[98.9235,52.802],[98.9498,52.7871],[98.9311,52.7702],[98.9349,52.7462],[98.9602,52.7156],[98.9312,52.7035],[98.9389,52.671],[98.9115,52.6503],[98.87,52.6579],[98.8561,52.6231],[98.807,52.6182],[98.7871,52.6058],[98.7851,52.5603],[98.829,52.5431],[98.8005,52.507],[98.769,52.5088],[98.712,52.4777],[98.6982,52.4459],[98.6709,52.4284],[98.6324,52.4224],[98.6324,52.3979],[98.6766,52.3661],[98.6597,52.3136],[98.6583,52.2692],[98.7093,52.2904],[98.7425,52.2904],[98.7577,52.2751],[98.7886,52.2689],[98.8334,52.2726],[98.8248,52.2532],[98.8403,52.2361],[98.8228,52.193],[98.8532,52.1886],[98.8904,52.2017],[98.9139,52.1885],[98.988,52.165],[98.9671,52.1506],[98.9974,52.0865],[99.0255,52.0657],[99.0717,52.0695],[99.1325,52.0242],[99.1736,52.0356],[99.2228,52.0256],[99.2366,52.0126],[99.2761,52.0186],[99.2826,51.9869],[99.2637,51.9784],[99.3055,51.9575],[99.3679,51.9538],[99.4374,51.9561],[99.4983,51.9514],[99.5199,51.9685],[99.573,51.9315],[99.5906,51.9286],[99.6009,51.9022],[99.6257,51.8927],[99.665,51.9044],[99.6904,51.897],[99.8012,51.9154],[99.8171,51.8985],[99.8279,51.8573],[99.8195,51.8478],[99.8644,51.8055],[99.8632,51.7862],[99.9093,51.7457],[99.9645,51.7418],[99.9779,51.7537],[100.0331,51.7333],[100.0654,51.7335],[100.1034,51.7546],[100.1546,51.7575],[100.201,51.743],[100.262,51.7504],[100.2806,51.7375],[100.3535,51.7417],[100.4103,51.73],[100.5289,51.7501],[100.5355,51.7361],[100.5916,51.7373],[100.6231,51.7255],[100.6679,51.7467],[100.679,51.7629],[100.7126,51.7629],[100.7375,51.7761],[100.7807,51.771],[100.7987,51.7471],[100.8625,51.7831],[100.8925,51.7919],[100.9675,51.7606],[100.9947,51.7908],[101.0609,51.7945],[101.0756,51.8099],[101.1244,51.8216],[101.1536,51.8487],[101.1737,51.8541],[101.2096,51.815],[101.2497,51.7881],[101.3245,51.8202],[101.3311,51.8088],[101.4071,51.8138],[101.4352,51.8297],[101.4749,51.8263],[101.516,51.8535],[101.5984,51.873],[101.6327,51.8611],[101.6932,51.8823],[101.7009,51.8921],[101.7696,51.8768],[101.8222,51.8804],[101.8549,51.9001],[101.8929,51.8808],[101.9574,51.9065],[101.9941,51.8823],[102.033,51.8798],[102.0868,51.8935],[102.1066,51.9106],[102.1601,51.9356],[102.1693,51.96],[102.2093,51.9727],[102.2508,51.9751],[102.2894,51.9683],[102.346,51.9733],[102.3912,51.9923],[102.4676,51.996],[102.5026,51.9622],[102.5609,51.9741],[102.5713,51.9501],[102.6527,51.9232],[102.7646,51.9156],[102.8161,51.928],[102.8025,51.9528],[102.8116,51.9766],[102.7635,51.9953],[102.7452,52.021],[102.7088,52.0341],[102.6703,52.0648],[102.6704,52.0856],[102.616,52.1119],[102.5695,52.1633],[102.5591,52.2034],[102.5666,52.2206],[102.5179,52.2338],[102.4457,52.2397],[102.4231,52.2448],[102.3877,52.2686],[102.3572,52.245],[102.3001,52.2307],[102.2699,52.241],[102.2566,52.2634],[102.1918,52.2653],[102.156,52.2838],[102.0838,52.2581],[102.0847,52.2259],[102.0563,52.2151],[102.0067,52.2119],[101.9623,52.2269],[101.9248,52.2238],[101.9185,52.2569],[101.8996,52.2848],[101.9307,52.3173],[101.8598,52.3489],[101.7829,52.3689],[101.723,52.4092],[101.6991,52.4029],[101.6748,52.4474],[101.6786,52.4758],[101.6302,52.4803],[101.5692,52.5055],[101.4547,52.5762],[101.4572,52.5951],[101.41,52.634],[101.2935,52.6441],[101.2706,52.6635],[101.2285,52.6777],[101.2152,52.697],[101.1244,52.7191],[101.0933,52.7363],[101.0816,52.7601],[101.0301,52.7633],[100.9902,52.7745],[100.9164,52.7829],[100.8728,52.8036],[100.8133,52.8651],[100.7278,52.9067],[100.6558,52.9215],[100.5995,52.9506],[100.5982,52.9738],[100.5454,53.0155],[100.511,53.0308],[100.4898,53.0569],[100.4285,53.077],[100.3774,53.1037],[100.3597,53.1354],[100.3724,53.1523],[100.3406,53.1673],[100.4049,53.1935],[100.4197,53.2488],[100.3953,53.2648],[100.3313,53.2905],[100.3063,53.3156],[100.2857,53.3638],[100.232,53.3754],[100.19,53.3691],[100.165,53.3507],[100.1234,53.3435],[100.1142,53.3132],[100.0418,53.3098],[100.025,53.3249],[99.9804,53.3291],[99.9631,53.3085],[99.9041,53.3034],[99.8524,53.2877],[99.8439,53.2687],[99.8644,53.2446],[99.8421,53.1974],[99.795,53.2004],[99.7186,53.1506],[99.6484,53.1448],[99.5903,53.1304],[99.5296,53.106],[99.4964,53.116],[99.4535,53.1179],[99.3731,53.1019],[99.3557,53.0805],[99.3685,53.0332],[99.3416,53.0233],[99.3292,53.0007],[99.2411,52.9866],[99.2304,52.9633]]]},"properties":{"osm_id":194267,"name":"Окинский муниципальный округ","kind":"district","parent":"Бурятия","parent_iso":"RU-BU","label":[100.7287,52.5471]}},
{"type":"Feature","geometry":{"type":"Polygon","coordinates":[[[103.2662,55.3893],[103.1868,55.355],[103.1824,55.3438],[103.1147,55.3349],[103.0953,55.317],[103.0276,55.3063],[103.0002,55.2914],[102.9812,55.3082],[102.9246,55.3198],[102.8734,55.3099],[102.8146,55.3385],[102.8162,55.3564],[102.7475,55.3961],[102.7343,55.4238],[102.7023,55.4452],[102.6753,55.4483],[102.6595,55.415],[102.6262,55.4008],[102.6564,55.3647],[102.6298,55.3431],[102.6471,55.3344],[102.6719,55.2984],[102.7038,55.2804],[102.7065,55.2374],[102.7162,55.2237],[102.6721,55.1559],[102.6507,55.1411],[102.6405,55.0815],[102.6117,55.0593],[102.6305,55.0365],[102.5547,54.9765],[102.5915,54.9491],[102.5798,54.9303],[102.5804,54.895],[102.5439,54.8699],[102.5444,54.8422],[102.525,54.8276],[102.5457,54.8017],[102.5099,54.7733],[102.5294,54.7545],[102.492,54.6908],[102.4532,54.6809],[102.447,54.6641],[102.4047,54.6502],[102.399,54.616],[102.4265,54.5769],[102.4855,54.5631],[102.5033,54.5423],[102.5145,54.501],[102.4877,54.4928],[102.5145,54.4668],[102.4773,54.4524],[102.5447,54.4133],[102.5465,54.353],[102.6119,54.3341],[102.6253,54.3199],[102.5817,54.3106],[102.5879,54.2907],[102.6193,54.2955],[102.6502,54.2729],[102.6293,54.2493],[102.5668,54.2052],[102.5271,54.1948],[102.5412,54.1765],[102.53,54.1301],[102.4735,54.1257],[102.4625,54.0961],[102.4228,54.0961],[102.4204,54.0779],[102.4731,54.0718],[102.4782,54.0537],[102.5253,54.0499],[102.5252,54.0264],[102.5662,53.9952],[102.6167,54.0072],[102.6612,53.9755],[102.6884,53.994],[102.7793,54.0045],[102.7806,54.0311],[102.8126,54.0409],[102.8243,54.0639],[102.9467,54.0205],[102.9119,53.9692],[102.8927,53.9151],[102.9416,53.8968],[102.97,53.8939],[102.9907,53.909],[103.0754,53.8618],[103.0791,53.8516],[103.1557,53.8441],[103.1718,53.8361],[103.2165,53.8541],[103.2569,53.8369],[103.2648,53.8515],[103.2453,53.8869],[103.157,53.9785],[103.0455,54.0494],[102.9777,54.1078],[102.9722,54.1568],[102.9849,54.188],[103.0108,54.2224],[103.0609,54.2726],[103.1019,54.2992],[103.1723,54.3562],[103.2224,54.387],[103.2372,54.4051],[103.2422,54.4554],[103.2312,54.5585],[103.2393,54.607],[103.2128,54.667],[103.1658,54.6995],[103.0851,54.7309],[103.0571,54.7521],[103.0525,54.7843],[103.0712,54.8794],[103.1133,54.9296],[103.2346,54.9923],[103.2693,55.024],[103.3268,55.1165],[103.3409,55.2049],[103.3352,55.2683],[103.3131,55.3225],[103.2662,55.3893]]]},"properties":{"osm_id":1460653,"name":"Балаганский муниципальный округ","kind":"district","parent":"Иркутская область","parent_iso":"RU-IRK","label":[102.863,54.6446]}},
{"type":"Feature","geometry":{"type":"Polygon","coordinates":[[[101.945,54.0609],[102.0277,54.0086],[102.0604,54.0022],[102.0744,54.0484],[102.1493,54.0851],[102.1774,54.0692],[102.2082,54.0704],[102.2286,54.0855],[102.2248,54.133],[102.187,54.1663],[102.134,54.1332],[102.1413,54.0939],[102.0907,54.057],[102.0608,54.0454],[101.99,54.0344],[101.945,54.0609]]]},"properties":{"osm_id":1469710,"name":"городской округ Саянск","kind":"district","parent":"Иркутская область","parent_iso":"RU-IRK","label":[102.1006,54.0639]}},
{"type":"Feature","geometry":{"type":"Polygon","coordinates":[[[100.4197,53.2488],[100.4709,53.2454],[100.5129,53.2535],[100.5188,53.2713],[100.5451,53.2819],[100.5717,53.2694],[100.6113,53.274],[100.6158,53.2939],[100.6032,53.3085],[100.5001,53.3208],[100.4551,53.3336],[100.4251,53.3335],[100.3909,53.3746],[100.4623,53.388],[100.4822,53.401],[100.5088,53.389],[100.6013,53.4042],[100.6375,53.4265],[100.6266,53.4496],[100.6779,53.478],[100.6606,53.4967],[100.6664,53.5324],[100.6875,53.5457],[100.7042,53.5763],[100.7325,53.5829],[100.7397,53.6066],[100.7629,53.631],[100.8194,53.6404],[100.8349,53.6588],[100.9156,53.6698],[100.9767,53.6844],[100.9399,53.7341],[100.8541,53.7423],[100.7708,53.7266],[100.7427,53.7301],[100.6835,53.7544],[100.6889,53.7662],[100.6228,53.8007],[100.6302,53.8304],[100.6575,53.8372],[100.6797,53.8908],[100.7228,53.9098],[100.7508,53.9312],[100.8304,53.9365],[100.8105,53.9737],[100.8294,54.0178],[100.8472,54.0337],[100.8936,54.0516],[100.8673,54.0863],[100.7838,54.0772],[100.7414,54.0973],[100.7077,54.0976],[100.6908,54.1192],[100.6521,54.1398],[100.6681,54.1881],[100.6634,54.2033],[100.7234,54.2],[100.8205,54.2254],[100.8592,54.251],[100.945,54.2601],[101.0002,54.239],[101.0424,54.2464],[101.023,54.336],[100.9777,54.3681],[101.0915,54.4469],[101.113,54.4558],[101.1048,54.5036],[101.1174,54.5263],[101.1284,54.6107],[101.0663,54.6339],[101.0046,54.6403],[100.9596,54.6511],[100.9576,54.7021],[100.8606,54.7101],[100.8375,54.7434],[100.8488,54.7905],[100.8836,54.7961],[100.8747,54.8193],[100.8455,54.8156],[100.8426,54.8463],[100.8775,54.8474],[100.9227,54.8374],[100.9843,54.857],[100.9822,54.9188],[101.0538,54.9171],[101.0396,54.9372],[100.9603,54.9628],[100.9723,54.977],[100.9641,55.0006],[100.94,55.0178],[100.8597,55.0098],[100.7935,55.0102],[100.7383,55.0298],[100.7129,55.0285],[100.6529,55.0525],[100.6037,55.0486],[100.5504,55.0626],[100.498,55.06],[100.4614,55.0754],[100.3769,55.0797],[100.3242,55.0663],[100.2678,55.0816],[100.2018,55.0537],[100.1426,55.0451],[100.0714,55.0682],[100.0293,55.0717],[99.9566,55.0672],[99.9561,55.0385],[99.935,55.0308],[99.9179,54.9959],[99.8738,54.9432],[99.8888,54.9343],[99.9006,54.8906],[99.9373,54.8866],[99.9395,54.8684],[99.9978,54.8539],[99.9808,54.8329],[99.9774,54.8007],[100.0063,54.7524],[99.9927,54.7279],[100.0202,54.7044],[100.0008,54.6768],[100.0323,54.6673],[100.0566,54.6431],[100.0605,54.5654],[100.0183,54.5549],[100.0229,54.5386],[99.97,54.5255],[99.909,54.5318],[99.8689,54.5297],[99.8213,54.5169],[99.8052,54.5229],[99.7617,54.4765],[99.7686,54.4424],[99.8206,54.3954],[99.8769,54.365],[99.8342,54.3461],[99.8562,54.3264],[99.6852,54.2423],[99.7485,54.2307],[99.7157,54.2012],[99.7205,54.1846],[99.6903,54.1571],[99.6383,54.1369],[99.6638,54.0912],[99.6891,54.0992],[99.7228,54.0924],[99.6555,54.0455],[99.6281,54.0326],[99.5726,54.046],[99.5558,54.0409],[99.5206,54.0602],[99.4848,54.055],[99.4314,54.0309],[99.3953,54.0055],[99.3825,53.962],[99.4184,53.9191],[99.3911,53.8679],[99.3325,53.8468],[99.3059,53.8211],[99.249,53.8442],[99.2303,53.8274],[99.2663,53.7915],[99.264,53.7784],[99.349,53.7282],[99.3818,53.7169],[99.5069,53.6883],[99.553,53.6364],[99.5514,53.6229],[99.52,53.6011],[99.5784,53.5449],[99.5867,53.5114],[99.5569,53.4906],[99.5535,53.4582],[99.5911,53.4645],[99.6627,53.4981],[99.6652,53.5104],[99.7171,53.5227],[99.7469,53.5429],[99.7673,53.5181],[99.7948,53.5164],[99.8462,53.487],[99.8578,53.4681],[99.8869,53.4612],[99.9118,53.4241],[99.9386,53.4129],[100.0068,53.3656],[100.0615,53.3439],[100.088,53.3184],[100.1142,53.3132],[100.1234,53.3435],[100.165,53.3507],[100.19,53.3691],[100.232,53.3754],[100.2857,53.3638],[100.3063,53.3156],[100.3313,53.2905],[100.3953,53.2648],[100.4197,53.2488]],[[100.4906,54.5421],[100.5233,54.5508],[100.5287,54.5748],[100.5124,54.586],[100.5188,54.6206],[100.5705,54.6205],[100.6003,54.633],[100.6544,54.6282],[100.627,54.5894],[100.6548,54.5465],[100.6545,54.5272],[100.7262,54.4981],[100.6738,54.4906],[100.6678,54.4801],[100.5647,54.482],[100.5473,54.4946],[100.5358,54.5312],[100.4906,54.5421]]]},"properties":{"osm_id":190128,"name":"Тулунский район","kind":"district","parent":"Иркутская область","parent_iso":"RU-IRK","label":[100.1793,54.1598]}},
{"type":"Feature","geometry":{"type":"Polygon","coordinates":[[[101.9904,53.9238],[101.9994,53.8976],[102.0344,53.8727],[102.0707,53.8624],[102.0745,53.8945],[102.105,53.9391],[102.0509,53.9615],[101.9904,53.9238]]]},"properties":{"osm_id":1465834,"name":"Зиминское городское муниципальное образование","kind":"district","parent":"Иркутская область","parent_iso":"RU-IRK","label":[102.0486,53.9073]}},
{"type":"Feature","geometry":{"type":"Polygon","coordinates":[[[103.3642,53.6244],[103.3615,53.6726],[103.3036,53.7356],[103.2916,53.7631],[103.2532,53.8163],[103.2569,53.8369],[103.2165,53.8541],[103.1718,53.8361],[103.1557,53.8441],[103.0791,53.8516],[103.0754,53.8618],[102.9907,53.909],[102.97,53.8939],[102.9416,53.8968],[102.8927,53.9151],[102.9119,53.9692],[102.9467,54.0205],[102.8243,54.0639],[102.8126,54.0409],[102.7806,54.0311],[102.7793,54.0045],[102.6884,53.994],[102.6612,53.9755],[102.6167,54.0072],[102.5662,53.9952],[102.5143,53.9839],[102.4905,53.9651],[102.4896,53.9191],[102.499,53.8957],[102.475,53.8666],[102.4398,53.8759],[102.4004,53.9078],[102.3777,53.8701],[102.322,53.8591],[102.3464,53.8307],[102.3567,53.8017],[102.4079,53.7901],[102.45,53.7607],[102.4969,53.7773],[102.5409,53.7551],[102.5666,53.723],[102.5722,53.7007],[102.5074,53.6771],[102.5681,53.6336],[102.5958,53.6322],[102.6952,53.5897],[102.7305,53.5616],[102.7702,53.5774],[102.8048,53.5673],[102.8502,53.5296],[102.8476,53.4911],[102.8717,53.4615],[102.9615,53.458],[103.0002,53.4384],[103.0608,53.4743],[103.0493,53.4956],[103.0173,53.4905],[102.9801,53.5281],[103.0244,53.5578],[103.0722,53.5789],[103.1042,53.6224],[103.1705,53.596],[103.2047,53.5901],[103.1498,53.5384],[103.2235,53.5235],[103.3552,53.5081],[103.3426,53.5647],[103.3642,53.6244]]]},"properties":{"osm_id":1460641,"name":"Нукутский муниципальный округ","kind":"district","parent":"Иркутская область","parent_iso":"RU-IRK","label":[102.8431,53.7494]}},
{"type":"Feature","geometry":{"type":"Polygon","coordinates":[[[101.0816,52.7601],[101.1255,52.7697],[101.1234,52.826],[101.1852,52.8605],[101.2262,52.8997],[101.2553,52.9187],[101.3063,52.9135],[101.3142,52.9612],[101.3672,52.9553],[101.4284,52.9775],[101.4831,53.0162],[101.5351,53.0303],[101.5833,53.0225],[101.6421,53.0202],[101.6715,53.0006],[101.7237,52.9902],[101.7296,53.0305],[101.9134,53.0172],[101.9047,52.9954],[101.9591,52.9936],[101.9722,53.0414],[101.953,53.1392],[101.9377,53.1552],[101.9639,53.18],[101.9682,53.2166],[102.0113,53.2317],[102.0548,53.2248],[102.1038,53.1945],[102.1325,53.1963],[102.1529,53.2103],[102.1316,53.2336],[102.1748,53.2643],[102.1579,53.2882],[102.1643,53.306],[102.2185,53.3139],[102.2483,53.3071],[102.318,53.3217],[102.3794,53.3674],[102.4295,53.3817],[102.494,53.3692],[102.5045,53.3598],[102.5801,53.3837],[102.5568,53.4049],[102.6451,53.4623],[102.6875,53.4657],[102.6795,53.498],[102.6932,53.5281],[102.7162,53.5365],[102.7305,53.5616],[102.6952,53.5897],[102.5958,53.6322],[102.5681,53.6336],[102.5074,53.6771],[102.5722,53.7007],[102.5666,53.723],[102.5409,53.7551],[102.4969,53.7773],[102.45,53.7607],[102.4079,53.7901],[102.3567,53.8017],[102.3464,53.8307],[102.31,53.8224],[102.2679,53.8324],[102.22,53.8203],[102.1587,53.7569],[102.1113,53.7253],[102.0721,53.7442],[102.0219,53.7422],[101.9636,53.6758],[101.9462,53.649],[101.8909,53.6315],[101.8494,53.6063],[101.7943,53.5893],[101.7832,53.5735],[101.7503,53.5663],[101.7114,53.5747],[101.6669,53.5386],[101.6702,53.5272],[101.6253,53.5127],[101.6063,53.4891],[101.5746,53.479],[101.49,53.4902],[101.4397,53.47],[101.4035,53.4673],[101.3016,53.4456],[101.3028,53.4112],[101.2789,53.3928],[101.218,53.3784],[101.1854,53.3273],[101.1491,53.3073],[101.0958,53.3154],[101.0672,53.3273],[100.9646,53.3116],[100.9242,53.2809],[100.8975,53.2737],[100.845,53.2862],[100.8008,53.2879],[100.7589,53.2707],[100.7452,53.2984],[100.662,53.2714],[100.6415,53.2917],[100.6158,53.2939],[100.6113,53.274],[100.5717,53.2694],[100.5451,53.2819],[100.5188,53.2713],[100.5129,53.2535],[100.4709,53.2454],[100.4197,53.2488],[100.4049,53.1935],[100.3406,53.1673],[100.3724,53.1523],[100.3597,53.1354],[100.3774,53.1037],[100.4285,53.077],[100.4898,53.0569],[100.511,53.0308],[100.5454,53.0155],[100.5982,52.9738],[100.5995,52.9506],[100.6558,52.9215],[100.7278,52.9067],[100.8133,52.8651],[100.8728,52.8036],[100.9164,52.7829],[100.9902,52.7745],[101.0301,52.7633],[101.0816,52.7601]]]},"properties":{"osm_id":190136,"name":"Заларинский муниципальный округ","kind":"district","parent":"Иркутская область","parent_iso":"RU-IRK","label":[101.5339,53.2902]}},
{"type":"Feature","geometry":{"type":"Polygon","coordinates":[[[98.8315,55.9651],[98.8452,55.9606],[98.8621,55.9218],[98.8774,55.9092],[98.9281,55.9093],[98.9597,55.8729],[98.9981,55.8433],[99.0453,55.8348],[99.1336,55.804],[99.1263,55.7942],[99.1862,55.7536],[99.235,55.7475],[99.2875,55.7123],[99.3634,55.7127],[99.4161,55.681],[99.4642,55.6746],[99.5662,55.6708],[99.6056,55.6453],[99.6222,55.6538],[99.6758,55.6515],[99.6917,55.6359],[99.6836,55.6141],[99.7308,55.6076],[99.7569,55.5822],[99.854,55.5598],[99.876,55.5821],[99.9177,55.5718],[99.9804,55.5823],[100.1182,55.5888],[100.1734,55.6191],[100.173,55.6491],[100.2192,55.6751],[100.2547,55.7171],[100.3275,55.7336],[100.3625,55.7512],[100.4019,55.753],[100.4376,55.744],[100.4664,55.7556],[100.6108,55.7694],[100.6305,55.7912],[100.6671,55.8021],[100.6938,55.8241],[100.7673,55.8314],[100.7572,55.8554],[100.7054,55.8907],[100.727,55.9119],[100.6852,55.9488],[100.6415,55.9732],[100.6658,55.9822],[100.658,56.0029],[100.6933,56.0264],[100.6875,56.0457],[100.6526,56.0646],[100.6745,56.0851],[100.6992,56.1352],[100.6661,56.1455],[100.6567,56.1661],[100.6896,56.1902],[100.696,56.2152],[100.6615,56.2397],[100.6586,56.274],[100.5874,56.2801],[100.5761,56.3165],[100.5225,56.3242],[100.5142,56.3661],[100.4683,56.3683],[100.4569,56.335],[100.4188,56.3519],[100.3596,56.3637],[100.3461,56.3786],[100.3019,56.3709],[100.3027,56.3352],[100.2451,56.3503],[100.2646,56.3653],[100.2636,56.3899],[100.282,56.4149],[100.2691,56.4417],[100.1633,56.4499],[100.1633,56.4619],[100.1274,56.5019],[100.1141,56.5572],[100.0833,56.5897],[100.0955,56.6007],[100.2332,56.6655],[100.59,56.8586],[100.8574,57.0042],[100.84,57.0185],[100.8373,57.0538],[100.7828,57.0811],[100.7657,57.1054],[100.7304,57.106],[100.715,57.1217],[100.756,57.1589],[100.7241,57.1736],[100.7724,57.1861],[100.7722,57.2191],[100.7276,57.2712],[100.731,57.3385],[100.7646,57.3467],[100.7775,57.3816],[100.7648,57.4],[100.7175,57.4142],[100.682,57.4563],[100.6227,57.4694],[100.5911,57.4836],[100.5156,57.494],[100.4932,57.5176],[100.4033,57.5528],[100.4264,57.5765],[100.4139,57.5972],[100.3874,57.6061],[100.3813,57.6258],[100.3532,57.6358],[100.3822,57.6554],[100.3784,57.6708],[100.3228,57.6844],[100.375,57.7288],[100.3515,57.7495],[100.2861,57.7679],[100.2909,57.7942],[100.2191,57.8367],[100.1911,57.8327],[100.1372,57.8597],[100.1477,57.8706],[100.1274,57.9016],[100.1294,57.9195],[100.0806,57.9452],[100.064,57.9771],[100.0647,58.0006],[100.0992,58.0345],[100.091,58.0686],[100.0214,58.0728],[99.9609,58.083],[99.909,58.0729],[99.8798,58.0775],[99.8266,58.0683],[99.812,58.0575],[99.7577,58.0842],[99.6817,58.0827],[99.6329,58.0533],[99.649,58.026],[99.6255,57.9906],[99.5612,57.9372],[99.5099,57.9374],[99.5337,57.9114],[99.4836,57.8997],[99.4989,57.8838],[99.4798,57.8661],[99.4845,57.8443],[99.4415,57.8249],[99.4585,57.8088],[99.4335,57.7892],[99.3943,57.7826],[99.3469,57.7981],[99.2982,57.7816],[99.2553,57.7793],[99.2045,57.761],[99.0866,57.7781],[99.0399,57.7455],[99.0043,57.7428],[98.9789,57.7178],[99.0182,57.68],[99.0545,57.6761],[99.0172,57.6401],[99.0597,57.617],[99.0488,57.5802],[99.0001,57.5709],[98.9567,57.5532],[98.9417,57.5235],[98.9646,57.5031],[98.9385,57.4702],[98.9634,57.4473],[98.949,57.4252],[98.972,57.4082],[98.9648,57.3907],[98.9739,57.3556],[98.9458,57.3416],[98.944,57.3134],[98.9569,57.2793],[98.9342,57.2674],[98.927,57.2379],[98.9083,57.2173],[98.8672,57.2041],[98.835,57.1496],[98.8277,57.1143],[98.8502,57.0807],[98.7427,57.0655],[98.7107,57.0501],[98.7076,57.0136],[98.6838,57.0015],[98.6596,56.9625],[98.7,56.9354],[98.6746,56.9079],[98.7128,56.877],[98.7137,56.8613],[98.6763,56.8385],[98.6675,56.8179],[98.6856,56.8017],[98.6313,56.7963],[98.6099,56.7669],[98.6545,56.7382],[98.7031,56.6861],[98.7198,56.6437],[98.7451,56.6381],[98.7428,56.5935],[98.7588,56.5746],[98.7555,56.5487],[98.6892,56.5236],[98.6986,56.4976],[98.6806,56.4774],[98.6983,56.4432],[98.6626,56.4338],[98.6634,56.3703],[98.639,56.359],[98.7165,56.2966],[98.6955,56.2813],[98.7021,56.2364],[98.7232,56.2024],[98.7165,56.1796],[98.7647,56.1594],[98.7847,56.132],[98.767,56.124],[98.8021,56.0792],[98.8733,56.0354],[98.8315,56.0052],[98.8315,55.9651]]]},"properties":{"osm_id":190097,"name":"Чунский муниципальный округ","kind":"district","parent":"Иркутская область","parent_iso":"RU-IRK","label":[99.7328,56.8218]}},
{"type":"Feature","geometry":{"type":"Polygon","coordinates":[[[107.2435,52.8427],[107.0016,52.7175],[106.5008,52.5054],[106.1733,52.3625],[105.9823,52.1732],[105.8245,52.0007],[105.7818,51.9619],[105.6402,51.8762],[105.5529,51.8324],[105.4244,51.7861],[105.2924,51.745],[105.1602,51.7171],[105.0011,51.6887],[104.8774,51.6722],[104.7336,51.6482],[104.5962,51.6294],[104.588,51.6193],[104.6298,51.473],[104.6393,51.4179],[104.6662,51.4064],[104.6592,51.3588],[104.6699,51.3357],[104.6299,51.2995],[104.6064,51.2672],[104.5559,51.228],[104.5814,51.1813],[104.6116,51.1551],[104.6016,51.1422],[104.613,51.1094],[104.6381,51.1123],[104.633,51.0689],[104.6483,51.0643],[104.7121,51.0764],[104.7319,51.0945],[104.756,51.0963],[104.8251,51.1169],[104.8333,51.1623],[104.9226,51.1877],[104.9319,51.2245],[104.963,51.2432],[104.9599,51.2567],[105.0221,51.2533],[105.066,51.2722],[105.0782,51.2864],[105.1972,51.2947],[105.2783,51.3228],[105.3035,51.3163],[105.347,51.3221],[105.3833,51.3341],[105.4711,51.2998],[105.5159,51.3081],[105.5931,51.3343],[105.6795,51.3472],[105.7271,51.3747],[105.7808,51.3655],[105.7903,51.3774],[105.8456,51.3681],[105.9241,51.3791],[105.9103,51.4],[105.9228,51.4178],[105.9076,51.4316],[105.9277,51.4473],[105.9386,51.4746],[105.9591,51.4708],[106.0149,51.4913],[106.0514,51.4906],[106.064,51.4579],[106.0853,51.4379],[106.1241,51.4179],[106.1745,51.4368],[106.2024,51.4189],[106.2235,51.4355],[106.2413,51.4827],[106.2289,51.5031],[106.1925,51.5078],[106.244,51.5346],[106.2577,51.5535],[106.2916,51.5719],[106.3362,51.562],[106.3489,51.5767],[106.4058,51.6076],[106.42,51.6404],[106.4684,51.6633],[106.5001,51.667],[106.532,51.6869],[106.536,51.7072],[106.6098,51.7732],[106.6427,51.7655],[106.6746,51.7325],[106.6954,51.7303],[106.788,51.7796],[106.8448,51.7764],[106.8731,51.7989],[106.8967,51.7985],[106.9191,51.8213],[106.944,51.8295],[106.9522,51.8613],[106.9945,51.8604],[107.0523,51.88],[107.073,51.9064],[107.1147,51.9304],[107.0975,51.985],[107.0394,52.0307],[107.0472,52.0499],[107.0137,52.0705],[106.989,52.1021],[106.9893,52.1436],[106.9693,52.1619],[106.9552,52.1971],[106.9969,52.2624],[107.0326,52.2858],[107.0194,52.3223],[107.0282,52.3352],[107.005,52.3546],[107.0649,52.3702],[107.1133,52.3678],[107.1322,52.3749],[107.1773,52.3696],[107.2242,52.3905],[107.2902,52.3732],[107.2987,52.392],[107.3569,52.4116],[107.3823,52.4306],[107.4235,52.4361],[107.481,52.4097],[107.4982,52.423],[107.5062,52.4503],[107.5494,52.4577],[107.5044,52.489],[107.5,52.5067],[107.4683,52.5074],[107.4401,52.5309],[107.4675,52.5697],[107.4928,52.579],[107.4817,52.6217],[107.4629,52.6404],[107.487,52.6715],[107.4738,52.6857],[107.2435,52.8427]]]},"properties":{"osm_id":194478,"name":"Кабанский район","kind":"district","parent":"Бурятия","parent_iso":"RU-BU","label":[106.0516,51.9535]}},
{"type":"Feature","geometry":{"type":"Polygon","coordinates":[[[103.4255,51.8719],[103.2258,51.9161],[103.223,51.9455],[103.1098,51.9431],[103.0942,51.9628],[103.0002,51.9686],[102.9397,51.9765],[102.8918,51.9889],[102.8549,51.9714],[102.8551,51.9473],[102.9175,51.9121],[102.9675,51.901],[103.0694,51.8965],[103.085,51.879],[103.0747,51.8575],[103.1448,51.8331],[103.1835,51.8318],[103.2254,51.8061],[103.2237,51.7714],[103.1979,51.7586],[103.1834,51.7283],[103.1976,51.6881],[103.2309,51.6692],[103.1872,51.6369],[103.1816,51.6174],[103.2086,51.6021],[103.2384,51.5704],[103.2193,51.5578],[103.2429,51.5344],[103.2422,51.5039],[103.304,51.4941],[103.3249,51.4787],[103.3373,51.4493],[103.3706,51.4373],[103.3898,51.4707],[103.4926,51.4634],[103.5465,51.4797],[103.6241,51.4806],[103.8014,51.4348],[103.8101,51.1303],[103.8912,51.1563],[103.9164,51.1507],[103.9833,51.1943],[103.985,51.2139],[104.0377,51.221],[104.0667,51.2052],[104.1225,51.2264],[104.1507,51.2431],[104.1472,51.2557],[104.1943,51.2828],[104.2654,51.2817],[104.3245,51.2875],[104.3607,51.2776],[104.4188,51.2896],[104.4867,51.3221],[104.5256,51.2977],[104.5668,51.2857],[104.6299,51.2995],[104.6699,51.3357],[104.6592,51.3588],[104.6662,51.4064],[104.6393,51.4179],[104.6298,51.473],[104.588,51.6193],[104.5962,51.6294],[104.7336,51.6482],[104.8774,51.6722],[104.8182,51.8804],[104.7965,51.9104],[104.7634,51.9108],[104.7556,51.8901],[104.6761,51.8798],[104.6414,51.86],[104.5715,51.8702],[104.5596,51.8838],[104.5164,51.8875],[104.4839,51.8802],[104.469,51.9094],[104.4276,51.9257],[104.4266,51.9462],[104.3835,51.9601],[104.3625,51.9346],[104.3025,51.9621],[104.2183,51.9017],[104.1478,51.9095],[104.1401,51.8062],[103.9129,51.8095],[103.4961,51.8209],[103.4818,51.831],[103.4405,51.8292],[103.4255,51.8719]]]},"properties":{"osm_id":1104970,"name":"Слюдянский район","kind":"district","parent":"Иркутская область","parent_iso":"RU-IRK","label":[103.8661,51.5594]}},
{"type":"Feature","geometry":{"type":"Polygon","coordinates":[[[104.633,51.0689],[104.6381,51.1123],[104.613,51.1094],[104.6016,51.1422],[104.6116,51.1551],[104.5814,51.1813],[104.5559,51.228],[104.6064,51.2672],[104.6299,51.2995],[104.5668,51.2857],[104.5256,51.2977],[104.4867,51.3221],[104.4188,51.2896],[104.3607,51.2776],[104.3245,51.2875],[104.2654,51.2817],[104.1943,51.2828],[104.1472,51.2557],[104.1507,51.2431],[104.1225,51.2264],[104.0667,51.2052],[104.0377,51.221],[103.985,51.2139],[103.9833,51.1943],[103.9164,51.1507],[103.8912,51.1563],[103.8101,51.1303],[103.7925,51.1337],[103.741,51.1159],[103.6861,51.1292],[103.6877,51.1706],[103.6224,51.2049],[103.5575,51.2167],[103.5438,51.2454],[103.4883,51.2576],[103.4488,51.2355],[103.3498,51.2218],[103.3211,51.2234],[103.3139,51.2055],[103.3424,51.1354],[103.3126,51.1206],[103.3244,51.1047],[103.2842,51.0867],[103.2682,51.0592],[103.2384,51.0781],[103.2507,51.1032],[103.2282,51.1102],[103.1791,51.1427],[103.058,51.1443],[102.9722,51.1677],[102.9603,51.1459],[102.9252,51.1386],[102.9333,51.1221],[102.8759,51.101],[102.8024,51.0607],[102.7575,51.0696],[102.7305,51.0584],[102.7051,51.0703],[102.6789,51.0669],[102.6953,51.1015],[102.6851,51.1173],[102.5856,51.0988],[102.5523,51.0995],[102.5185,51.1113],[102.4674,51.1439],[102.3572,51.1422],[102.2858,51.1354],[102.2245,51.1346],[102.2008,51.0932],[102.1699,51.0962],[102.1471,51.0715],[102.1511,51.0573],[102.2036,51.0395],[102.2256,50.999],[102.2311,50.9702],[102.2138,50.9538],[102.2177,50.93],[102.2411,50.9175],[102.2366,50.8888],[102.2111,50.8728],[102.2097,50.817],[102.2365,50.7998],[102.2738,50.7931],[102.295,50.7797],[102.3403,50.7325],[102.3059,50.7021],[102.3023,50.6819],[102.3479,50.6629],[102.3767,50.6667],[102.3954,50.6446],[102.4459,50.6457],[102.4469,50.6195],[102.479,50.5974],[102.5254,50.5946],[102.5539,50.556],[102.5469,50.5268],[102.5877,50.5197],[102.6106,50.5064],[102.6161,50.4537],[102.6477,50.4022],[102.6882,50.3934],[102.7269,50.4081],[102.7505,50.4002],[102.7584,50.379],[102.8282,50.3553],[102.8477,50.332],[102.8935,50.3303],[102.9419,50.3055],[103.0259,50.3064],[103.0708,50.3183],[103.1045,50.3188],[103.1429,50.3067],[103.1724,50.3168],[103.1775,50.3329],[103.2381,50.3219],[103.2487,50.3027],[103.2764,50.2849],[103.2498,50.2494],[103.2747,50.2331],[103.2563,50.1929],[103.2941,50.1859],[103.3534,50.203],[103.4248,50.2117],[103.4904,50.1969],[103.5142,50.1991],[103.5572,50.1627],[103.6023,50.1662],[103.6085,50.1441],[103.6842,50.1429],[103.7254,50.1279],[103.7358,50.1566],[103.8196,50.1654],[103.8466,50.1976],[103.8797,50.1902],[103.8903,50.1761],[103.9456,50.1792],[103.9986,50.1503],[104.0566,50.1511],[104.1082,50.1403],[104.1699,50.1554],[104.1962,50.1755],[104.2401,50.1851],[104.2783,50.2012],[104.2735,50.2213],[104.3036,50.2447],[104.3369,50.2433],[104.3656,50.2648],[104.3967,50.3124],[104.4321,50.3064],[104.4642,50.3148],[104.5069,50.3142],[104.5048,50.3348],[104.5272,50.3576],[104.5228,50.3718],[104.5472,50.3972],[104.5335,50.4552],[104.5078,50.5142],[104.4755,50.5483],[104.4767,50.5656],[104.4534,50.591],[104.4549,50.6297],[104.4305,50.6651],[104.3856,50.6616],[104.3381,50.6859],[104.3327,50.7018],[104.2861,50.7178],[104.2564,50.7077],[104.2023,50.7129],[104.1489,50.7241],[104.0894,50.7441],[104.1052,50.7751],[104.1489,50.7855],[104.2344,50.795],[104.2775,50.8044],[104.338,50.7996],[104.3992,50.8222],[104.448,50.8166],[104.4638,50.8238],[104.5381,50.8318],[104.5718,50.8567],[104.606,50.867],[104.5657,50.8863],[104.5454,50.912],[104.5613,50.9293],[104.5536,50.9558],[104.5723,50.9679],[104.559,51.012],[104.597,51.0603],[104.633,51.0689]]]},"properties":{"osm_id":194326,"name":"Закаменский район","kind":"district","parent":"Бурятия","parent_iso":"RU-BU","label":[103.3951,50.7233]}},
{"type":"Feature","geometry":{"type":"Polygon","coordinates":[[[100.6231,51.7255],[100.6584,51.7249],[100.739,51.6781],[100.8102,51.6621],[100.8228,51.6485],[100.9298,51.6068],[100.9579,51.6159],[100.9902,51.6128],[101.0223,51.5872],[101.0174,51.5703],[101.0658,51.5698],[101.1024,51.5792],[101.125,51.5616],[101.1433,51.5201],[101.1886,51.5218],[101.2429,51.5475],[101.2601,51.5426],[101.2842,51.5081],[101.3414,51.4895],[101.3701,51.4558],[101.4389,51.4557],[101.4601,51.4731],[101.4596,51.4912],[101.4998,51.5033],[101.5422,51.4995],[101.5665,51.4827],[101.6223,51.4692],[101.6205,51.4433],[101.654,51.4429],[101.6911,51.4533],[101.7491,51.4553],[101.8041,51.4382],[101.8179,51.421],[101.8637,51.417],[101.8937,51.4012],[101.9282,51.4167],[101.9613,51.4091],[101.9715,51.3927],[102.0152,51.3948],[102.1243,51.3616],[102.1683,51.3186],[102.1735,51.2851],[102.1195,51.2795],[102.1136,51.2373],[102.1278,51.21],[102.1663,51.1787],[102.1382,51.1763],[102.1233,51.1391],[102.1402,51.0994],[102.1699,51.0962],[102.2008,51.0932],[102.2245,51.1346],[102.2858,51.1354],[102.3572,51.1422],[102.4674,51.1439],[102.5185,51.1113],[102.5523,51.0995],[102.5856,51.0988],[102.6851,51.1173],[102.6953,51.1015],[102.6789,51.0669],[102.7051,51.0703],[102.7305,51.0584],[102.7575,51.0696],[102.8024,51.0607],[102.8759,51.101],[102.9333,51.1221],[102.9252,51.1386],[102.9603,51.1459],[102.9722,51.1677],[103.058,51.1443],[103.1791,51.1427],[103.2282,51.1102],[103.2507,51.1032],[103.2384,51.0781],[103.2682,51.0592],[103.2842,51.0867],[103.3244,51.1047],[103.3126,51.1206],[103.3424,51.1354],[103.3139,51.2055],[103.3211,51.2234],[103.3498,51.2218],[103.4488,51.2355],[103.4883,51.2576],[103.5438,51.2454],[103.5575,51.2167],[103.6224,51.2049],[103.6877,51.1706],[103.6861,51.1292],[103.741,51.1159],[103.7925,51.1337],[103.8101,51.1303],[103.8014,51.4348],[103.6241,51.4806],[103.5465,51.4797],[103.4926,51.4634],[103.3898,51.4707],[103.3706,51.4373],[103.3373,51.4493],[103.3249,51.4787],[103.304,51.4941],[103.2422,51.5039],[103.2429,51.5344],[103.2193,51.5578],[103.2384,51.5704],[103.2086,51.6021],[103.1816,51.6174],[103.1872,51.6369],[103.2309,51.6692],[103.1976,51.6881],[103.1834,51.7283],[103.1979,51.7586],[103.2237,51.7714],[103.2254,51.8061],[103.1835,51.8318],[103.1448,51.8331],[103.0747,51.8575],[103.085,51.879],[103.0694,51.8965],[102.9675,51.901],[102.9175,51.9121],[102.8551,51.9473],[102.8549,51.9714],[102.8116,51.9766],[102.8025,51.9528],[102.8161,51.928],[102.7646,51.9156],[102.6527,51.9232],[102.5713,51.9501],[102.5609,51.9741],[102.5026,51.9622],[102.4676,51.996],[102.3912,51.9923],[102.346,51.9733],[102.2894,51.9683],[102.2508,51.9751],[102.2093,51.9727],[102.1693,51.96],[102.1601,51.9356],[102.1066,51.9106],[102.0868,51.8935],[102.033,51.8798],[101.9941,51.8823],[101.9574,51.9065],[101.8929,51.8808],[101.8549,51.9001],[101.8222,51.8804],[101.7696,51.8768],[101.7009,51.8921],[101.6932,51.8823],[101.6327,51.8611],[101.5984,51.873],[101.516,51.8535],[101.4749,51.8263],[101.4352,51.8297],[101.4071,51.8138],[101.3311,51.8088],[101.3245,51.8202],[101.2497,51.7881],[101.2096,51.815],[101.1737,51.8541],[101.1536,51.8487],[101.1244,51.8216],[101.0756,51.8099],[101.0609,51.7945],[100.9947,51.7908],[100.9675,51.7606],[100.8925,51.7919],[100.8625,51.7831],[100.7987,51.7471],[100.7807,51.771],[100.7375,51.7761],[100.7126,51.7629],[100.679,51.7629],[100.6679,51.7467],[100.6231,51.7255]]]},"properties":{"osm_id":194275,"name":"Тункинский район","kind":"district","parent":"Бурятия","parent_iso":"RU-BU","label":[102.2166,51.5272]}},
{"type":"Feature","geometry":{"type":"Polygon","coordinates":[[[112.3826,52.2015],[112.3596,52.1808],[112.3438,52.1098],[112.323,52.0861],[112.3225,52.0338],[112.3611,52.0213],[112.3312,51.9967],[112.3342,51.983],[112.3083,51.9653],[112.29,51.9322],[112.2575,51.9482],[112.2446,51.9239],[112.2679,51.8972],[112.26,51.865],[112.1905,51.8475],[112.1658,51.8233],[112.1926,51.8071],[112.205,51.7851],[112.2035,51.7455],[112.2685,51.7097],[112.298,51.6757],[112.3541,51.6399],[112.3531,51.6092],[112.3394,51.5899],[112.3629,51.5803],[112.4458,51.5896],[112.5292,51.5891],[112.5686,51.6096],[112.584,51.6581],[112.6376,51.666],[112.6345,51.6861],[112.6997,51.6983],[112.7384,51.7212],[112.7625,51.7084],[112.8221,51.7093],[112.8634,51.6891],[112.8809,51.6932],[112.9517,51.6727],[112.985,51.6702],[113.0632,51.6772],[113.0981,51.6701],[113.1905,51.6683],[113.2276,51.6763],[113.2768,51.6366],[113.2392,51.5206],[113.2529,51.5014],[113.2181,51.4424],[113.1888,51.4062],[113.164,51.3508],[113.1334,51.3409],[113.0981,51.287],[113.0651,51.2561],[113.019,51.2413],[113.0196,51.2169],[112.9879,51.1848],[112.9582,51.1963],[112.9272,51.177],[112.8852,51.1834],[112.8624,51.1713],[112.8804,51.1594],[112.8778,51.1055],[112.8986,51.0784],[112.8938,51.0538],[112.9145,51.0404],[112.9243,50.9994],[113.025,50.9546],[113.0937,50.9818],[113.1105,51.0092],[113.1594,51.0087],[113.2124,51.0359],[113.273,51.0565],[113.2982,51.078],[113.351,51.102],[113.3835,51.1279],[113.4191,51.1141],[113.456,51.1123],[113.4994,51.1308],[113.5294,51.1379],[113.526,51.1541],[113.5595,51.2395],[113.5523,51.2589],[113.5884,51.2862],[113.5978,51.3547],[113.6402,51.432],[113.644,51.4527],[113.6691,51.4545],[113.6618,51.5058],[113.723,51.5678],[113.7446,51.5694],[113.7557,51.6164],[113.7487,51.6308],[113.7801,51.6451],[113.8314,51.6562],[113.831,51.6777],[113.8948,51.6903],[113.9835,51.6985],[114.0052,51.727],[114.0662,51.7075],[114.1187,51.7207],[114.0994,51.7335],[114.1248,51.7809],[114.1786,51.822],[114.1984,51.8667],[114.2331,51.8659],[114.2588,51.8829],[114.2896,51.8814],[114.3206,51.8987],[114.3032,51.947],[114.2866,51.9719],[114.2944,52.0106],[114.3197,52.0157],[114.3441,52.0472],[114.4663,52.0803],[114.4809,52.1052],[114.4772,52.1436],[114.4523,52.1522],[114.5012,52.2963],[114.5205,52.31],[114.5124,52.3315],[114.5235,52.3853],[114.5212,52.446],[114.5017,52.4583],[114.5302,52.5072],[114.5606,52.5257],[114.5752,52.5522],[114.5994,52.5469],[114.6502,52.6106],[114.6564,52.6531],[114.5925,52.6628],[114.6223,52.6788],[114.6156,52.6964],[114.5741,52.7213],[114.5396,52.7807],[114.5065,52.7941],[114.5496,52.8858],[114.5242,52.8997],[114.5385,52.9567],[114.5906,52.9788],[114.5821,53.0079],[114.504,53.0448],[114.4851,53.0395],[114.4432,53.0627],[114.3897,53.0433],[114.3756,53.0544],[114.3549,53.0356],[114.3266,53.0406],[114.3003,52.9989],[114.3169,52.9787],[114.3084,52.957],[114.2819,52.9555],[114.2533,52.9327],[114.2237,52.8633],[114.2366,52.8355],[114.2244,52.8124],[114.1831,52.769],[114.1782,52.753],[114.1444,52.7332],[114.1457,52.7163],[114.1156,52.7054],[114.082,52.6796],[114.0785,52.6623],[114.028,52.6665],[113.9609,52.6267],[113.9152,52.64],[113.8826,52.6314],[113.8758,52.6141],[113.8478,52.6037],[113.8152,52.6145],[113.7685,52.5767],[113.7341,52.5734],[113.7099,52.5529],[113.6401,52.5292],[113.6404,52.5019],[113.6174,52.4894],[113.5907,52.4488],[113.542,52.4887],[113.487,52.4708],[113.297,52.4642],[113.2897,52.4705],[113.152,52.4536],[113.1427,52.4363],[113.0918,52.4187],[113.0931,52.4037],[113.0371,52.3886],[113.0086,52.3706],[112.979,52.3741],[112.9137,52.3302],[112.8838,52.3504],[112.8554,52.3386],[112.8282,52.3427],[112.7966,52.3281],[112.7356,52.3264],[112.6791,52.3548],[112.6084,52.3582],[112.5466,52.3458],[112.5152,52.3211],[112.5071,52.2962],[112.5074,52.2462],[112.4599,52.2373],[112.3826,52.2015]],[[113.0858,51.1568],[113.115,51.148],[113.1575,51.196],[113.206,51.2101],[113.2396,51.1868],[113.2595,51.1995],[113.2967,51.1992],[113.2478,51.1688],[113.1903,51.19],[113.151,51.1525],[113.1173,51.1343],[113.0858,51.1568]],[[113.1336,51.9993],[113.1385,52.0183],[113.1702,52.0468],[113.1651,52.0575],[113.2158,52.0983],[113.2977,52.1386],[113.3417,52.1647],[113.4084,52.1429],[113.4667,52.1397],[113.511,52.1283],[113.5577,52.1026],[113.6457,52.0705],[113.6621,52.0307],[113.6235,51.9983],[113.5983,51.9642],[113.516,51.9469],[113.53,51.9229],[113.552,51.925],[113.5591,51.8879],[113.5144,51.885],[113.5077,51.9211],[113.5153,51.9467],[113.4628,51.9677],[113.4269,51.989],[113.4499,52.0091],[113.4122,52.0263],[113.3645,52.0173],[113.3315,51.9985],[113.2452,51.979],[113.232,51.9641],[113.1734,51.9754],[113.1336,51.9993]]]},"properties":{"osm_id":1754049,"name":"Читинский муниципальный округ","kind":"district","parent":"Забайкальский край","parent_iso":"RU-ZAB","label":[113.4111,52.0086]}},
{"type":"Feature","geometry":{"type":"Polygon","coordinates":[[[113.1336,51.9993],[113.1734,51.9754],[113.232,51.9641],[113.2452,51.979],[113.3315,51.9985],[113.3645,52.0173],[113.4122,52.0263],[113.4499,52.0091],[113.4269,51.989],[113.4628,51.9677],[113.5153,51.9467],[113.5077,51.9211],[113.5144,51.885],[113.5591,51.8879],[113.552,51.925],[113.53,51.9229],[113.516,51.9469],[113.5983,51.9642],[113.6235,51.9983],[113.6621,52.0307],[113.6457,52.0705],[113.5577,52.1026],[113.511,52.1283],[113.4667,52.1397],[113.4084,52.1429],[113.3417,52.1647],[113.2977,52.1386],[113.2158,52.0983],[113.1651,52.0575],[113.1702,52.0468],[113.1385,52.0183],[113.1336,51.9993]]]},"properties":{"osm_id":1846012,"name":"городской округ Чита","kind":"district","parent":"Забайкальский край","parent_iso":"RU-ZAB","label":[113.3979,52.0289]}},
{"type":"Feature","geometry":{"type":"Polygon","coordinates":[[[107.0607,50.8708],[107.1,50.8717],[107.0923,50.8441],[107.1533,50.8177],[107.1846,50.7859],[107.2392,50.7691],[107.3394,50.7723],[107.3622,50.8103],[107.3887,50.8216],[107.4211,50.8567],[107.4516,50.8682],[107.4797,50.8637],[107.5575,50.8729],[107.5864,50.9036],[107.6287,50.9021],[107.769,50.9078],[107.8512,50.9317],[107.9394,50.9299],[107.9735,50.9468],[107.9876,50.9668],[108.0294,50.975],[108.1149,50.9569],[108.1257,50.9946],[108.1915,51.0088],[108.2458,51.0054],[108.2789,51.0217],[108.3257,51.0173],[108.3416,51.0631],[108.4539,51.0536],[108.4985,51.0709],[108.4996,51.0832],[108.5628,51.1206],[108.5579,51.1773],[108.4664,51.2079],[108.4254,51.2384],[108.3848,51.2298],[108.375,51.2506],[108.3951,51.2771],[108.448,51.2974],[108.4614,51.2954],[108.4775,51.3418],[108.4726,51.3664],[108.5073,51.4083],[108.4938,51.4165],[108.411,51.4169],[108.3886,51.4033],[108.3597,51.41],[108.2904,51.4069],[108.2127,51.419],[108.1881,51.4135],[108.1237,51.4227],[108.1042,51.4221],[108.0904,51.3976],[108.0362,51.3621],[107.9782,51.3841],[107.9621,51.3773],[107.8998,51.4114],[107.8636,51.3731],[107.8199,51.3804],[107.7908,51.3715],[107.71,51.3718],[107.7125,51.3477],[107.6709,51.3542],[107.613,51.344],[107.5707,51.3561],[107.5181,51.3256],[107.4952,51.2937],[107.4577,51.2836],[107.4548,51.2671],[107.3897,51.2428],[107.4076,51.2033],[107.405,51.1803],[107.377,51.173],[107.3149,51.1746],[107.232,51.1709],[107.1742,51.1614],[107.1659,51.1315],[107.0864,51.106],[107.0581,51.1257],[107.0497,51.101],[107.0745,51.0934],[107.0461,51.0714],[107.0683,51.0521],[107.0384,51.0312],[107.0748,50.9575],[107.0648,50.9404],[106.99,50.9448],[106.997,50.9116],[107.0284,50.8999],[107.0607,50.8708]]]},"properties":{"osm_id":194891,"name":"Мухоршибирский район","kind":"district","parent":"Бурятия","parent_iso":"RU-BU","label":[107.7787,51.0943]}},
{"type":"Feature","geometry":{"type":"Polygon","coordinates":[[[109.6239,51.4516],[109.5777,51.4531],[109.4807,51.4399],[109.4344,51.4252],[109.3823,51.3857],[109.402,51.3703],[109.3801,51.3583],[109.3387,51.3949],[109.2442,51.3697],[109.2114,51.3747],[109.1809,51.4042],[109.1537,51.4098],[109.1191,51.432],[109.126,51.4591],[109.1068,51.4824],[109.0866,51.4842],[109.0611,51.5179],[109.0468,51.475],[109.0195,51.4768],[109.0043,51.4594],[108.9674,51.4406],[108.9165,51.431],[108.8612,51.4489],[108.815,51.4363],[108.7854,51.4367],[108.6822,51.5034],[108.6499,51.5019],[108.6337,51.4869],[108.6355,51.4417],[108.617,51.4088],[108.5622,51.3995],[108.5351,51.4156],[108.5073,51.4083],[108.4726,51.3664],[108.4775,51.3418],[108.4614,51.2954],[108.448,51.2974],[108.3951,51.2771],[108.375,51.2506],[108.3848,51.2298],[108.4254,51.2384],[108.4664,51.2079],[108.5579,51.1773],[108.5628,51.1206],[108.4996,51.0832],[108.4985,51.0709],[108.4539,51.0536],[108.3416,51.0631],[108.3257,51.0173],[108.3051,50.9965],[108.2968,50.9514],[108.2683,50.9227],[108.2609,50.9009],[108.2777,50.8774],[108.2752,50.8391],[108.2648,50.8233],[108.2152,50.8288],[108.1779,50.8082],[108.0607,50.774],[108.0805,50.7534],[108.0692,50.7398],[108.1819,50.6499],[108.2381,50.6659],[108.2729,50.6434],[108.315,50.635],[108.3383,50.6193],[108.381,50.6136],[108.4084,50.6222],[108.4239,50.6036],[108.4825,50.5945],[108.4827,50.581],[108.513,50.549],[108.5497,50.5394],[108.593,50.5378],[108.6178,50.5279],[108.6375,50.5398],[108.6824,50.5267],[108.7464,50.5368],[108.7888,50.5567],[108.8311,50.5922],[108.8854,50.5913],[108.9166,50.6091],[108.9547,50.6014],[108.9884,50.5838],[109.0233,50.6014],[109.0298,50.6246],[109.1106,50.6283],[109.1238,50.6182],[109.1713,50.6237],[109.1896,50.6517],[109.2413,50.6558],[109.2423,50.674],[109.2913,50.6939],[109.3228,50.677],[109.3548,50.69],[109.3814,50.6825],[109.402,50.7033],[109.4629,50.7063],[109.5096,50.72],[109.5282,50.7364],[109.6051,50.7548],[109.627,50.7402],[109.6834,50.7625],[109.7276,50.747],[109.7598,50.7435],[109.7937,50.7232],[109.8296,50.7243],[109.8371,50.7391],[109.8791,50.7348],[109.8842,50.7545],[109.9548,50.7591],[109.9732,50.7411],[110.0023,50.7391],[110.0188,50.7632],[110.0719,50.7991],[110.0715,50.8607],[110.0888,50.8984],[110.0602,50.9289],[110.0588,50.9532],[110.0779,50.9663],[110.0847,51.0127],[110.0598,51.0475],[110.0726,51.0761],[110.0712,51.1228],[110.048,51.1443],[109.9774,51.1311],[109.9179,51.1355],[109.8822,51.1453],[109.8646,51.1352],[109.8229,51.1357],[109.817,51.1177],[109.7482,51.1055],[109.7218,51.0581],[109.6857,51.0577],[109.6735,51.0422],[109.6401,51.038],[109.6067,51.0142],[109.5817,51.0133],[109.528,51.0294],[109.5289,51.0485],[109.4938,51.0644],[109.4607,51.1313],[109.4301,51.1378],[109.4156,51.1549],[109.362,51.1914],[109.3291,51.2022],[109.3979,51.2239],[109.3995,51.2337],[109.4419,51.2534],[109.4562,51.2268],[109.5034,51.2283],[109.5332,51.2552],[109.5974,51.2767],[109.5817,51.3035],[109.6276,51.3285],[109.6419,51.3462],[109.6283,51.3707],[109.6398,51.4071],[109.6207,51.4343],[109.6239,51.4516]]]},"properties":{"osm_id":194940,"name":"Петровск-Забайкальский муниципальный округ","kind":"district","parent":"Забайкальский край","parent_iso":"RU-ZAB","label":[109.0784,51.0223]}},
{"type":"Feature","geometry":{"type":"Polygon","coordinates":[[[104.0599,52.4009],[104.0592,52.3943],[104.1489,52.3454],[104.1996,52.3042],[104.1861,52.2893],[104.1944,52.2418],[104.2613,52.244],[104.283,52.2169],[104.3493,52.2092],[104.3776,52.2402],[104.3648,52.254],[104.3736,52.2834],[104.4046,52.2934],[104.4354,52.2878],[104.46,52.3161],[104.4547,52.3593],[104.4021,52.3541],[104.3558,52.3712],[104.3332,52.3676],[104.3212,52.3379],[104.2823,52.3572],[104.1929,52.3847],[104.1808,52.3993],[104.1408,52.3999],[104.1046,52.4205],[104.0599,52.4009]]]},"properties":{"osm_id":1430613,"name":"городской округ Иркутск","kind":"district","parent":"Иркутская область","parent_iso":"RU-IRK","label":[104.2659,52.3155]}},
{"type":"Feature","geometry":{"type":"Polygon","coordinates":[[[103.8247,52.6764],[103.909,52.6529],[103.9325,52.6377],[103.9455,52.6197],[103.9399,52.5784],[103.9843,52.5538],[103.9577,52.5423],[103.9568,52.5099],[103.9948,52.4814],[104.0465,52.4874],[104.0764,52.4352],[104.1046,52.4205],[104.1408,52.3999],[104.1808,52.3993],[104.1929,52.3847],[104.2823,52.3572],[104.3212,52.3379],[104.3332,52.3676],[104.3558,52.3712],[104.4021,52.3541],[104.4547,52.3593],[104.46,52.3161],[104.4354,52.2878],[104.4046,52.2934],[104.3736,52.2834],[104.3648,52.254],[104.3776,52.2402],[104.3493,52.2092],[104.283,52.2169],[104.2613,52.244],[104.1944,52.2418],[104.1861,52.2893],[104.1996,52.3042],[104.1489,52.3454],[104.0592,52.3943],[104.0599,52.4009],[104.0027,52.3797],[103.9649,52.3508],[103.945,52.3262],[103.9781,52.316],[103.9663,52.3],[103.9735,52.2769],[104.0265,52.2544],[104.0632,52.2568],[104.1105,52.2471],[104.1365,52.227],[104.1298,52.1841],[104.1661,52.1779],[104.1619,52.1439],[104.2076,52.0808],[104.2143,52.0249],[104.2004,52.025],[104.1967,51.9674],[104.1523,51.9687],[104.145,51.9319],[104.1185,51.9318],[104.0495,51.893],[103.9704,51.8631],[103.9689,51.8538],[103.9131,51.8269],[103.9129,51.8095],[104.1401,51.8062],[104.1478,51.9095],[104.2183,51.9017],[104.3025,51.9621],[104.3625,51.9346],[104.3835,51.9601],[104.4266,51.9462],[104.4276,51.9257],[104.469,51.9094],[104.4839,51.8802],[104.5164,51.8875],[104.5596,51.8838],[104.5715,51.8702],[104.6414,51.86],[104.6761,51.8798],[104.7556,51.8901],[104.7634,51.9108],[104.7965,51.9104],[104.8182,51.8804],[104.8774,51.6722],[105.0011,51.6887],[105.1602,51.7171],[105.2924,51.745],[105.4244,51.7861],[105.5529,51.8324],[105.6402,51.8762],[105.7818,51.9619],[105.8245,52.0007],[105.9823,52.1732],[106.1733,52.3625],[106.0266,52.5084],[106.0122,52.5262],[105.9661,52.548],[105.9459,52.5402],[105.8815,52.4915],[105.8165,52.493],[105.7863,52.5017],[105.7555,52.4909],[105.7265,52.5074],[105.6836,52.5091],[105.6553,52.533],[105.6458,52.5826],[105.6096,52.5913],[105.5731,52.5734],[105.5462,52.5793],[105.4937,52.5746],[105.4693,52.5618],[105.3986,52.5435],[105.4127,52.5747],[105.3214,52.5908],[105.2789,52.5789],[105.2351,52.5425],[105.2349,52.5262],[105.2048,52.5129],[105.1816,52.4782],[105.1015,52.4237],[105.0549,52.4243],[105.0231,52.3933],[104.9594,52.3718],[104.9195,52.3817],[104.8751,52.4088],[104.8452,52.4173],[104.8049,52.4509],[104.7692,52.4648],[104.7414,52.5125],[104.771,52.5337],[104.6646,52.5867],[104.6026,52.6371],[104.5846,52.6608],[104.551,52.6683],[104.526,52.6972],[104.5244,52.725],[104.5663,52.7204],[104.5542,52.7454],[104.5156,52.7556],[104.4933,52.7808],[104.473,52.8215],[104.3661,52.842],[104.326,52.8622],[104.3082,52.9261],[104.3568,52.9318],[104.3812,52.9216],[104.4095,52.955],[104.4421,52.9795],[104.4864,52.9952],[104.4089,53.0187],[104.4096,53.043],[104.3767,53.0426],[104.3683,53.0222],[104.3059,53.0171],[104.3,53.0273],[104.2455,53.0382],[104.2017,53.0193],[104.1649,53.0203],[104.1459,53.0062],[104.062,53.032],[104.0162,53.0227],[103.9854,53.0026],[103.986,52.9624],[103.9003,52.9615],[103.9062,52.9139],[103.8718,52.8733],[103.9033,52.8589],[103.8981,52.8405],[103.9166,52.7771],[103.905,52.7608],[103.9416,52.7353],[103.896,52.7288],[103.8293,52.6961],[103.8247,52.6764]]]},"properties":{"osm_id":1459545,"name":"Иркутский муниципальный округ","kind":"district","parent":"Иркутская область","parent_iso":"RU-IRK","label":[104.999,52.361]}},
{"type":"Feature","geometry":{"type":"Polygon","coordinates":[[[103.4147,52.9915],[103.4002,52.9729],[103.3527,52.9491],[103.3706,52.9367],[103.3149,52.905],[103.2927,52.9096],[103.2711,52.8827],[103.2004,52.8468],[103.1787,52.8766],[103.1377,52.8935],[103.0948,52.8738],[103.0677,52.848],[103.0468,52.8429],[103.0061,52.7946],[103.0252,52.7767],[103.0341,52.7486],[103.0023,52.7498],[102.9888,52.7181],[102.9549,52.6903],[102.8708,52.6426],[102.8844,52.627],[102.9299,52.6018],[102.8717,52.5571],[102.7775,52.5622],[102.8027,52.3784],[102.6229,52.3876],[102.6084,52.3525],[102.5919,52.3401],[102.5319,52.332],[102.4825,52.3067],[102.4824,52.2789],[102.4548,52.2753],[102.4599,52.2502],[102.4457,52.2397],[102.5179,52.2338],[102.5666,52.2206],[102.5591,52.2034],[102.5695,52.1633],[102.616,52.1119],[102.6704,52.0856],[102.6703,52.0648],[102.7088,52.0341],[102.7452,52.021],[102.7635,51.9953],[102.8116,51.9766],[102.8549,51.9714],[102.8918,51.9889],[102.9397,51.9765],[103.0002,51.9686],[103.0942,51.9628],[103.1098,51.9431],[103.223,51.9455],[103.2258,51.9161],[103.4255,51.8719],[103.4461,51.9398],[103.4779,51.9956],[103.5075,52.0053],[103.5341,52.0583],[103.5638,52.0984],[103.5927,52.1038],[103.5941,52.1348],[103.6227,52.151],[103.6517,52.1477],[103.6708,52.1679],[103.6652,52.1854],[103.6622,52.1915],[103.5446,52.2234],[103.5435,52.2454],[103.5619,52.2704],[103.5602,52.2922],[103.4413,52.2882],[103.2773,52.2873],[103.2685,52.301],[103.3427,52.319],[103.3257,52.3421],[103.2425,52.2973],[103.1931,52.303],[103.2105,52.3265],[103.2536,52.3235],[103.2345,52.3533],[103.2932,52.3441],[103.3565,52.3902],[103.3958,52.3963],[103.444,52.3846],[103.4792,52.3878],[103.5092,52.4307],[103.6039,52.4314],[103.6974,52.4628],[103.726,52.4888],[103.7687,52.478],[103.7934,52.4842],[103.8093,52.5263],[103.8558,52.536],[103.8702,52.5851],[103.8477,52.5951],[103.8818,52.6271],[103.9325,52.6377],[103.909,52.6529],[103.8247,52.6764],[103.795,52.6786],[103.7496,52.7219],[103.7314,52.7475],[103.7047,52.7577],[103.7218,52.7786],[103.7023,52.874],[103.6661,52.9],[103.6612,52.9315],[103.6011,52.9634],[103.5556,52.9688],[103.5006,52.9855],[103.4147,52.9915]],[[103.5605,52.8033],[103.5966,52.8095],[103.5927,52.826],[103.6445,52.8276],[103.6696,52.8059],[103.6743,52.7749],[103.7029,52.7697],[103.6821,52.7308],[103.6458,52.7211],[103.6404,52.7067],[103.5999,52.7085],[103.5744,52.7388],[103.5877,52.7671],[103.5605,52.8033]]]},"properties":{"osm_id":1463469,"name":"Усольский район","kind":"district","parent":"Иркутская область","parent_iso":"RU-IRK","label":[103.1891,52.4317]}},
{"type":"Feature","geometry":{"type":"Polygon","coordinates":[[[103.0058,53.0897],[103.0376,53.098],[103.1117,53.0971],[103.1211,53.0802],[103.1793,53.0854],[103.1699,53.0996],[103.221,53.1251],[103.2136,53.1399],[103.1462,53.164],[103.126,53.1553],[103.0807,53.1862],[103.0198,53.1803],[103.0368,53.1659],[103.0166,53.1512],[103.0375,53.1],[103.0058,53.0897]]]},"properties":{"osm_id":1469709,"name":"городской округ Черемхово","kind":"district","parent":"Иркутская область","parent_iso":"RU-IRK","label":[103.1134,53.1179]}},
{"type":"Feature","geometry":{"type":"Polygon","coordinates":[[[103.3552,53.5081],[103.2235,53.5235],[103.1498,53.5384],[103.2047,53.5901],[103.1705,53.596],[103.1042,53.6224],[103.0722,53.5789],[103.0244,53.5578],[102.9801,53.5281],[103.0173,53.4905],[103.0493,53.4956],[103.0608,53.4743],[103.0002,53.4384],[102.9615,53.458],[102.8717,53.4615],[102.8476,53.4911],[102.8502,53.5296],[102.8048,53.5673],[102.7702,53.5774],[102.7305,53.5616],[102.7162,53.5365],[102.6932,53.5281],[102.6795,53.498],[102.6875,53.4657],[102.6451,53.4623],[102.5568,53.4049],[102.5801,53.3837],[102.5045,53.3598],[102.494,53.3692],[102.4295,53.3817],[102.3794,53.3674],[102.318,53.3217],[102.2483,53.3071],[102.2185,53.3139],[102.1643,53.306],[102.1579,53.2882],[102.1748,53.2643],[102.1316,53.2336],[102.1529,53.2103],[102.1325,53.1963],[102.1707,53.173],[102.2129,53.1704],[102.2274,53.1842],[102.2614,53.1826],[102.3356,53.1472],[102.4128,53.1274],[102.4143,53.0929],[102.4645,53.0768],[102.4664,53.0532],[102.5021,53.042],[102.5152,53.021],[102.6127,53.0146],[102.6744,52.9864],[102.7102,53.0011],[102.7399,53.0524],[102.7821,53.0636],[102.7969,53.1093],[102.819,53.1439],[102.8193,53.169],[102.8501,53.1844],[102.8845,53.1803],[102.8809,53.2063],[102.8571,53.2264],[102.882,53.239],[102.893,53.2648],[102.9387,53.2357],[102.9719,53.2606],[103.0357,53.2242],[103.0894,53.2394],[103.1556,53.2785],[103.2419,53.3123],[103.2757,53.3182],[103.2888,53.2976],[103.3843,53.3044],[103.3907,53.3417],[103.3829,53.3719],[103.379,53.4658],[103.3552,53.5081]]]},"properties":{"osm_id":1458140,"name":"Аларский район","kind":"district","parent":"Иркутская область","parent_iso":"RU-IRK","label":[102.7609,53.3118]}},
{"type":"Feature","geometry":{"type":"Polygon","coordinates":[[[103.3843,53.3044],[103.2888,53.2976],[103.2757,53.3182],[103.2419,53.3123],[103.1556,53.2785],[103.0894,53.2394],[103.0357,53.2242],[102.9719,53.2606],[102.9387,53.2357],[102.893,53.2648],[102.882,53.239],[102.8571,53.2264],[102.8809,53.2063],[102.8845,53.1803],[102.8501,53.1844],[102.8193,53.169],[102.819,53.1439],[102.7969,53.1093],[102.7821,53.0636],[102.7399,53.0524],[102.7102,53.0011],[102.6744,52.9864],[102.6127,53.0146],[102.5152,53.021],[102.5021,53.042],[102.4664,53.0532],[102.4645,53.0768],[102.4143,53.0929],[102.4128,53.1274],[102.3356,53.1472],[102.2614,53.1826],[102.2274,53.1842],[102.2129,53.1704],[102.1707,53.173],[102.1325,53.1963],[102.1038,53.1945],[102.0548,53.2248],[102.0113,53.2317],[101.9682,53.2166],[101.9639,53.18],[101.9377,53.1552],[101.953,53.1392],[101.9722,53.0414],[101.9591,52.9936],[101.9047,52.9954],[101.9134,53.0172],[101.7296,53.0305],[101.7237,52.9902],[101.6715,53.0006],[101.6421,53.0202],[101.5833,53.0225],[101.5351,53.0303],[101.4831,53.0162],[101.4284,52.9775],[101.3672,52.9553],[101.3142,52.9612],[101.3063,52.9135],[101.2553,52.9187],[101.2262,52.8997],[101.1852,52.8605],[101.1234,52.826],[101.1255,52.7697],[101.0816,52.7601],[101.0933,52.7363],[101.1244,52.7191],[101.2152,52.697],[101.2285,52.6777],[101.2706,52.6635],[101.2935,52.6441],[101.41,52.634],[101.4572,52.5951],[101.4547,52.5762],[101.5692,52.5055],[101.6302,52.4803],[101.6786,52.4758],[101.6748,52.4474],[101.6991,52.4029],[101.723,52.4092],[101.7829,52.3689],[101.8598,52.3489],[101.9307,52.3173],[101.8996,52.2848],[101.9185,52.2569],[101.9248,52.2238],[101.9623,52.2269],[102.0067,52.2119],[102.0563,52.2151],[102.0847,52.2259],[102.0838,52.2581],[102.156,52.2838],[102.1918,52.2653],[102.2566,52.2634],[102.2699,52.241],[102.3001,52.2307],[102.3572,52.245],[102.3877,52.2686],[102.4231,52.2448],[102.4457,52.2397],[102.4599,52.2502],[102.4548,52.2753],[102.4824,52.2789],[102.4825,52.3067],[102.5319,52.332],[102.5919,52.3401],[102.6084,52.3525],[102.6229,52.3876],[102.8027,52.3784],[102.7775,52.5622],[102.8717,52.5571],[102.9299,52.6018],[102.8844,52.627],[102.8708,52.6426],[102.9549,52.6903],[102.9888,52.7181],[103.0023,52.7498],[103.0341,52.7486],[103.0252,52.7767],[103.0061,52.7946],[103.0468,52.8429],[103.0677,52.848],[103.0948,52.8738],[103.1377,52.8935],[103.1787,52.8766],[103.2004,52.8468],[103.2711,52.8827],[103.2927,52.9096],[103.3149,52.905],[103.3706,52.9367],[103.3527,52.9491],[103.4002,52.9729],[103.3632,53.0042],[103.3306,53.0642],[103.3042,53.0849],[103.3222,53.1077],[103.3145,53.1314],[103.3595,53.1304],[103.3557,53.2075],[103.3642,53.2454],[103.3845,53.2766],[103.3843,53.3044]],[[103.0058,53.0897],[103.0375,53.1],[103.0166,53.1512],[103.0368,53.1659],[103.0198,53.1803],[103.0807,53.1862],[103.126,53.1553],[103.1462,53.164],[103.2136,53.1399],[103.221,53.1251],[103.1699,53.0996],[103.1793,53.0854],[103.1211,53.0802],[103.1117,53.0971],[103.0376,53.098],[103.0058,53.0897]]]},"properties":{"osm_id":1458139,"name":"Черемховский район","kind":"district","parent":"Иркутская область","parent_iso":"RU-IRK","label":[102.2409,52.765]}},
{"type":"Feature","geometry":{"type":"Polygon","coordinates":[[[101.353,56.1481],[101.3727,56.1111],[101.4177,56.0948],[101.5741,56.097],[101.6399,56.0804],[101.6615,56.0583],[101.7097,56.0516],[101.7639,56.0216],[101.7932,56.0315],[101.7408,56.0586],[101.7666,56.082],[101.7084,56.0889],[101.6668,56.1123],[101.7408,56.161],[101.6952,56.1972],[101.6815,56.2643],[101.7668,56.2923],[101.8172,56.2631],[101.8219,56.2245],[101.8108,56.2097],[101.83,56.1913],[101.8592,56.2084],[101.8579,56.2649],[101.9193,56.2662],[101.9585,56.2512],[101.9729,56.2684],[101.9704,56.3051],[101.9332,56.3177],[101.8884,56.3184],[101.8762,56.341],[101.8336,56.3385],[101.8117,56.3052],[101.7654,56.3424],[101.7362,56.3283],[101.6249,56.3309],[101.5843,56.2952],[101.6054,56.2835],[101.5878,56.2627],[101.5548,56.2466],[101.5814,56.2252],[101.5447,56.2171],[101.5338,56.1798],[101.4697,56.1719],[101.3924,56.1441],[101.353,56.1481]]]},"properties":{"osm_id":1469711,"name":"городской округ Братск","kind":"district","parent":"Иркутская область","parent_iso":"RU-IRK","label":[101.6781,56.1804]}},
{"type":"Feature","geometry":{"type":"Polygon","coordinates":[[[102.6007,56.7576],[102.5563,56.7431],[102.5123,56.7581],[102.4927,56.747],[102.4501,56.754],[102.4142,56.7419],[102.375,56.7455],[102.2848,56.7328],[102.258,56.7449],[102.2157,56.7177],[102.1458,56.717],[102.0641,56.7779],[102.0208,56.786],[101.9976,56.8197],[101.967,56.8244],[101.9531,56.8493],[101.8994,56.8467],[101.8589,56.8254],[101.7943,56.83],[101.7679,56.8402],[101.6931,56.8482],[101.6176,56.881],[101.5614,56.8959],[101.5228,56.8904],[101.4876,56.8703],[101.4399,56.8561],[101.3728,56.8199],[101.316,56.8153],[101.2767,56.8341],[101.2624,56.8584],[101.2001,56.8312],[101.1647,56.8283],[101.047,56.8691],[101.0123,56.8721],[100.9822,56.8563],[100.8458,56.8372],[100.7747,56.8381],[100.7172,56.8518],[100.6614,56.8332],[100.59,56.8586],[100.2332,56.6655],[100.0955,56.6007],[100.0833,56.5897],[100.1141,56.5572],[100.1274,56.5019],[100.1633,56.4619],[100.1633,56.4499],[100.2691,56.4417],[100.282,56.4149],[100.2636,56.3899],[100.2646,56.3653],[100.2451,56.3503],[100.3027,56.3352],[100.3019,56.3709],[100.3461,56.3786],[100.3596,56.3637],[100.4188,56.3519],[100.4569,56.335],[100.4683,56.3683],[100.5142,56.3661],[100.5225,56.3242],[100.5761,56.3165],[100.5874,56.2801],[100.6586,56.274],[100.6615,56.2397],[100.696,56.2152],[100.6896,56.1902],[100.6567,56.1661],[100.6661,56.1455],[100.6992,56.1352],[100.6745,56.0851],[100.6526,56.0646],[100.6875,56.0457],[100.6933,56.0264],[100.658,56.0029],[100.6658,55.9822],[100.6415,55.9732],[100.6852,55.9488],[100.727,55.9119],[100.7054,55.8907],[100.7572,55.8554],[100.7673,55.8314],[100.6938,55.8241],[100.6671,55.8021],[100.6305,55.7912],[100.6108,55.7694],[100.4664,55.7556],[100.4376,55.744],[100.4019,55.753],[100.3625,55.7512],[100.3275,55.7336],[100.2547,55.7171],[100.2192,55.6751],[100.173,55.6491],[100.1734,55.6191],[100.2094,55.6118],[100.2175,55.5778],[100.1725,55.5149],[100.1361,55.4999],[100.1643,55.4749],[100.1519,55.4432],[100.1569,55.4245],[100.1353,55.3898],[100.1411,55.37],[100.1676,55.3524],[100.1585,55.3312],[100.196,55.308],[100.1969,55.2896],[100.1586,55.2716],[100.2122,55.2501],[100.2219,55.2208],[100.1747,55.2001],[100.1385,55.2035],[100.1047,55.189],[100.1175,55.1619],[100.0755,55.1503],[100.0289,55.1207],[100.0153,55.0931],[100.0293,55.0717],[100.0714,55.0682],[100.1426,55.0451],[100.2018,55.0537],[100.2678,55.0816],[100.3242,55.0663],[100.3769,55.0797],[100.4614,55.0754],[100.498,55.06],[100.5504,55.0626],[100.6037,55.0486],[100.6529,55.0525],[100.7129,55.0285],[100.7383,55.0298],[100.7935,55.0102],[100.8597,55.0098],[100.94,55.0178],[100.9641,55.0006],[101.0615,54.9881],[101.1397,54.9704],[101.1526,54.9316],[101.1969,54.9211],[101.2636,54.9406],[101.31,54.9341],[101.3479,54.94],[101.2873,54.974],[101.2982,54.9995],[101.3408,55.0234],[101.3622,55.0239],[101.4045,55.0516],[101.4789,55.0758],[101.5486,55.0587],[101.5761,55.0596],[101.5756,55.0851],[101.5203,55.1252],[101.5394,55.1516],[101.6451,55.1623],[101.678,55.156],[101.7379,55.1653],[101.8217,55.1374],[101.8807,55.1387],[101.9713,55.1658],[101.9683,55.1826],[102.0269,55.1972],[102.0481,55.176],[102.0918,55.1585],[102.1197,55.1082],[102.1549,55.061],[102.213,55.0713],[102.2542,55.0872],[102.3235,55.0824],[102.3857,55.0689],[102.4307,55.0422],[102.4856,54.9807],[102.5345,54.9855],[102.5547,54.9765],[102.6305,55.0365],[102.6117,55.0593],[102.6405,55.0815],[102.6507,55.1411],[102.6721,55.1559],[102.7162,55.2237],[102.7065,55.2374],[102.7038,55.2804],[102.6719,55.2984],[102.6471,55.3344],[102.6298,55.3431],[102.6564,55.3647],[102.6262,55.4008],[102.6595,55.415],[102.6753,55.4483],[102.7023,55.4452],[102.7343,55.4238],[102.7475,55.3961],[102.8162,55.3564],[102.8146,55.3385],[102.8734,55.3099],[102.9246,55.3198],[102.9812,55.3082],[103.0002,55.2914],[103.0276,55.3063],[103.0953,55.317],[103.1147,55.3349],[103.1824,55.3438],[103.1868,55.355],[103.2662,55.3893],[103.3405,55.4081],[103.398,55.4003],[103.47,55.3792],[103.4916,55.3863],[103.4637,55.4279],[103.5025,55.4489],[103.5092,55.4683],[103.4821,55.4766],[103.4946,55.5048],[103.459,55.5321],[103.4662,55.5681],[103.4924,55.5854],[103.4869,55.6126],[103.4566,55.6524],[103.4393,55.7042],[103.3802,55.7252],[103.3658,55.75],[103.3973,55.7684],[103.3724,55.7937],[103.3875,55.8194],[103.4016,55.8807],[103.3976,55.9235],[103.4113,55.953],[103.4505,55.9676],[103.4452,55.9976],[103.3615,56.0379],[103.3505,56.0625],[103.3222,56.0796],[103.2634,56.095],[103.2013,56.1306],[103.1982,56.1514],[103.1438,56.1827],[103.1232,56.2194],[103.0878,56.2431],[103.0587,56.1995],[103.023,56.1661],[102.9887,56.154],[102.907,56.1111],[102.8685,56.1409],[102.7718,56.1744],[102.7697,56.1889],[102.796,56.2699],[102.8087,56.3455],[102.7845,56.3813],[102.7785,56.4333],[102.7816,56.4723],[102.7943,56.5069],[102.762,56.527],[102.7963,56.5395],[102.8277,56.5687],[102.8438,56.6037],[102.87,56.614],[102.9076,56.6484],[102.8891,56.6557],[102.8391,56.6473],[102.8116,56.6607],[102.7516,56.6641],[102.7445,56.6821],[102.6914,56.6914],[102.6469,56.7354],[102.6007,56.7576]],[[101.353,56.1481],[101.3924,56.1441],[101.4697,56.1719],[101.5338,56.1798],[101.5447,56.2171],[101.5814,56.2252],[101.5548,56.2466],[101.5878,56.2627],[101.6054,56.2835],[101.5843,56.2952],[101.6249,56.3309],[101.7362,56.3283],[101.7654,56.3424],[101.8117,56.3052],[101.8336,56.3385],[101.8762,56.341],[101.8884,56.3184],[101.9332,56.3177],[101.9704,56.3051],[101.9729,56.2684],[101.9585,56.2512],[101.9193,56.2662],[101.8579,56.2649],[101.8592,56.2084],[101.83,56.1913],[101.8108,56.2097],[101.8219,56.2245],[101.8172,56.2631],[101.7668,56.2923],[101.6815,56.2643],[101.6952,56.1972],[101.7408,56.161],[101.6668,56.1123],[101.7084,56.0889],[101.7666,56.082],[101.7408,56.0586],[101.7932,56.0315],[101.7639,56.0216],[101.7097,56.0516],[101.6615,56.0583],[101.6399,56.0804],[101.5741,56.097],[101.4177,56.0948],[101.3727,56.1111],[101.353,56.1481]]]},"properties":{"osm_id":1464422,"name":"Братский район","kind":"district","parent":"Иркутская область","parent_iso":"RU-IRK","label":[101.7637,55.9084]}},
{"type":"Feature","geometry":{"type":"Polygon","coordinates":[[[102.5547,54.9765],[102.5345,54.9855],[102.4856,54.9807],[102.4307,55.0422],[102.3857,55.0689],[102.3235,55.0824],[102.2542,55.0872],[102.213,55.0713],[102.1549,55.061],[102.1197,55.1082],[102.0918,55.1585],[102.0481,55.176],[102.0269,55.1972],[101.9683,55.1826],[101.9713,55.1658],[101.8807,55.1387],[101.8217,55.1374],[101.7379,55.1653],[101.678,55.156],[101.6451,55.1623],[101.5394,55.1516],[101.5203,55.1252],[101.5756,55.0851],[101.5761,55.0596],[101.5486,55.0587],[101.4789,55.0758],[101.4045,55.0516],[101.3622,55.0239],[101.3408,55.0234],[101.2982,54.9995],[101.2873,54.974],[101.3479,54.94],[101.31,54.9341],[101.2636,54.9406],[101.1969,54.9211],[101.1526,54.9316],[101.1397,54.9704],[101.0615,54.9881],[100.9641,55.0006],[100.9723,54.977],[100.9603,54.9628],[101.0396,54.9372],[101.0538,54.9171],[100.9822,54.9188],[100.9843,54.857],[100.9227,54.8374],[100.8775,54.8474],[100.8426,54.8463],[100.8455,54.8156],[100.8747,54.8193],[100.8836,54.7961],[100.8488,54.7905],[100.8375,54.7434],[100.8606,54.7101],[100.9576,54.7021],[100.9596,54.6511],[101.0046,54.6403],[101.0663,54.6339],[101.1284,54.6107],[101.1174,54.5263],[101.1048,54.5036],[101.113,54.4558],[101.0915,54.4469],[100.9777,54.3681],[101.023,54.336],[101.0424,54.2464],[101.0002,54.239],[100.945,54.2601],[100.8592,54.251],[100.8205,54.2254],[100.7234,54.2],[100.6634,54.2033],[100.6681,54.1881],[100.6521,54.1398],[100.6908,54.1192],[100.7077,54.0976],[100.7414,54.0973],[100.7838,54.0772],[100.8673,54.0863],[100.8936,54.0516],[100.8472,54.0337],[100.8294,54.0178],[100.8105,53.9737],[100.8304,53.9365],[100.7508,53.9312],[100.7228,53.9098],[100.6797,53.8908],[100.6575,53.8372],[100.6302,53.8304],[100.6228,53.8007],[100.6889,53.7662],[100.6835,53.7544],[100.7427,53.7301],[100.7708,53.7266],[100.8541,53.7423],[100.9399,53.7341],[100.9808,53.7541],[101.1342,53.7914],[101.1011,53.9063],[101.1269,53.9157],[101.1311,53.9469],[101.1777,53.9406],[101.2421,53.9573],[101.3408,53.9454],[101.3714,53.9558],[101.405,53.9508],[101.4355,53.9653],[101.4472,53.989],[101.5279,54.0079],[101.5034,54.0315],[101.5615,54.0273],[101.5902,54.0104],[101.6443,54.0135],[101.7864,54.0539],[101.881,54.0928],[101.8787,54.1044],[101.8376,54.1409],[101.8782,54.1392],[101.9258,54.1647],[101.9005,54.1741],[101.8729,54.2142],[101.9307,54.2155],[101.9366,54.236],[101.9845,54.237],[102.0154,54.2561],[102.0556,54.2571],[102.0883,54.2717],[102.1353,54.277],[102.1491,54.2901],[102.1439,54.3587],[102.1271,54.3733],[102.1385,54.3895],[102.2266,54.43],[102.2785,54.4302],[102.2405,54.4721],[102.4065,54.4737],[102.4442,54.5052],[102.4877,54.4928],[102.5145,54.501],[102.5033,54.5423],[102.4855,54.5631],[102.4265,54.5769],[102.399,54.616],[102.4047,54.6502],[102.447,54.6641],[102.4532,54.6809],[102.492,54.6908],[102.5294,54.7545],[102.5099,54.7733],[102.5457,54.8017],[102.525,54.8276],[102.5444,54.8422],[102.5439,54.8699],[102.5804,54.895],[102.5798,54.9303],[102.5915,54.9491],[102.5547,54.9765]]]},"properties":{"osm_id":1460823,"name":"Куйтунский район","kind":"district","parent":"Иркутская область","parent_iso":"RU-IRK","label":[101.5921,54.4618]}},
{"type":"Feature","geometry":{"type":"Polygon","coordinates":[[[102.4877,54.4928],[102.4442,54.5052],[102.4065,54.4737],[102.2405,54.4721],[102.2785,54.4302],[102.2266,54.43],[102.1385,54.3895],[102.1271,54.3733],[102.1439,54.3587],[102.1491,54.2901],[102.1353,54.277],[102.0883,54.2717],[102.0556,54.2571],[102.0154,54.2561],[101.9845,54.237],[101.9366,54.236],[101.9307,54.2155],[101.8729,54.2142],[101.9005,54.1741],[101.9258,54.1647],[101.8782,54.1392],[101.8376,54.1409],[101.8787,54.1044],[101.881,54.0928],[101.7864,54.0539],[101.6443,54.0135],[101.5902,54.0104],[101.5615,54.0273],[101.5034,54.0315],[101.5279,54.0079],[101.4472,53.989],[101.4355,53.9653],[101.405,53.9508],[101.3714,53.9558],[101.3408,53.9454],[101.2421,53.9573],[101.1777,53.9406],[101.1311,53.9469],[101.1269,53.9157],[101.1011,53.9063],[101.1342,53.7914],[100.9808,53.7541],[100.9399,53.7341],[100.9767,53.6844],[100.9156,53.6698],[100.8349,53.6588],[100.8194,53.6404],[100.7629,53.631],[100.7397,53.6066],[100.7325,53.5829],[100.7042,53.5763],[100.6875,53.5457],[100.6664,53.5324],[100.6606,53.4967],[100.6779,53.478],[100.6266,53.4496],[100.6375,53.4265],[100.6013,53.4042],[100.5088,53.389],[100.4822,53.401],[100.4623,53.388],[100.3909,53.3746],[100.4251,53.3335],[100.4551,53.3336],[100.5001,53.3208],[100.6032,53.3085],[100.6158,53.2939],[100.6415,53.2917],[100.662,53.2714],[100.7452,53.2984],[100.7589,53.2707],[100.8008,53.2879],[100.845,53.2862],[100.8975,53.2737],[100.9242,53.2809],[100.9646,53.3116],[101.0672,53.3273],[101.0958,53.3154],[101.1491,53.3073],[101.1854,53.3273],[101.218,53.3784],[101.2789,53.3928],[101.3028,53.4112],[101.3016,53.4456],[101.4035,53.4673],[101.4397,53.47],[101.49,53.4902],[101.5746,53.479],[101.6063,53.4891],[101.6253,53.5127],[101.6702,53.5272],[101.6669,53.5386],[101.7114,53.5747],[101.7503,53.5663],[101.7832,53.5735],[101.7943,53.5893],[101.8494,53.6063],[101.8909,53.6315],[101.9462,53.649],[101.9636,53.6758],[102.0219,53.7422],[102.0721,53.7442],[102.1113,53.7253],[102.1587,53.7569],[102.22,53.8203],[102.2679,53.8324],[102.31,53.8224],[102.3464,53.8307],[102.322,53.8591],[102.3777,53.8701],[102.4004,53.9078],[102.4398,53.8759],[102.475,53.8666],[102.499,53.8957],[102.4896,53.9191],[102.4905,53.9651],[102.5143,53.9839],[102.5662,53.9952],[102.5252,54.0264],[102.5253,54.0499],[102.4782,54.0537],[102.4731,54.0718],[102.4204,54.0779],[102.4228,54.0961],[102.4625,54.0961],[102.4735,54.1257],[102.53,54.1301],[102.5412,54.1765],[102.5271,54.1948],[102.5668,54.2052],[102.6293,54.2493],[102.6502,54.2729],[102.6193,54.2955],[102.5879,54.2907],[102.5817,54.3106],[102.6253,54.3199],[102.6119,54.3341],[102.5465,54.353],[102.5447,54.4133],[102.4773,54.4524],[102.5145,54.4668],[102.4877,54.4928]],[[101.945,54.0609],[101.99,54.0344],[102.0608,54.0454],[102.0907,54.057],[102.1413,54.0939],[102.134,54.1332],[102.187,54.1663],[102.2248,54.133],[102.2286,54.0855],[102.2082,54.0704],[102.1774,54.0692],[102.1493,54.0851],[102.0744,54.0484],[102.0604,54.0022],[102.0277,54.0086],[101.945,54.0609]],[[101.9904,53.9238],[102.0509,53.9615],[102.105,53.9391],[102.0745,53.8945],[102.0707,53.8624],[102.0344,53.8727],[101.9994,53.8976],[101.9904,53.9238]]]},"properties":{"osm_id":1460711,"name":"Зиминский район","kind":"district","parent":"Иркутская область","parent_iso":"RU-IRK","label":[101.5126,53.882]}},
{"type":"Feature","geometry":{"type":"Polygon","coordinates":[[[96.6932,54.9403],[96.71,54.8694],[96.6912,54.8353],[96.6743,54.8272],[96.6617,54.7913],[96.6265,54.7714],[96.6104,54.7316],[96.5872,54.7201],[96.5661,54.6906],[96.5821,54.6771],[96.5809,54.6266],[96.5411,54.571],[96.5388,54.5298],[96.4864,54.5159],[96.3381,54.5555],[96.2903,54.5575],[96.2101,54.5365],[96.127,54.5458],[96.0651,54.5745],[96.0252,54.5548],[96.0369,54.5326],[96.0108,54.5102],[95.9743,54.4954],[95.9778,54.4761],[95.953,54.4667],[95.9559,54.4468],[95.9335,54.4327],[95.9217,54.3993],[95.8715,54.3935],[95.8462,54.4222],[95.751,54.4219],[95.6807,54.3916],[95.6941,54.3711],[95.655,54.3172],[95.6472,54.2939],[95.6679,54.2785],[95.6631,54.2543],[95.6847,54.2375],[95.7394,54.2287],[95.7464,54.2156],[95.8038,54.2285],[95.8506,54.204],[95.8548,54.1728],[95.897,54.1647],[95.9107,54.1211],[95.9525,54.0972],[96.0107,54.0798],[96.0737,54.0813],[96.0992,54.061],[96.0607,54.0252],[96.086,54.0111],[96.061,53.9963],[96.0993,53.9811],[96.1836,53.9182],[96.1871,53.9078],[96.3034,53.846],[96.3401,53.8373],[96.3924,53.7889],[96.4007,53.759],[96.4572,53.7519],[96.4811,53.7323],[96.4851,53.6916],[96.5731,53.6724],[96.6168,53.6773],[96.6668,53.6415],[96.6883,53.6463],[96.7023,53.6702],[96.7073,53.7098],[96.7423,53.7268],[96.7618,53.7192],[96.799,53.7281],[96.8397,53.7212],[96.8964,53.7254],[96.9167,53.7023],[96.9744,53.6885],[96.9815,53.6672],[97.0099,53.653],[97.057,53.6467],[97.0726,53.6587],[97.1096,53.6233],[97.1658,53.6109],[97.2031,53.619],[97.2159,53.5938],[97.2977,53.5799],[97.3291,53.5888],[97.347,53.557],[97.3894,53.5441],[97.3817,53.5249],[97.4406,53.4824],[97.4566,53.4555],[97.5161,53.4474],[97.5366,53.4516],[97.6032,53.4253],[97.5895,53.3767],[97.6379,53.3595],[97.6847,53.3706],[97.7875,53.3623],[97.799,53.3738],[97.8661,53.3467],[97.9825,53.3482],[97.9892,53.3286],[97.9603,53.3008],[98.0026,53.2756],[98.0028,53.2495],[98.0805,53.2506],[98.1181,53.2359],[98.1924,53.246],[98.2298,53.2252],[98.2365,53.2087],[98.2951,53.2272],[98.3154,53.1864],[98.2913,53.1483],[98.3121,53.0948],[98.355,53.0862],[98.379,53.0992],[98.4681,53.0958],[98.5068,53.1073],[98.5597,53.0999],[98.6371,53.1012],[98.6658,53.1537],[98.7241,53.1535],[98.7686,53.1319],[98.8235,53.1238],[98.8799,53.1257],[98.8915,53.1479],[98.9278,53.1535],[98.9615,53.1271],[99.0142,53.1022],[99.054,53.109],[99.0636,53.0921],[99.0278,53.0791],[98.994,53.0457],[98.9998,53.0274],[99.1148,52.9951],[99.1655,52.988],[99.2304,52.9633],[99.2411,52.9866],[99.3292,53.0007],[99.3416,53.0233],[99.3685,53.0332],[99.3557,53.0805],[99.3731,53.1019],[99.4535,53.1179],[99.4964,53.116],[99.5296,53.106],[99.5903,53.1304],[99.6484,53.1448],[99.7186,53.1506],[99.795,53.2004],[99.8421,53.1974],[99.8644,53.2446],[99.8439,53.2687],[99.8524,53.2877],[99.9041,53.3034],[99.9631,53.3085],[99.9804,53.3291],[100.025,53.3249],[100.0418,53.3098],[100.1142,53.3132],[100.088,53.3184],[100.0615,53.3439],[100.0068,53.3656],[99.9386,53.4129],[99.9118,53.4241],[99.8869,53.4612],[99.8578,53.4681],[99.8462,53.487],[99.7948,53.5164],[99.7673,53.5181],[99.7469,53.5429],[99.7171,53.5227],[99.6652,53.5104],[99.6627,53.4981],[99.5911,53.4645],[99.5535,53.4582],[99.5569,53.4906],[99.5867,53.5114],[99.5784,53.5449],[99.52,53.6011],[99.5514,53.6229],[99.553,53.6364],[99.5069,53.6883],[99.3818,53.7169],[99.349,53.7282],[99.264,53.7784],[99.2663,53.7915],[99.2303,53.8274],[99.249,53.8442],[99.3059,53.8211],[99.3325,53.8468],[99.3911,53.8679],[99.4184,53.9191],[99.3825,53.962],[99.3953,54.0055],[99.4314,54.0309],[99.4848,54.055],[99.5206,54.0602],[99.5558,54.0409],[99.5726,54.046],[99.6281,54.0326],[99.6555,54.0455],[99.7228,54.0924],[99.6891,54.0992],[99.6638,54.0912],[99.6383,54.1369],[99.6903,54.1571],[99.7205,54.1846],[99.7157,54.2012],[99.7485,54.2307],[99.6852,54.2423],[99.8562,54.3264],[99.8342,54.3461],[99.8769,54.365],[99.8206,54.3954],[99.7686,54.4424],[99.7617,54.4765],[99.8052,54.5229],[99.8213,54.5169],[99.8689,54.5297],[99.909,54.5318],[99.97,54.5255],[100.0229,54.5386],[100.0183,54.5549],[100.0605,54.5654],[100.0566,54.6431],[100.0323,54.6673],[100.0008,54.6768],[100.0202,54.7044],[99.9927,54.7279],[100.0063,54.7524],[99.9774,54.8007],[99.9808,54.8329],[99.9978,54.8539],[99.9395,54.8684],[99.9373,54.8866],[99.9006,54.8906],[99.8888,54.9343],[99.8738,54.9432],[99.9179,54.9959],[99.935,55.0308],[99.9561,55.0385],[99.9566,55.0672],[100.0293,55.0717],[100.0153,55.0931],[100.0289,55.1207],[100.0755,55.1503],[100.1175,55.1619],[100.1047,55.189],[100.1385,55.2035],[100.1747,55.2001],[100.2219,55.2208],[100.2122,55.2501],[100.1586,55.2716],[100.1969,55.2896],[100.196,55.308],[100.1585,55.3312],[100.1676,55.3524],[100.1411,55.37],[100.1353,55.3898],[100.1569,55.4245],[100.1519,55.4432],[100.1643,55.4749],[100.1361,55.4999],[100.1725,55.5149],[100.2175,55.5778],[100.2094,55.6118],[100.1734,55.6191],[100.1182,55.5888],[99.9804,55.5823],[99.9177,55.5718],[99.876,55.5821],[99.854,55.5598],[99.7569,55.5822],[99.7308,55.6076],[99.6836,55.6141],[99.6917,55.6359],[99.6758,55.6515],[99.6222,55.6538],[99.6056,55.6453],[99.5662,55.6708],[99.4642,55.6746],[99.4161,55.681],[99.3634,55.7127],[99.2875,55.7123],[99.235,55.7475],[99.1862,55.7536],[99.1263,55.7942],[99.1336,55.804],[99.0453,55.8348],[98.9981,55.8433],[98.9597,55.8729],[98.9281,55.9093],[98.8774,55.9092],[98.8621,55.9218],[98.8452,55.9606],[98.8315,55.9651],[98.8059,55.9473],[98.7452,55.9328],[98.7492,55.8961],[98.7716,55.8831],[98.7651,55.8511],[98.735,55.8162],[98.6718,55.8183],[98.6362,55.8294],[98.5641,55.8268],[98.5265,55.819],[98.4847,55.7798],[98.5219,55.7718],[98.5246,55.7266],[98.5172,55.6248],[98.2088,55.6208],[98.1386,55.5902],[98.0789,55.5869],[98.1091,55.5633],[98.1313,55.5095],[98.1774,55.4767],[98.197,55.4433],[98.2507,55.4178],[98.2868,55.4125],[98.318,55.3959],[98.3965,55.3801],[98.3763,55.3389],[98.3891,55.3144],[98.4169,55.3059],[98.4479,55.282],[98.4401,55.2611],[98.4501,55.2331],[98.4349,55.2071],[98.4534,55.1652],[98.5148,55.1204],[98.2386,55.0181],[98.184,55.0297],[98.1525,55.0236],[98.1216,55.0418],[98.1412,55.0563],[98.1165,55.0861],[98.1217,55.1107],[98.1041,55.1301],[98.0426,55.1347],[98.0298,55.1472],[97.9398,55.1557],[97.9361,55.1111],[97.9539,55.0933],[97.934,55.0759],[97.9385,55.0591],[97.9987,55.0551],[98.019,55.0385],[97.9553,55.0015],[98.0179,55.0008],[98.0078,54.9742],[98.0791,54.9737],[98.1196,54.9584],[98.1544,54.9583],[98.1669,54.9412],[98.2068,54.9453],[98.2124,54.9221],[98.1985,54.902],[98.2277,54.8658],[98.2299,54.8409],[98.2128,54.8246],[98.2512,54.8163],[98.2363,54.7953],[98.2476,54.7672],[98.2178,54.758],[98.2238,54.7345],[98.1798,54.6797],[98.1496,54.6595],[98.0842,54.6591],[98.0871,54.6729],[98.0088,54.6874],[97.9788,54.7049],[97.9535,54.7039],[97.9113,54.7183],[97.8844,54.7416],[97.7886,54.7376],[97.7912,54.7099],[97.7595,54.6918],[97.7128,54.6527],[97.6914,54.6788],[97.6628,54.7353],[97.6706,54.7574],[97.6441,54.811],[97.6668,54.8419],[97.6287,54.8487],[97.5703,54.8435],[97.5383,54.8523],[97.4527,54.8335],[97.4206,54.8532],[97.3511,54.8527],[97.3295,54.8745],[97.2974,54.8799],[97.2589,54.8616],[97.2494,54.8456],[97.203,54.8356],[97.1845,54.8462],[97.0544,54.8238],[97.0431,54.8422],[97.0726,54.8537],[97.0136,54.9172],[96.9999,54.944],[96.9234,54.944],[96.8927,54.9382],[96.8408,54.9585],[96.8147,54.9917],[96.744,55.0007],[96.7022,54.9739],[96.6932,54.9403]]]},"properties":{"osm_id":190110,"name":"Нижнеудинский район","kind":"district","parent":"Иркутская область","parent_iso":"RU-IRK","label":[97.9404,54.4642]}},
{"type":"Feature","geometry":{"type":"Polygon","coordinates":[[[107.8233,51.8249],[107.8112,51.85],[107.9192,51.8481],[107.883,51.8715],[107.8373,51.8541],[107.7692,51.8519],[107.7519,51.884],[107.6971,51.8893],[107.6897,51.9181],[107.6423,51.9177],[107.6415,51.8921],[107.5963,51.8904],[107.5964,51.9377],[107.5168,51.9366],[107.5208,51.9745],[107.4927,51.9915],[107.5046,51.9309],[107.492,51.91],[107.5116,51.8938],[107.5259,51.8594],[107.4609,51.8324],[107.4242,51.8093],[107.4409,51.7872],[107.4754,51.7974],[107.4987,51.792],[107.5191,51.819],[107.5548,51.8188],[107.5503,51.7993],[107.5207,51.7779],[107.5285,51.7604],[107.6765,51.7565],[107.6859,51.7107],[107.7259,51.7102],[107.7263,51.7692],[107.8042,51.7714],[107.7998,51.8221],[107.8233,51.8249]]]},"properties":{"osm_id":1949930,"name":"городской округ Улан-Удэ","kind":"district","parent":"Бурятия","parent_iso":"RU-BU","label":[107.6834,51.869]}},
{"type":"Feature","geometry":{"type":"Polygon","coordinates":[[[107.1147,51.9304],[107.073,51.9064],[107.0523,51.88],[106.9945,51.8604],[106.9522,51.8613],[106.944,51.8295],[106.9191,51.8213],[106.8967,51.7985],[106.8731,51.7989],[106.8448,51.7764],[106.788,51.7796],[106.6954,51.7303],[106.6746,51.7325],[106.6427,51.7655],[106.6098,51.7732],[106.536,51.7072],[106.532,51.6869],[106.5001,51.667],[106.4684,51.6633],[106.42,51.6404],[106.4058,51.6076],[106.4292,51.5853],[106.4632,51.5822],[106.4776,51.5569],[106.5176,51.5624],[106.5389,51.5507],[106.6127,51.5506],[106.7229,51.5807],[106.7622,51.5508],[106.7917,51.578],[106.8258,51.5562],[106.8645,51.5458],[106.8914,51.5588],[106.912,51.5449],[106.958,51.5415],[106.9452,51.5199],[106.9501,51.4885],[106.924,51.4806],[106.9141,51.4533],[106.8909,51.4326],[106.8769,51.4042],[106.8379,51.389],[106.8034,51.3997],[106.7828,51.3819],[106.8412,51.3602],[106.8668,51.3583],[106.9299,51.3913],[106.9815,51.383],[106.9943,51.4037],[107.049,51.4348],[107.0644,51.4614],[107.1033,51.4835],[107.1311,51.4842],[107.1777,51.5108],[107.2165,51.5096],[107.3029,51.5314],[107.3388,51.5683],[107.365,51.6209],[107.3903,51.6352],[107.4149,51.6634],[107.399,51.6821],[107.4406,51.701],[107.4891,51.7568],[107.5285,51.7604],[107.5207,51.7779],[107.5503,51.7993],[107.5548,51.8188],[107.5191,51.819],[107.4987,51.792],[107.4754,51.7974],[107.4409,51.7872],[107.4242,51.8093],[107.4609,51.8324],[107.5259,51.8594],[107.5116,51.8938],[107.492,51.91],[107.5046,51.9309],[107.4927,51.9915],[107.5208,51.9745],[107.5168,51.9366],[107.5964,51.9377],[107.5963,51.8904],[107.6415,51.8921],[107.6423,51.9177],[107.6897,51.9181],[107.6971,51.8893],[107.7165,51.9049],[107.7311,51.9549],[107.7121,51.978],[107.6645,51.9967],[107.6567,52.014],[107.6132,52.0548],[107.5517,52.051],[107.5216,52.037],[107.4925,52.0401],[107.4421,52.0016],[107.3958,52.0042],[107.3639,51.9586],[107.3101,51.937],[107.2713,51.9316],[107.1986,51.9365],[107.1551,51.9209],[107.1147,51.9304]]]},"properties":{"osm_id":195044,"name":"Иволгинский район","kind":"district","parent":"Бурятия","parent_iso":"RU-BU","label":[107.0685,51.7085]}},
{"type":"Feature","geometry":{"type":"Polygon","coordinates":[[[102.5204,57.9359],[102.6078,57.9487],[102.7076,57.916],[102.7663,57.9195],[102.7915,57.9605],[102.8263,57.9821],[102.84,58.0247],[102.8878,58.0523],[102.8117,58.0626],[102.8184,58.0985],[102.779,58.0981],[102.744,58.0423],[102.7123,58.0339],[102.6753,58.0444],[102.6269,58.0099],[102.5271,58.0162],[102.5204,57.9359]]]},"properties":{"osm_id":1469712,"name":"городской округ Усть-Илимск","kind":"district","parent":"Иркутская область","parent_iso":"RU-IRK","label":[102.7041,58.0072]}},
{"type":"Feature","geometry":{"type":"Polygon","coordinates":[[[104.3376,57.673],[104.3741,57.6602],[104.4322,57.6718],[104.5087,57.6629],[104.5427,57.653],[104.5616,57.6832],[104.5195,57.7148],[104.526,57.7782],[104.5102,57.7923],[104.548,57.8163],[104.5739,57.8538],[104.6122,57.8623],[104.6358,57.852],[104.6649,57.8638],[104.683,57.8918],[104.7186,57.9353],[104.7601,57.942],[104.7549,57.9991],[104.7712,58.0637],[104.7575,58.109],[104.7315,58.1409],[104.7407,58.1551],[104.6725,58.1848],[104.6958,58.2029],[104.7984,58.2101],[104.8505,58.2493],[104.794,58.2821],[104.7929,58.3212],[104.7812,58.3368],[104.805,58.3638],[104.7928,58.4019],[104.8149,58.4224],[104.7774,58.4449],[104.7629,58.4725],[104.6931,58.5062],[104.7089,58.5242],[104.6788,58.5686],[104.6555,58.5853],[104.7045,58.6179],[104.8034,58.6344],[104.8361,58.6902],[104.873,58.7103],[104.8743,58.7245],[104.8173,58.6928],[104.8047,58.6748],[104.7553,58.6771],[104.7094,58.6675],[104.6074,58.6222],[104.5252,58.6384],[104.4915,58.6132],[104.4566,58.6101],[104.408,58.6291],[104.4091,58.6457],[104.3467,58.6729],[104.3863,58.708],[104.3823,58.727],[104.3366,58.7342],[104.2519,58.7168],[104.2328,58.7256],[104.1996,58.7758],[104.1493,58.7665],[104.062,58.7877],[104.0387,58.7868],[103.9915,58.7398],[103.95,58.7224],[103.8875,58.7391],[103.9168,58.7603],[103.9651,58.7708],[103.9504,58.7883],[103.9596,58.8408],[103.9832,58.871],[103.9473,58.8784],[103.9462,58.9038],[103.8923,58.9226],[103.7817,58.909],[103.7248,58.9172],[103.7059,58.9307],[103.6619,58.9338],[103.6305,58.9224],[103.5931,58.9445],[103.608,58.9633],[103.5594,58.9991],[103.4635,59.0089],[103.4328,59.0265],[103.3927,59.0299],[103.3534,59.0855],[103.3196,59.1068],[103.3248,59.1215],[103.275,59.1607],[103.2386,59.1731],[103.2526,59.1924],[103.2177,59.2379],[103.329,59.2408],[103.3527,59.2664],[103.3039,59.2679],[103.272,59.2856],[103.2294,59.2859],[103.2179,59.2605],[103.1369,59.2585],[103.0561,59.2858],[103.0465,59.3105],[103.0186,59.3184],[102.9752,59.2948],[102.9394,59.2987],[102.8971,59.2758],[102.8825,59.2551],[102.8497,59.2434],[102.8668,59.2183],[102.8316,59.205],[102.6487,59.1977],[102.6309,59.2115],[102.5506,59.1887],[102.4979,59.1861],[102.4834,59.1653],[102.4197,59.1276],[102.4387,59.1158],[102.4026,59.0835],[102.4263,59.0607],[102.4456,59.0209],[102.4936,59.0085],[102.4457,58.9703],[102.4499,58.9398],[102.5105,58.9085],[102.5526,58.8981],[102.558,58.865],[102.5471,58.8271],[102.5815,58.79],[102.5486,58.7629],[102.5692,58.7394],[102.467,58.6962],[102.4261,58.6698],[102.3428,58.6512],[102.3127,58.616],[102.2773,58.591],[102.2764,58.5607],[102.2055,58.5251],[102.1653,58.5188],[102.1022,58.489],[102.0287,58.4921],[102.0093,58.4767],[101.9536,58.4794],[101.924,58.4664],[101.8055,58.4553],[101.7147,58.4189],[101.6831,58.3971],[101.6823,58.3637],[101.6425,58.3386],[101.64,58.3257],[101.5599,58.2779],[101.5583,58.262],[101.4999,58.2317],[101.4364,58.2374],[101.3715,58.2343],[101.3116,58.2098],[101.2606,58.1667],[101.2001,58.129],[101.1066,58.1014],[101.1232,58.0608],[101.1669,58.0442],[101.1378,57.9977],[101.1386,57.9682],[101.1041,57.9624],[101.0221,57.9119],[101.0233,57.8815],[100.9739,57.8642],[100.9219,57.8623],[100.8966,57.8754],[100.8186,57.8754],[100.8558,57.8508],[100.8567,57.7994],[100.9074,57.7751],[100.8895,57.7398],[100.8708,57.7345],[100.8533,57.683],[100.8146,57.6644],[100.8447,57.6461],[100.8171,57.6335],[100.8635,57.5974],[100.9483,57.5716],[100.9561,57.5448],[100.9429,57.5192],[100.9559,57.4746],[100.8998,57.4464],[100.8688,57.464],[100.8056,57.4401],[100.7853,57.4085],[100.7648,57.4],[100.7775,57.3816],[100.7646,57.3467],[100.731,57.3385],[100.7276,57.2712],[100.7722,57.2191],[100.7724,57.1861],[100.7241,57.1736],[100.756,57.1589],[100.715,57.1217],[100.7304,57.106],[100.7657,57.1054],[100.7828,57.0811],[100.8373,57.0538],[100.84,57.0185],[100.8574,57.0042],[100.59,56.8586],[100.6614,56.8332],[100.7172,56.8518],[100.7747,56.8381],[100.8458,56.8372],[100.9822,56.8563],[101.0123,56.8721],[101.047,56.8691],[101.1647,56.8283],[101.2001,56.8312],[101.2624,56.8584],[101.2767,56.8341],[101.316,56.8153],[101.3728,56.8199],[101.4399,56.8561],[101.4876,56.8703],[101.5228,56.8904],[101.5614,56.8959],[101.6176,56.881],[101.6931,56.8482],[101.7679,56.8402],[101.7943,56.83],[101.8589,56.8254],[101.8994,56.8467],[101.9531,56.8493],[101.967,56.8244],[101.9976,56.8197],[102.0208,56.786],[102.0641,56.7779],[102.1458,56.717],[102.2157,56.7177],[102.258,56.7449],[102.2848,56.7328],[102.375,56.7455],[102.4142,56.7419],[102.4501,56.754],[102.4927,56.747],[102.5123,56.7581],[102.5563,56.7431],[102.6007,56.7576],[102.598,56.7888],[102.653,56.792],[102.6084,56.8258],[102.5953,56.8674],[102.6349,56.8856],[102.6217,56.9118],[102.6341,56.9357],[102.6806,56.9597],[102.7487,56.9611],[102.7973,56.9923],[102.764,57.0252],[102.6972,57.0248],[102.6915,57.0458],[102.7231,57.0611],[102.6187,57.1501],[102.6398,57.1693],[102.6774,57.1738],[102.6826,57.1905],[102.638,57.2199],[102.6136,57.2763],[102.6404,57.2762],[102.7106,57.3201],[102.6822,57.3726],[102.6364,57.3868],[102.6469,57.4223],[102.6391,57.4532],[102.5634,57.4638],[102.5744,57.4777],[102.5406,57.5027],[102.5509,57.5336],[102.5942,57.5597],[102.6003,57.6055],[102.5816,57.6148],[102.5805,57.6631],[102.6481,57.6456],[102.712,57.603],[102.8046,57.5585],[102.8226,57.492],[102.7782,57.4526],[102.7952,57.4285],[102.8615,57.385],[102.9428,57.3824],[103.0195,57.4035],[103.0567,57.4225],[103.1361,57.4751],[103.2069,57.4945],[103.239,57.5125],[103.2635,57.5391],[103.3076,57.5397],[103.3299,57.5138],[103.3643,57.5056],[103.3679,57.544],[103.3796,57.559],[103.4513,57.5789],[103.4773,57.6101],[103.5003,57.6173],[103.5155,57.6457],[103.536,57.6542],[103.6066,57.6403],[103.6296,57.6539],[103.6516,57.6892],[103.6307,57.6953],[103.6529,57.7381],[103.6914,57.7311],[103.7278,57.7121],[103.787,57.7248],[103.8104,57.7606],[103.7939,57.775],[103.7794,57.8148],[103.8095,57.8284],[103.8827,57.8194],[103.9837,57.8263],[104.0171,57.8033],[104.1166,57.7813],[104.1257,57.764],[104.09,57.738],[104.1302,57.7074],[104.1473,57.7115],[104.2106,57.6894],[104.2452,57.7018],[104.315,57.689],[104.3376,57.673]],[[102.5204,57.9359],[102.5271,58.0162],[102.6269,58.0099],[102.6753,58.0444],[102.7123,58.0339],[102.744,58.0423],[102.779,58.0981],[102.8184,58.0985],[102.8117,58.0626],[102.8878,58.0523],[102.84,58.0247],[102.8263,57.9821],[102.7915,57.9605],[102.7663,57.9195],[102.7076,57.916],[102.6078,57.9487],[102.5204,57.9359]]]},"properties":{"osm_id":190095,"name":"Усть-Илимский муниципальный округ","kind":"district","parent":"Иркутская область","parent_iso":"RU-IRK","label":[102.7123,58.0339]}},
{"type":"Feature","geometry":{"type":"Polygon","coordinates":[[[112.4034,50.3465],[112.3447,50.3382],[112.3208,50.3454],[112.3064,50.3684],[112.2506,50.3655],[112.2096,50.3825],[112.1692,50.3712],[112.1268,50.3768],[112.0585,50.3705],[112.0356,50.3454],[112.0002,50.344],[111.9541,50.3256],[111.8915,50.3253],[111.8608,50.2638],[111.8374,50.2559],[111.8411,50.2346],[111.8061,50.2089],[111.7719,50.2263],[111.7359,50.2289],[111.7112,50.256],[111.6757,50.2554],[111.6622,50.2687],[111.6225,50.2552],[111.6117,50.2425],[111.5573,50.2294],[111.5195,50.2337],[111.5246,50.1985],[111.4434,50.1802],[111.3944,50.1445],[111.402,50.1178],[111.3807,50.1086],[111.4018,50.065],[111.3623,50.0395],[111.2894,50.0277],[111.2902,50.0003],[111.2639,49.9647],[111.247,49.9169],[111.2499,49.894],[111.268,49.8781],[111.2139,49.8385],[111.2132,49.82],[111.1735,49.8023],[111.1364,49.798],[111.1549,49.7789],[111.1323,49.7611],[111.1157,49.7275],[111.036,49.7105],[110.9981,49.7162],[110.9955,49.7006],[110.9493,49.6855],[110.9597,49.6664],[110.9021,49.648],[110.8353,49.6553],[110.8005,49.6917],[110.7893,49.7201],[110.7393,49.7095],[110.7081,49.7239],[110.6644,49.7215],[110.5986,49.7359],[110.5702,49.7177],[110.5354,49.7073],[110.4925,49.6829],[110.4899,49.6436],[110.4693,49.6309],[110.3954,49.6428],[110.3538,49.615],[110.318,49.6023],[110.2796,49.5705],[110.2908,49.5514],[110.27,49.5311],[110.225,49.5059],[110.2355,49.4921],[110.2184,49.4746],[110.1458,49.4774],[110.1214,49.4645],[110.1016,49.4724],[110.0328,49.4729],[110.0226,49.4977],[109.9825,49.4967],[109.9307,49.5148],[109.8901,49.5461],[109.8827,49.5918],[109.8583,49.5952],[109.8312,49.5759],[109.8182,49.6401],[109.7661,49.6173],[109.6958,49.5769],[109.6983,49.5504],[109.6569,49.5367],[109.6803,49.4988],[109.7062,49.4884],[109.7039,49.4556],[109.659,49.4409],[109.651,49.4279],[109.6148,49.4368],[109.6034,49.4655],[109.5731,49.4823],[109.5381,49.4638],[109.4992,49.4721],[109.4853,49.4449],[109.4926,49.4164],[109.4657,49.3846],[109.4105,49.3353],[109.39,49.3003],[109.4124,49.2998],[109.4325,49.2729],[109.4753,49.2674],[109.487,49.2432],[109.5591,49.2208],[109.6838,49.226],[109.7581,49.2204],[109.8533,49.2016],[109.9026,49.2057],[110.0306,49.1851],[110.1199,49.178],[110.1751,49.1583],[110.2258,49.1581],[110.3281,49.1991],[110.3905,49.2515],[110.4207,49.2234],[110.5172,49.1859],[110.5902,49.1895],[110.6836,49.1709],[110.7083,49.1701],[110.8193,49.182],[110.9386,49.2136],[111.0787,49.2621],[111.1158,49.2693],[111.2768,49.3104],[111.3748,49.3577],[111.5148,49.323],[111.5451,49.3265],[111.6683,49.3798],[111.7056,49.3859],[111.7882,49.3844],[111.8169,49.3753],[111.9092,49.3764],[112.0074,49.3944],[112.128,49.4311],[112.1946,49.4466],[112.2783,49.4844],[112.3574,49.4996],[112.4031,49.5034],[112.4865,49.5241],[112.6021,49.51],[112.6436,49.5139],[112.6889,49.5041],[112.7115,49.5183],[112.761,49.5129],[112.8129,49.5152],[112.8871,49.5518],[112.9149,49.5719],[112.9426,49.5702],[112.9657,49.5821],[113.0545,49.6083],[113.0714,49.6426],[113.1595,49.7659],[113.2176,49.8368],[113.2629,49.8559],[113.2478,49.8667],[113.2367,49.9086],[113.203,49.9349],[113.1698,49.9392],[113.1593,49.9208],[113.0916,49.8958],[113.0736,49.9035],[113.0443,49.8849],[113.0016,49.8897],[112.9695,49.909],[112.9294,49.913],[112.8672,49.9471],[112.8225,49.9373],[112.75,49.9455],[112.6896,49.947],[112.6823,49.9366],[112.6334,49.9459],[112.603,49.9331],[112.5384,49.9438],[112.4905,49.9446],[112.4849,49.9584],[112.445,49.9816],[112.2922,50.033],[112.2902,50.0719],[112.3029,50.0854],[112.2905,50.1053],[112.3283,50.1232],[112.3083,50.1537],[112.3295,50.1841],[112.3324,50.2274],[112.3847,50.261],[112.4021,50.2999],[112.4332,50.2998],[112.4199,50.3342],[112.4034,50.3465]]]},"properties":{"osm_id":1742666,"name":"Кыринский муниципальный округ","kind":"district","parent":"Забайкальский край","parent_iso":"RU-ZAB","label":[111.3265,49.7721]}},
{"type":"Feature","geometry":{"type":"Polygon","coordinates":[[[118.779,51.3026],[118.7478,51.2948],[118.7107,51.263],[118.7214,51.2485],[118.6871,51.2246],[118.6942,51.202],[118.6404,51.1835],[118.6315,51.1598],[118.6024,51.1329],[118.5651,51.1149],[118.5928,51.0699],[118.5936,51.0551],[118.5122,51.0365],[118.4948,51.0095],[118.434,51.0148],[118.3999,51.0073],[118.4407,50.965],[118.425,50.946],[118.4893,50.8737],[118.4981,50.7995],[118.5115,50.7657],[118.5987,50.7499],[118.6911,50.7771],[118.744,50.7621],[118.7782,50.7352],[118.7753,50.7075],[118.8222,50.6664],[118.8654,50.6697],[118.8991,50.6421],[118.9318,50.6574],[118.9891,50.6966],[119.0742,50.7075],[119.0783,50.7357],[119.0537,50.7473],[119.0744,50.7719],[119.1936,50.7233],[119.2266,50.7518],[119.2536,50.7474],[119.2791,50.7103],[119.3361,50.7107],[119.3736,50.6798],[119.4257,50.6831],[119.4419,50.6939],[119.499,50.7658],[119.4877,50.775],[119.5074,50.8149],[119.4904,50.8274],[119.4964,50.8528],[119.4828,50.8762],[119.5165,50.9059],[119.5468,50.92],[119.5685,50.9464],[119.5084,50.9607],[119.5018,50.985],[119.4702,51.0007],[119.4453,50.9913],[119.4167,50.9992],[119.3701,50.9888],[119.3347,50.9884],[119.324,50.9614],[119.2653,50.963],[119.2038,50.9262],[119.1677,50.9229],[119.0991,50.9991],[119.046,51.0245],[119.0543,51.0469],[119.0001,51.1034],[119.0269,51.1572],[119.0564,51.1532],[119.0951,51.1276],[119.1071,51.1735],[119.131,51.1816],[119.1373,51.2055],[119.1696,51.2002],[119.2154,51.2311],[119.1769,51.2536],[119.1539,51.2578],[119.0764,51.2247],[119.0353,51.231],[118.9863,51.218],[118.9541,51.2287],[118.9455,51.2589],[118.9922,51.2751],[119.0053,51.3148],[118.9908,51.3553],[118.9529,51.3611],[118.9225,51.3453],[118.8907,51.3381],[118.8759,51.3535],[118.8386,51.3377],[118.779,51.3026]]]},"properties":{"osm_id":1846004,"name":"Калганский муниципальный округ","kind":"district","parent":"Забайкальский край","parent_iso":"RU-ZAB","label":[118.9842,51.0016]}},
{"type":"Feature","geometry":{"type":"Polygon","coordinates":[[[116.0009,51.3442],[115.9403,51.2948],[115.9421,51.2713],[115.9153,51.255],[115.9238,51.2367],[115.9011,51.2275],[115.876,51.1833],[115.8499,51.1853],[115.8311,51.1699],[115.8347,51.1499],[115.8079,51.1162],[115.7612,51.1064],[115.7442,51.0852],[115.6512,51.0522],[115.6274,51.0166],[115.5779,51.0313],[115.5446,51.0145],[115.4582,51.0178],[115.4377,51.0357],[115.3668,51.0255],[115.3982,51.0004],[115.4011,50.9867],[115.3555,50.9042],[115.3824,50.8502],[115.4857,50.8388],[115.5682,50.842],[115.6224,50.8379],[115.6476,50.8552],[115.6761,50.8571],[115.6949,50.8344],[115.74,50.8055],[115.7546,50.7651],[115.7755,50.7327],[115.7621,50.6884],[115.7842,50.662],[115.7626,50.6131],[115.7957,50.581],[115.8343,50.5941],[115.8661,50.5726],[115.8453,50.5199],[115.9083,50.5383],[115.9991,50.5747],[116.0442,50.5328],[116.1055,50.5636],[116.1678,50.5554],[116.2157,50.565],[116.2568,50.5955],[116.3417,50.6023],[116.3792,50.5986],[116.4344,50.62],[116.4528,50.6434],[116.5549,50.6606],[116.5888,50.7269],[116.6737,50.758],[116.7657,50.7513],[116.757,50.771],[116.7858,50.7954],[116.7927,50.816],[116.7653,50.8484],[116.8214,50.9579],[116.8004,51.001],[116.8133,51.0209],[116.8094,51.0519],[116.7854,51.0713],[116.7944,51.0867],[116.7653,51.1017],[116.761,51.1342],[116.7838,51.1608],[116.7762,51.1971],[116.8824,51.2839],[116.7659,51.3459],[116.6969,51.3616],[116.6582,51.3543],[116.6208,51.3701],[116.5963,51.3499],[116.4495,51.3529],[116.4061,51.375],[116.3546,51.357],[116.2456,51.3376],[116.2464,51.2953],[116.1876,51.2991],[116.1508,51.276],[116.1635,51.2336],[116.0968,51.2388],[116.1206,51.2744],[116.0993,51.2995],[116.0545,51.2872],[116.0009,51.3442]]]},"properties":{"osm_id":1754925,"name":"Оловяннинский муниципальный округ","kind":"district","parent":"Забайкальский край","parent_iso":"RU-ZAB","label":[116.119,50.9475]}},
{"type":"Feature","geometry":{"type":"Polygon","coordinates":[[[114.4166,51.302],[114.4265,51.2709],[114.4596,51.2631],[114.5316,51.2034],[114.5738,51.1755],[114.6185,51.1561],[114.6787,51.0973],[114.7125,51.1004],[114.7489,51.0812],[114.7878,51.0713],[114.7988,51.1114],[114.8194,51.1097],[114.9572,51.0473],[114.9991,50.9807],[115.0161,50.962],[115.0446,50.9655],[115.1074,50.9129],[115.1168,50.8802],[115.1391,50.8594],[115.1853,50.8399],[115.2791,50.7771],[115.2999,50.7766],[115.3922,50.6232],[115.3981,50.5905],[115.4519,50.5968],[115.517,50.5736],[115.5769,50.6023],[115.6338,50.6129],[115.6663,50.6351],[115.6522,50.6599],[115.703,50.6953],[115.7256,50.6487],[115.7626,50.6131],[115.7842,50.662],[115.7621,50.6884],[115.7755,50.7327],[115.7546,50.7651],[115.74,50.8055],[115.6949,50.8344],[115.6761,50.8571],[115.6476,50.8552],[115.6224,50.8379],[115.5682,50.842],[115.4857,50.8388],[115.3824,50.8502],[115.3555,50.9042],[115.4011,50.9867],[115.3982,51.0004],[115.3668,51.0255],[115.4377,51.0357],[115.4582,51.0178],[115.5446,51.0145],[115.5779,51.0313],[115.6274,51.0166],[115.6512,51.0522],[115.7442,51.0852],[115.7612,51.1064],[115.8079,51.1162],[115.8347,51.1499],[115.8311,51.1699],[115.8499,51.1853],[115.876,51.1833],[115.9011,51.2275],[115.9238,51.2367],[115.9153,51.255],[115.9421,51.2713],[115.899,51.3018],[115.8911,51.3198],[115.8122,51.3253],[115.7798,51.355],[115.7179,51.3752],[115.7204,51.4264],[115.6756,51.4366],[115.657,51.4656],[115.6176,51.4753],[115.5974,51.5096],[115.5812,51.5178],[115.5465,51.5079],[115.5092,51.5123],[115.4438,51.5472],[115.4151,51.5817],[115.3985,51.5878],[115.273,51.5932],[115.2318,51.6255],[115.2396,51.6695],[115.1789,51.6866],[115.0779,51.6627],[115.0827,51.6318],[115.0093,51.6438],[115.0021,51.6684],[114.9633,51.6726],[114.9061,51.6577],[114.9114,51.6397],[114.861,51.6331],[114.8434,51.6081],[114.7906,51.5854],[114.7744,51.5702],[114.7224,51.5512],[114.7248,51.5356],[114.6878,51.5216],[114.6293,51.4889],[114.6092,51.4704],[114.5589,51.464],[114.5026,51.4347],[114.505,51.4226],[114.4749,51.3996],[114.4521,51.3527],[114.4348,51.3384],[114.437,51.3182],[114.4166,51.302]]]},"properties":{"osm_id":919866,"name":"Могойтуйский муниципальный округ","kind":"district","parent":"Забайкальский край","parent_iso":"RU-ZAB","label":[115.1794,51.1254]}},
{"type":"Feature","geometry":{"type":"Polygon","coordinates":[[[109.6285,59.1619],[109.574,59.1889],[109.5054,59.1965],[109.5365,59.2355],[109.4793,59.2523],[109.4852,59.2935],[109.4526,59.313],[109.4001,59.3047],[109.3796,59.3154],[109.2917,59.3165],[109.245,59.3333],[109.2747,59.3515],[109.2398,59.3815],[109.3429,59.4172],[109.3425,59.4425],[109.3,59.4421],[109.2523,59.4669],[109.3011,59.5007],[109.334,59.5107],[109.3279,59.5316],[109.4004,59.5676],[109.4018,59.5844],[109.4883,59.6291],[109.5434,59.6673],[109.5413,59.6775],[109.4824,59.6947],[109.4748,59.7676],[109.5081,59.8015],[109.5529,59.8214],[109.5633,59.8442],[109.6253,59.8537],[109.6626,59.876],[109.65,59.9051],[109.6214,59.9181],[109.6213,59.9378],[109.6664,59.9391],[109.6747,59.9867],[109.7551,60.027],[109.7521,60.0524],[109.706,60.0528],[109.6926,60.0767],[109.7131,60.1173],[109.6928,60.1256],[109.6946,60.1612],[109.7184,60.1831],[109.7075,60.2069],[109.7403,60.2486],[109.7913,60.2543],[109.8152,60.2738],[109.8133,60.3067],[109.7908,60.3185],[109.8047,60.3364],[109.8565,60.3515],[109.8497,60.391],[109.8947,60.3894],[109.9488,60.4169],[109.9384,60.4434],[109.9071,60.4614],[109.9497,60.5049],[110.0223,60.5333],[110.0739,60.5891],[110.1382,60.5969],[110.1227,60.6214],[110.1262,60.6481],[110.0944,60.6541],[110.0993,60.6944],[110.1535,60.6877],[110.189,60.6959],[110.2335,60.6814],[110.2886,60.702],[110.2985,60.7256],[110.2862,60.7615],[110.2998,60.7821],[110.2651,60.8094],[110.2619,60.8446],[110.3068,60.8742],[110.3372,60.9137],[110.3678,60.9376],[110.4154,60.9558],[110.4189,60.9756],[110.4579,60.9816],[110.4832,61.0007],[110.5003,61.0314],[110.4848,61.0497],[110.5008,61.07],[110.5423,61.0878],[110.5454,61.1167],[110.5217,61.1354],[110.5431,61.1485],[110.5239,61.1797],[110.4743,61.1937],[110.3813,61.2013],[110.3452,61.1771],[110.2221,61.1683],[110.1818,61.1862],[110.1824,61.2025],[110.1416,61.2215],[110.1113,61.2779],[110.0174,61.3002],[109.9972,61.3147],[109.9091,61.3182],[109.8577,61.3148],[109.8209,61.3287],[109.7618,61.3317],[109.779,61.3535],[109.8136,61.3712],[109.8012,61.3862],[109.8392,61.4252],[109.8413,61.4528],[109.8089,61.4779],[109.8593,61.5137],[109.8595,61.5668],[109.8198,61.59],[109.7915,61.6272],[109.6928,61.6646],[109.726,61.6838],[109.7194,61.702],[109.6619,61.7073],[109.6482,61.7335],[109.6002,61.7455],[109.5967,61.7677],[109.6191,61.7997],[109.5745,61.8312],[109.6109,61.8564],[109.5793,61.8873],[109.5753,61.9147],[109.6423,61.9277],[109.6842,61.9681],[109.7263,61.98],[109.7241,62.0012],[109.8158,62.0228],[109.8721,62.067],[109.8702,62.1086],[109.8867,62.126],[109.9557,62.1619],[109.9837,62.1621],[110.0046,62.186],[109.9597,62.2183],[109.9539,62.2384],[109.9186,62.2601],[109.9654,62.2871],[109.9868,62.3196],[109.9405,62.3369],[109.9525,62.361],[109.8899,62.3705],[109.9109,62.437],[109.8268,62.4454],[109.7664,62.4396],[109.7088,62.4425],[109.6679,62.4354],[109.5533,62.4551],[109.5105,62.4307],[109.4675,62.4237],[109.4291,62.45],[109.4309,62.4736],[109.3642,62.4853],[109.2984,62.5216],[109.3152,62.5347],[109.2696,62.5562],[109.2516,62.5974],[109.321,62.6079],[109.3865,62.6089],[109.3785,62.6621],[109.4434,62.6756],[109.4786,62.6916],[109.4665,62.7116],[109.4827,62.7385],[109.4645,62.7472],[109.5131,62.784],[109.5191,62.7994],[109.5663,62.807],[109.6805,62.8399],[109.6062,62.9012],[109.4945,62.9564],[109.4892,62.9805],[109.5196,63.0043],[109.469,63.0239],[109.5115,63.0532],[109.4851,63.0653],[109.4993,63.0836],[109.4578,63.1113],[109.4965,63.1411],[109.4605,63.1488],[109.4436,63.1835],[109.4477,63.2296],[109.4744,63.2509],[109.422,63.2778],[109.4294,63.3126],[109.4056,63.3331],[109.4057,63.3727],[109.361,63.368],[109.2845,63.3735],[109.3198,63.3939],[109.2675,63.4368],[109.2674,63.4546],[109.2044,63.4783],[109.1792,63.5088],[109.187,63.5316],[109.1482,63.5436],[109.0781,63.5777],[109.0178,63.5844],[108.9269,63.5756],[108.7844,63.6004],[108.7548,63.6133],[108.6983,63.6195],[108.654,63.6124],[108.6128,63.6285],[108.4963,63.6367],[108.4352,63.6327],[108.3276,63.6094],[108.2646,63.6131],[108.1697,63.6007],[108.1357,63.6083],[108.1424,63.6277],[108.1254,63.6587],[108.1728,63.6772],[108.2256,63.6685],[108.2385,63.6877],[108.2731,63.6925],[108.2995,63.7171],[108.2902,63.736],[108.2874,63.8375],[108.3607,63.8618],[108.4172,63.84],[108.4965,63.8232],[108.5199,63.837],[108.5708,63.8366],[108.6166,63.8486],[108.6504,63.8225],[108.6806,63.8231],[108.7312,63.8429],[108.7547,63.8672],[108.802,63.8716],[108.7981,63.8923],[108.7112,63.9381],[108.7497,63.9732],[108.743,63.9941],[108.7643,64.0094],[108.7391,64.0364],[108.6133,64.069],[108.5974,64.0982],[108.562,64.1298],[108.525,64.1489],[108.5968,64.1925],[108.52,64.2119],[108.5212,64.2327],[108.5834,64.2554],[108.5191,64.265],[108.5292,64.2809],[108.5031,64.3065],[108.4603,64.3056],[108.4286,64.3217],[108.3951,64.3112],[108.409,64.2905],[108.3611,64.2648],[108.2641,64.2775],[108.2076,64.276],[108.1195,64.2609],[108.2468,64.2502],[108.2845,64.2017],[108.3268,64.1246],[108.3648,64.1038],[108.3545,64.0759],[108.3891,64.0488],[108.324,64.0284],[108.2054,64.0037],[108.1163,64.0055],[108.0789,64.0139],[108.0477,64.0015],[107.9902,64.0099],[107.8993,63.9978],[107.8625,64.0201],[107.7798,64.011],[107.7387,64.0158],[107.6853,64.0012],[107.686,63.9871],[107.6312,63.9814],[107.6104,63.9623],[107.6273,63.9335],[107.5656,63.8974],[107.5184,63.8967],[107.5026,63.9194],[107.4521,63.9218],[107.4109,63.8943],[107.3727,63.9121],[107.3771,63.9368],[107.307,63.9776],[107.1652,63.9686],[107.07,63.9293],[106.9805,63.959],[106.9779,63.9705],[106.8915,63.9756],[106.8149,63.992],[106.7917,64.0061],[106.6952,64.0363],[106.6241,64.0084],[106.619,63.9751],[106.6454,63.9589],[106.7304,63.935],[106.7217,63.9048],[106.7712,63.8963],[106.7888,63.8688],[106.7463,63.8338],[106.6971,63.8245],[106.6727,63.7966],[106.6629,63.763],[106.6024,63.7227],[106.6099,63.7057],[106.6531,63.6926],[106.6869,63.6674],[106.6581,63.6272],[106.6155,63.6188],[106.5792,63.5931],[106.6028,63.5747],[106.5101,63.5643],[106.4714,63.5424],[106.525,63.5163],[106.5835,63.4979],[106.5946,63.4544],[106.6396,63.4484],[106.7266,63.4097],[106.7198,63.3752],[106.6768,63.3548],[106.6579,63.3255],[106.6209,63.3168],[106.5759,63.3268],[106.5202,63.3226],[106.4476,63.3608],[106.4118,63.3536],[106.4071,63.3189],[106.3558,63.302],[106.3445,63.2451],[106.4002,63.2395],[106.4315,63.2138],[106.3874,63.1683],[106.4089,63.1506],[106.3968,63.1257],[106.3539,63.1075],[106.2837,63.1032],[106.1849,63.086],[106.1237,63.0889],[106.1396,63.0515],[106.1306,63.0375],[106.1701,63.0069],[106.1379,62.9761],[106.192,62.9684],[106.193,62.921],[106.2821,62.9097],[106.3188,62.8743],[106.3824,62.8806],[106.4371,62.8626],[106.4524,62.8392],[106.4466,62.8144],[106.5125,62.7911],[106.5178,62.7574],[106.5087,62.727],[106.4599,62.7081],[106.4725,62.6976],[106.5817,62.6798],[106.6334,62.6599],[106.7076,62.6557],[106.7731,62.6387],[106.8018,62.6117],[106.782,62.6039],[106.7173,62.6086],[106.6725,62.5565],[106.7206,62.5378],[106.7387,62.5078],[106.7284,62.4948],[106.6269,62.4624],[106.5756,62.4244],[106.573,62.4056],[106.5431,62.3963],[106.4662,62.4058],[106.4319,62.3967],[106.4832,62.3411],[106.4627,62.3301],[106.4093,62.3296],[106.4087,62.3016],[106.3669,62.2773],[106.4168,62.2538],[106.4643,62.2612],[106.4556,62.2344],[106.4282,62.2125],[106.4496,62.199],[106.4245,62.1834],[106.424,62.1609],[106.3877,62.1453],[106.4115,62.1001],[106.3934,62.0778],[106.3948,62.0422],[106.296,62.027],[106.2485,62.0116],[106.2383,61.995],[106.1789,61.9666],[106.1112,61.9574],[105.8974,61.8418],[105.8959,61.8296],[105.9438,61.78],[105.9339,61.7706],[105.973,61.7131],[105.9799,61.6905],[105.9041,61.6888],[105.8418,61.6614],[105.8114,61.6299],[105.7124,61.6621],[105.6616,61.6529],[105.5869,61.6233],[105.5931,61.6004],[105.5502,61.5789],[105.5081,61.5799],[105.4526,61.5591],[105.3591,61.5394],[105.3192,61.5156],[105.2958,61.4756],[105.2833,61.4251],[105.2259,61.4139],[105.1561,61.4241],[105.0622,61.4063],[105.0103,61.4128],[104.9948,61.4023],[104.91,61.3954],[104.9066,61.3727],[104.8087,61.3417],[104.9184,61.3252],[104.954,61.3079],[104.9396,61.2942],[104.9903,61.273],[104.9929,61.2425],[105.03,61.2198],[105.0224,61.1974],[104.9643,61.1883],[104.8526,61.1918],[104.8237,61.1592],[104.7609,61.1356],[104.6906,61.0863],[104.6263,61.0791],[104.6161,61.0476],[104.629,61.0309],[104.6074,61.0066],[104.6232,60.9889],[104.5832,60.9598],[104.5814,60.9363],[104.634,60.9055],[104.6092,60.8854],[104.4684,60.8506],[104.485,60.8043],[104.5099,60.7829],[104.5791,60.7688],[104.6093,60.7243],[104.5618,60.6861],[104.5645,60.6657],[104.5029,60.6274],[104.5394,60.6136],[104.5232,60.5965],[104.5598,60.5784],[104.5594,60.5545],[104.6099,60.5225],[104.6524,60.5062],[104.6386,60.4801],[104.6769,60.4249],[104.6568,60.406],[104.7674,60.3818],[104.8473,60.3452],[104.8649,60.3136],[104.9037,60.2995],[104.9483,60.3032],[104.9776,60.2891],[105.0184,60.2982],[105.0803,60.299],[105.2161,60.2765],[105.3062,60.2923],[105.3439,60.2931],[105.3625,60.276],[105.417,60.2677],[105.4546,60.2536],[105.4591,60.232],[105.5022,60.2157],[105.4692,60.2053],[105.4601,60.169],[105.4225,60.1529],[105.437,60.0971],[105.4498,60.0933],[105.4851,60.0209],[105.4936,59.9915],[105.4587,59.9828],[105.4108,59.9521],[105.4432,59.9288],[105.4257,59.9037],[105.4814,59.8788],[105.5094,59.8575],[105.4762,59.835],[105.4327,59.8578],[105.3719,59.8392],[105.3206,59.8553],[105.1618,59.8715],[105.1054,59.8679],[104.9805,59.8414],[105.0233,59.8145],[105.0257,59.7795],[104.9912,59.7642],[104.8907,59.7656],[104.8452,59.7304],[104.7621,59.6848],[104.808,59.6633],[104.7809,59.6407],[104.8423,59.6065],[104.8559,59.5837],[104.8571,59.5496],[104.9261,59.5171],[104.9678,59.4706],[104.9938,59.4608],[105.1097,59.4676],[105.1489,59.4852],[105.1949,59.4769],[105.1981,59.4581],[105.2357,59.443],[105.206,59.3954],[105.2292,59.3872],[105.2195,59.3427],[105.1773,59.3174],[105.1843,59.2928],[105.2149,59.2689],[105.2718,59.2702],[105.304,59.2454],[105.3215,59.2026],[105.3199,59.1737],[105.2935,59.1558],[105.3412,59.1441],[105.3596,59.1216],[105.3017,59.0756],[105.2464,59.0631],[105.1756,59.0571],[105.1357,59.0613],[105.1155,59.0497],[105.097,59.0158],[105.0548,58.996],[104.9695,58.9669],[104.9114,58.9527],[104.8755,58.9085],[104.8367,58.9012],[104.7674,58.8449],[104.7546,58.8072],[104.8756,58.7497],[104.8743,58.7245],[104.873,58.7103],[104.8361,58.6902],[104.8034,58.6344],[104.7045,58.6179],[104.6555,58.5853],[104.6788,58.5686],[104.7089,58.5242],[104.6931,58.5062],[104.7629,58.4725],[104.7774,58.4449],[104.8149,58.4224],[104.7928,58.4019],[104.805,58.3638],[104.7812,58.3368],[104.7929,58.3212],[104.794,58.2821],[104.8505,58.2493],[104.7984,58.2101],[104.6958,58.2029],[104.6725,58.1848],[104.7407,58.1551],[104.7315,58.1409],[104.7575,58.109],[104.7712,58.0637],[104.7549,57.9991],[104.7601,57.942],[104.7186,57.9353],[104.683,57.8918],[104.7118,57.8938],[104.7598,57.8768],[104.7942,57.8476],[104.7889,57.7826],[104.8006,57.7707],[104.9135,57.7921],[104.9525,57.7868],[104.9852,57.7612],[105.0561,57.7901],[105.0894,57.7722],[105.1096,57.7177],[105.1633,57.6963],[105.1728,57.6686],[105.1536,57.6562],[105.1735,57.6323],[105.2411,57.6369],[105.3131,57.6325],[105.4549,57.6843],[105.4686,57.6749],[105.5247,57.6733],[105.5704,57.7141],[105.5991,57.714],[105.6489,57.7858],[105.6177,57.8119],[105.6107,57.8522],[105.6736,57.8939],[105.6546,57.9281],[105.6657,57.9538],[105.7009,57.9674],[105.6902,57.9915],[105.6204,57.9994],[105.6641,58.0664],[105.7017,58.052],[105.7497,58.0529],[105.7697,58.0331],[105.8363,58.041],[105.8622,58.063],[105.9984,58.1038],[106.0611,58.1],[106.123,58.1148],[106.1675,58.1177],[106.2461,58.1032],[106.2901,58.1269],[106.3019,58.0998],[106.3467,58.1017],[106.3847,58.1298],[106.4531,58.1378],[106.5176,58.1181],[106.5627,58.1371],[106.612,58.1905],[106.6468,58.1866],[106.7021,58.197],[106.8204,58.189],[106.8996,58.2102],[106.9254,58.1979],[106.9744,58.2174],[107.0003,58.2132],[107.0664,58.2343],[107.0437,58.249],[107.0569,58.2792],[107.0861,58.2834],[107.1683,58.2699],[107.2243,58.2819],[107.2347,58.2967],[107.3139,58.3019],[107.2674,58.3277],[107.2885,58.3359],[107.2627,58.3945],[107.3126,58.3946],[107.3255,58.4162],[107.3006,58.4529],[107.2283,58.5089],[107.3983,58.552],[107.3879,58.5781],[107.3978,58.6145],[107.4249,58.6248],[107.3604,58.6991],[107.3889,58.7262],[107.4636,58.7279],[107.5203,58.6929],[107.5471,58.6961],[107.5958,58.6632],[107.6251,58.6552],[107.6849,58.6792],[107.7334,58.6708],[107.7707,58.7142],[107.8331,58.7228],[107.8593,58.7194],[107.885,58.6802],[107.9059,58.6675],[107.8727,58.6349],[107.9078,58.5441],[107.9695,58.5464],[108.0222,58.5606],[108.0681,58.5374],[108.1171,58.5025],[108.1006,58.4744],[108.113,58.45],[108.1522,58.4469],[108.1962,58.4121],[108.1725,58.3758],[108.1936,58.3488],[108.2102,58.2989],[108.2627,58.2708],[108.2648,58.2233],[108.3771,58.1967],[108.3905,58.1804],[108.4501,58.2292],[108.4733,58.2808],[108.5197,58.3261],[108.5026,58.3505],[108.5603,58.3792],[108.5676,58.396],[108.6048,58.3994],[108.5968,58.4348],[108.5329,58.462],[108.5762,58.4788],[108.6134,58.5037],[108.6079,58.571],[108.5688,58.5895],[108.6058,58.6017],[108.6206,58.6308],[108.6477,58.6459],[108.6643,58.6938],[108.6574,58.7113],[108.6993,58.7281],[108.7107,58.7896],[108.7389,58.8155],[108.7102,58.835],[108.7338,58.8582],[108.7256,58.8798],[108.7411,58.9114],[108.8263,58.9277],[108.8714,58.927],[108.9103,58.9118],[108.9771,58.9234],[109.0313,58.9188],[109.0958,58.9263],[109.106,58.9464],[109.2,58.9696],[109.2553,58.9675],[109.2807,58.9447],[109.3614,58.9321],[109.4325,59.0022],[109.4657,59.045],[109.4658,59.0609],[109.5035,59.0771],[109.539,59.1113],[109.5572,59.1533],[109.6285,59.1619]]]},"properties":{"osm_id":189679,"name":"Катангский район","kind":"district","parent":"Иркутская область","parent_iso":"RU-IRK","label":[107.5042,60.9757]}},
{"type":"Feature","geometry":{"type":"MultiPolygon","coordinates":[[[[113.0858,51.1568],[113.1173,51.1343],[113.151,51.1525],[113.1903,51.19],[113.2478,51.1688],[113.2967,51.1992],[113.2595,51.1995],[113.2396,51.1868],[113.206,51.2101],[113.1575,51.196],[113.115,51.148],[113.0858,51.1568]]],[[[114.3952,50.4821],[114.4578,50.4765],[114.4944,50.4797],[114.5114,50.47],[114.5682,50.4783],[114.5784,50.4927],[114.6169,50.5007],[114.6605,50.5299],[114.681,50.5172],[114.7247,50.5252],[114.7541,50.5142],[114.8358,50.519],[114.853,50.529],[114.9158,50.52],[114.9617,50.5398],[114.9816,50.5189],[115.0119,50.5188],[115.0528,50.547],[115.0854,50.5487],[115.2033,50.5838],[115.2437,50.585],[115.2674,50.604],[115.3685,50.5803],[115.3981,50.5905],[115.3922,50.6232],[115.2999,50.7766],[115.2791,50.7771],[115.1853,50.8399],[115.1391,50.8594],[115.1168,50.8802],[115.1074,50.9129],[115.0446,50.9655],[115.0161,50.962],[114.9991,50.9807],[114.9572,51.0473],[114.8194,51.1097],[114.7988,51.1114],[114.7878,51.0713],[114.7489,51.0812],[114.7125,51.1004],[114.6787,51.0973],[114.6185,51.1561],[114.5738,51.1755],[114.5316,51.2034],[114.4596,51.2631],[114.4265,51.2709],[114.4166,51.302],[114.3725,51.3034],[114.2707,51.2928],[114.2188,51.2979],[114.24,51.348],[114.2238,51.3888],[114.1934,51.4098],[114.1438,51.3622],[114.1094,51.3962],[114.1107,51.4171],[114.043,51.4223],[114.0244,51.3636],[113.9217,51.3526],[113.9144,51.3119],[113.8696,51.2904],[113.8313,51.2853],[113.7888,51.2578],[113.7734,51.227],[113.8544,51.1898],[113.8661,51.1717],[113.8397,51.1638],[113.8039,51.0746],[113.7795,51.0548],[113.7981,51.0349],[113.8276,51.0245],[113.848,51.0035],[113.958,50.9621],[113.9542,50.8991],[113.9576,50.8464],[113.9682,50.8271],[114.0215,50.8353],[114.0841,50.8376],[114.1213,50.8274],[114.1687,50.8275],[114.1883,50.792],[114.1834,50.7437],[114.2035,50.7403],[114.2486,50.7689],[114.2838,50.7543],[114.3115,50.7249],[114.3204,50.6898],[114.3714,50.5818],[114.3529,50.5582],[114.3952,50.4821]],[[114.4536,51.1118],[114.4963,51.1243],[114.5051,51.1373],[114.5799,51.1401],[114.6128,51.1224],[114.6392,51.0873],[114.5983,51.0712],[114.5335,51.0668],[114.4995,51.0825],[114.4872,51.1026],[114.4536,51.1118]]],[[[116.0442,50.5328],[115.9991,50.5747],[115.9083,50.5383],[115.9435,50.4953],[115.9325,50.4891],[115.8797,50.4253],[115.9226,50.4249],[116.0143,50.4544],[116.0137,50.5156],[116.0442,50.5328]]]]},"properties":{"osm_id":919865,"name":"Агинский муниципальный округ","kind":"district","parent":"Забайкальский край","parent_iso":"RU-ZAB","label":[114.565,50.9251]}},
{"type":"Feature","geometry":{"type":"Polygon","coordinates":[[[114.1055,50.2112],[114.1809,50.2475],[114.3378,50.2856],[114.4011,50.2579],[114.4704,50.238],[114.5215,50.2312],[114.6171,50.2456],[114.7002,50.2428],[114.7791,50.2281],[114.8312,50.2237],[114.9647,50.1821],[115.0075,50.1639],[115.0685,50.1091],[115.0677,50.0939],[115.1292,50.0572],[115.2239,49.9884],[115.2947,49.959],[115.3608,49.9402],[115.4713,49.9203],[115.6011,50.0741],[115.6624,50.0753],[115.6779,50.0911],[115.8755,50.134],[115.8974,50.1421],[115.8929,50.1936],[115.8967,50.2958],[115.8576,50.2975],[115.8506,50.3262],[115.8064,50.3523],[115.8012,50.3833],[115.84,50.3866],[115.839,50.4171],[115.8797,50.4253],[115.9325,50.4891],[115.9435,50.4953],[115.9083,50.5383],[115.8453,50.5199],[115.8661,50.5726],[115.8343,50.5941],[115.7957,50.581],[115.7626,50.6131],[115.7256,50.6487],[115.703,50.6953],[115.6522,50.6599],[115.6663,50.6351],[115.6338,50.6129],[115.5769,50.6023],[115.517,50.5736],[115.4519,50.5968],[115.3981,50.5905],[115.3685,50.5803],[115.2674,50.604],[115.2437,50.585],[115.2033,50.5838],[115.0854,50.5487],[115.0528,50.547],[115.0119,50.5188],[114.9816,50.5189],[114.9617,50.5398],[114.9158,50.52],[114.853,50.529],[114.8358,50.519],[114.7541,50.5142],[114.7247,50.5252],[114.681,50.5172],[114.6605,50.5299],[114.6169,50.5007],[114.5784,50.4927],[114.5682,50.4783],[114.5114,50.47],[114.4944,50.4797],[114.4578,50.4765],[114.3952,50.4821],[114.3792,50.4944],[114.3089,50.4942],[114.2565,50.5174],[114.1879,50.4961],[114.1554,50.5002],[114.1023,50.4767],[114.0643,50.4815],[114.0273,50.4757],[113.9724,50.4441],[113.9106,50.4257],[113.9241,50.3626],[113.9614,50.3387],[114.0147,50.3263],[114.0302,50.3084],[114.0678,50.3156],[114.0938,50.3035],[114.1141,50.2422],[114.1055,50.2112]]]},"properties":{"osm_id":1742679,"name":"Ононский муниципальный округ","kind":"district","parent":"Забайкальский край","parent_iso":"RU-ZAB","label":[114.9244,50.3243]}}
]}