{"type":"FeatureCollection", "features": [
{"type":"Feature","geometry":{"type":"Polygon","coordinates":[[[29.8957,58.45],[29.9166,58.3105],[29.6856,58.2107],[29.6715,58.1348],[29.9293,58.0409],[29.8851,57.969],[30.0715,57.9588],[30.2003,57.8948],[30.2892,57.9106],[30.5432,57.8639],[30.4523,57.688],[30.5188,57.6425],[30.6806,57.6441],[30.5428,57.5466],[30.4234,57.4242],[30.4642,57.3501],[30.541,57.3041],[30.7457,57.2632],[30.6302,57.1739],[30.6875,57.149],[30.6757,57.0042],[30.8491,56.9322],[30.9788,56.9699],[31.1009,56.931],[31.2413,56.9515],[31.3962,56.9094],[31.6398,56.992],[31.7253,57.092],[31.8732,57.121],[31.9063,57.0862],[32.1559,57.1844],[32.3273,57.2257],[32.5476,57.3245],[32.6317,57.3349],[32.7069,57.434],[33.0784,57.4661],[33.264,57.4219],[33.2314,57.5354],[33.2931,57.5494],[33.301,57.6292],[33.4206,57.7025],[33.5692,57.7134],[33.5474,57.8512],[33.684,57.9056],[33.6846,58.0003],[33.5313,58.0629],[33.7059,58.1703],[33.8153,58.1392],[34.1708,58.2128],[34.2234,58.1873],[34.4651,58.1559],[34.646,58.0781],[34.7215,58.0903],[34.7366,58.1721],[34.8214,58.2312],[34.9747,58.2255],[35.0509,58.1946],[35.2572,58.2742],[35.3039,58.4098],[35.4707,58.41],[35.5165,58.4477],[35.6449,58.4602],[35.7327,58.4341],[35.9048,58.4347],[36.1817,58.5116],[36.2231,58.5757],[36.1605,58.6179],[36.1069,58.7165],[35.9734,58.7493],[35.7832,58.7537],[35.745,58.8221],[35.5793,58.8103],[35.5526,58.8473],[35.4094,58.8493],[35.2787,58.7863],[35.1319,58.8683],[35.1789,58.9488],[34.9623,58.9483],[34.8683,58.9906],[34.8649,59.0555],[34.7224,59.0849],[34.512,59.1446],[34.2842,59.1782],[34.0317,59.1484],[33.936,59.2118],[33.8001,59.2007],[33.7567,59.2933],[33.622,59.3278],[33.6303,59.3825],[33.3484,59.3853],[33.2621,59.3209],[33.1552,59.3839],[32.9707,59.3922],[32.8469,59.3486],[32.7324,59.2714],[32.7689,59.2108],[32.6538,59.1181],[32.4516,59.1081],[32.2825,59.2007],[32.2979,59.2788],[32.1997,59.2903],[32.1216,59.3708],[31.9494,59.4297],[31.9066,59.376],[31.7516,59.3245],[31.6831,59.3691],[31.5524,59.3691],[31.5292,59.2848],[31.5857,59.2356],[31.4752,59.1679],[31.4812,59.1016],[31.3711,59.0265],[31.2187,59.0083],[31.1661,59.0755],[31.083,59.0908],[30.9565,59.0154],[30.9224,58.9215],[30.7548,58.8564],[30.6642,58.7366],[30.4064,58.7029],[30.3426,58.7594],[30.1029,58.7244],[30.0726,58.6284],[30.1289,58.5274],[30.0565,58.4439],[29.8957,58.45]]]},"properties":{"osm_id":89331,"name":"Новгородская область","iso":"RU-NGR","kind":"region","label":[32.9238,58.1709]}},
{"type":"Feature","geometry":{"type":"Polygon","coordinates":[[[37.628,58.4831],[37.6242,58.4205],[37.3686,58.3384],[37.4351,58.276],[37.3692,58.2416],[37.4376,58.1878],[37.5828,58.1619],[37.6052,58.077],[37.5136,58.0412],[37.499,57.9878],[37.4076,57.9398],[37.38,57.8375],[37.6492,57.703],[37.6372,57.6682],[37.8534,57.5882],[37.8047,57.4479],[38.0168,57.3363],[38.1165,57.3317],[38.2747,57.368],[38.3134,57.2599],[38.1497,57.2253],[38.2427,57.1173],[38.2582,57.0421],[38.1942,56.9025],[38.1083,56.8766],[38.2443,56.7935],[38.3044,56.76],[38.3181,56.6586],[38.4133,56.6789],[38.6317,56.5829],[38.8102,56.5957],[38.9302,56.543],[39.0306,56.5389],[39.1186,56.5779],[39.2657,56.5398],[39.3329,56.5956],[39.3365,56.7398],[39.402,56.771],[39.374,56.82],[39.4374,56.9016],[39.5534,56.9599],[39.5628,57.035],[39.7384,57.0835],[39.8459,57.1709],[39.9479,57.1702],[40.0315,57.2087],[40.1931,57.2039],[40.2625,57.2863],[40.4305,57.2858],[40.4445,57.4381],[40.4056,57.4935],[40.5248,57.593],[40.632,57.5688],[40.7181,57.6621],[40.6471,57.7275],[40.6512,57.799],[40.5977,57.8971],[40.6747,57.9826],[40.8091,58.0066],[40.8971,58.1111],[40.8826,58.1767],[40.9664,58.2024],[41.0368,58.284],[41.1935,58.341],[41.0483,58.4418],[41.0192,58.5417],[40.9301,58.5763],[40.7826,58.5941],[40.6085,58.5854],[40.4422,58.5372],[40.1859,58.5551],[40.0883,58.5952],[40.0144,58.736],[39.871,58.7524],[39.7824,58.838],[39.7128,58.8376],[39.3343,58.9262],[39.2349,58.9153],[39.1241,58.951],[38.9442,58.9074],[39.0176,58.8492],[38.941,58.8056],[38.9233,58.7333],[38.6739,58.7456],[38.5573,58.7728],[38.413,58.7268],[38.0646,58.7301],[37.9835,58.7071],[37.8984,58.6152],[37.7121,58.6257],[37.7196,58.5473],[37.628,58.4831]]]},"properties":{"osm_id":81994,"name":"Ярославская область","iso":"RU-YAR","kind":"region","label":[39.2607,57.7452]}},
{"type":"Feature","geometry":{"type":"Polygon","coordinates":[[[38.3181,56.6586],[38.3588,56.5733],[38.2984,56.495],[38.4008,56.4539],[38.4463,56.3865],[38.3982,56.2715],[38.6036,56.0156],[38.8257,55.9287],[39.0007,55.9424],[39.0751,55.8687],[39.1677,55.84],[39.2804,55.851],[39.3211,55.8028],[39.4701,55.7736],[39.6608,55.7954],[39.7321,55.8424],[39.8891,55.8332],[39.8865,55.761],[40.0536,55.6553],[40.0932,55.6073],[40.0489,55.5265],[40.1575,55.5271],[40.1413,55.4507],[40.1909,55.365],[40.3581,55.2896],[40.5272,55.3023],[40.613,55.2178],[40.9031,55.2377],[41.0021,55.2719],[41.0595,55.2065],[41.2944,55.2337],[41.442,55.1445],[41.5372,55.173],[41.6572,55.1121],[41.7928,55.1014],[41.8605,55.2411],[41.9725,55.2866],[42.0167,55.3774],[42.1669,55.444],[42.0943,55.4888],[42.0642,55.6122],[42.1367,55.6818],[42.2957,55.7732],[42.3933,55.7885],[42.5039,55.8784],[42.7143,55.9895],[42.6891,56.0878],[42.8718,56.1382],[42.7836,56.2206],[42.7739,56.3318],[42.6142,56.4067],[42.389,56.4487],[42.2185,56.4405],[42.1173,56.3685],[41.9794,56.3736],[41.9485,56.4816],[41.6774,56.4966],[41.0322,56.4904],[40.8889,56.5143],[40.7672,56.5944],[40.4906,56.5837],[40.4584,56.5349],[40.2674,56.4881],[40.2255,56.4398],[40.1027,56.4802],[39.9493,56.4669],[39.9518,56.5223],[39.8624,56.5945],[39.8966,56.7067],[39.847,56.7631],[39.6666,56.8034],[39.5655,56.7957],[39.489,56.7461],[39.402,56.771],[39.3365,56.7398],[39.3329,56.5956],[39.2657,56.5398],[39.1186,56.5779],[39.0306,56.5389],[38.9302,56.543],[38.8102,56.5957],[38.6317,56.5829],[38.4133,56.6789],[38.3181,56.6586]]]},"properties":{"osm_id":72197,"name":"Владимирская область","iso":"RU-VLA","kind":"region","label":[40.6221,55.9571]}},
{"type":"Feature","geometry":{"type":"Polygon","coordinates":[[[62.0004,65.7177],[61.6268,65.5619],[61.4173,65.3865],[61.2851,65.3128],[61.3649,65.2496],[61.2721,65.1684],[61.1374,65.1745],[61.077,65.0824],[60.9345,65.0164],[60.81,65.025],[60.7294,64.9255],[60.6096,64.9205],[60.4345,65.0067],[60.4175,65.0663],[60.2036,65.0769],[60.0545,65.028],[59.992,64.9388],[59.8111,64.9109],[59.6245,64.7849],[59.655,64.6571],[59.4882,64.4914],[59.6512,64.4331],[59.5852,64.2244],[59.8369,64.0871],[59.7563,63.9855],[59.5613,63.9086],[59.5332,63.7141],[59.4786,63.5722],[59.378,63.4221],[59.313,63.39],[59.3663,63.2662],[59.2884,63.1847],[59.2049,63.0284],[59.3252,62.942],[59.4482,62.918],[59.4106,62.7052],[59.4426,62.566],[59.6252,62.5446],[59.6118,62.3716],[59.3994,62.1571],[59.4014,62.1045],[59.489,61.9466],[59.718,61.9305],[59.9725,61.8828],[59.951,61.7454],[59.998,61.7184],[60.5146,61.7357],[60.8386,61.6985],[60.9974,61.6948],[61.2295,61.6545],[61.8878,61.4361],[61.8907,61.4062],[62.4836,61.261],[62.6456,61.1707],[62.826,61.0005],[62.7602,60.8533],[62.8674,60.6538],[63.2263,60.2945],[63.1811,60.2243],[63.6059,60.1017],[63.795,59.8167],[63.8249,59.7447],[63.8743,59.4613],[64.0205,59.3819],[64.4896,59.3766],[65.0646,59.3152],[65.1204,59.2184],[65.2363,59.2056],[65.3398,59.0089],[65.3727,58.899],[65.6551,58.6585],[65.9505,58.6145],[66.2909,58.5945],[66.4559,58.6074],[66.7852,58.6565],[66.7725,58.9233],[66.9687,58.9722],[67.0537,58.9268],[67.2999,59.0241],[67.6119,59.1041],[67.6503,59.1604],[67.7841,59.2014],[68.0995,59.2032],[68.2614,59.2381],[68.3949,59.2982],[68.5014,59.4364],[68.5735,59.5886],[68.7326,59.5696],[69.0514,59.6896],[69.309,59.7696],[69.1433,59.8824],[69.1685,59.9663],[69.2698,59.9896],[69.6227,59.968],[69.6511,59.9098],[70.0011,59.9242],[70.1342,59.9499],[70.3963,59.8396],[70.7766,59.8698],[70.9995,59.8282],[71.1793,59.9071],[71.2585,59.7885],[71.4994,59.7418],[71.5448,59.6852],[71.792,59.6359],[71.8899,59.5551],[72.0251,59.5517],[72.1854,59.4663],[72.2319,59.4122],[72.442,59.3002],[72.4182,59.2103],[72.5494,59.139],[72.9112,59.154],[72.9756,59.1264],[72.9283,59.0531],[73.1,58.9517],[73.0248,58.8749],[73.4947,58.8246],[73.7188,58.8562],[73.8591,58.8068],[73.9911,58.8108],[74.1753,58.7261],[74.799,58.7267],[74.8946,58.6852],[74.9977,58.699],[75.1313,58.6639],[75.6354,58.9123],[75.7276,59.0154],[75.6381,59.2117],[75.8403,59.281],[75.8982,59.4003],[75.9878,59.3826],[76.1772,59.53],[76.5025,59.5438],[76.6649,59.5712],[76.6684,59.685],[76.7405,59.7112],[76.7724,60.0657],[76.714,60.115],[76.8339,60.1865],[76.8655,60.2707],[76.7624,60.3324],[76.8292,60.4669],[77.0479,60.5089],[77.0451,60.5896],[76.9588,60.6266],[77.111,60.7475],[77.0708,60.7973],[77.1105,60.8585],[77.4492,60.81],[77.7043,60.82],[77.97,60.7407],[78.0883,60.7968],[78.1944,60.8024],[78.4873,60.7639],[78.6979,60.8252],[78.799,60.7529],[78.9615,60.81],[79.2213,60.8244],[79.3161,60.7739],[79.2885,60.7207],[79.3989,60.6358],[79.6789,60.6812],[79.9485,60.6701],[80.201,60.6753],[80.405,60.7502],[80.6391,60.7707],[80.7048,60.8028],[81.0524,60.7557],[81.1042,60.642],[81.4587,60.6071],[81.5843,60.638],[81.8795,60.6398],[82.1673,60.5163],[82.4096,60.6082],[82.3765,60.7069],[83.1567,61.0268],[83.4769,61.0357],[83.9497,60.8362],[84.2631,60.8625],[84.6417,60.9979],[84.7351,61.0143],[85.6966,61.2838],[85.6407,61.3671],[85.7982,61.4541],[85.9653,61.4592],[85.9611,61.5451],[85.8425,61.5939],[85.7128,61.5726],[85.4929,61.6172],[85.4066,61.6871],[85.2778,61.6737],[85.0969,61.752],[84.919,61.7899],[84.8409,61.773],[84.6779,61.8081],[84.5194,61.9278],[84.492,62.0985],[84.4409,62.1957],[84.2983,62.2693],[84.2391,62.3815],[84.1021,62.3773],[84.0003,62.4139],[83.9604,62.4902],[83.814,62.5699],[83.6227,62.5032],[83.5533,62.5274],[83.3242,62.458],[83.0235,62.5263],[83.0493,62.5893],[82.759,62.66],[82.7619,62.7494],[82.4602,62.7752],[82.2894,62.7663],[82.1593,62.813],[81.8413,62.6959],[81.6655,62.7306],[81.6387,62.7794],[81.3913,62.8169],[81.2912,62.8585],[81.3199,62.9099],[81.1503,62.9687],[81.0435,63.0645],[81.0369,63.1471],[80.9219,63.1566],[80.6809,63.1159],[80.5884,63.0781],[80.5888,63.0102],[80.093,62.8179],[79.9083,62.785],[79.8434,62.6086],[78.7395,62.6022],[78.5195,62.5611],[78.406,62.5604],[78.1346,62.4928],[78.0929,62.4641],[77.8704,62.5759],[77.3781,62.7079],[77.1368,62.8114],[77.0256,62.972],[76.8516,62.9887],[76.6669,63.0348],[76.34,62.9513],[76.2667,63.0132],[75.8934,63.1065],[75.7784,63.1171],[75.605,63.0881],[75.3126,63.0971],[75.0803,63.0685],[74.9415,63.0253],[74.5243,63.0364],[74.2532,63.173],[74.0039,63.1681],[73.4982,63.188],[73.3638,63.2322],[73.2633,63.3348],[73.1062,63.3782],[73.0536,63.4263],[72.896,63.3969],[72.871,63.3557],[72.6631,63.2815],[72.4064,63.2994],[72.1283,63.2968],[71.6455,63.1928],[71.5362,63.4693],[71.5632,63.5708],[71.4559,63.6833],[71.2471,63.7005],[70.9227,63.7028],[70.8257,63.8219],[70.7062,63.8868],[70.6889,63.941],[70.5589,64.0153],[70.7665,64.1124],[70.7709,64.1911],[70.6625,64.239],[70.4492,64.2492],[70.2923,64.3425],[70.0865,64.3188],[69.8885,64.3217],[69.7249,64.3959],[69.3937,64.3887],[69.2797,64.4756],[68.8585,64.4385],[69.0355,64.3233],[68.9178,64.2696],[68.7438,64.2336],[68.552,64.2872],[68.4488,64.2877],[67.8326,64.0464],[67.6824,64.0766],[67.4681,64.0776],[67.1869,64.1179],[67.1727,64.1563],[66.8368,64.2121],[66.8469,64.3402],[66.9898,64.4524],[66.9709,64.5087],[66.7114,64.5541],[66.4556,64.527],[66.1991,64.5907],[65.9331,64.5552],[65.3763,64.5558],[65.1773,64.4681],[64.9831,64.4701],[64.7242,64.4304],[64.6038,64.4427],[64.4823,64.3711],[64.0433,64.3594],[63.9134,64.2877],[63.6113,64.2705],[63.4101,64.3337],[63.517,64.3632],[63.4775,64.4561],[63.2473,64.5204],[63.0524,64.5157],[62.9134,64.4677],[62.7148,64.4966],[62.5576,64.5585],[62.5896,64.6404],[62.8115,64.7364],[62.807,64.8407],[62.6952,64.8728],[62.8237,65.0546],[62.8173,65.1947],[62.8721,65.2906],[62.4592,65.3378],[62.3665,65.4321],[62.4254,65.5037],[62.313,65.5352],[62.2653,65.6323],[62.1628,65.6414],[62.0004,65.7177]]]},"properties":{"osm_id":140296,"name":"Ханты-Мансийский автономный округ — Югра","iso":"RU-KHM","kind":"region","label":[72.5902,62.1488]}},
{"type":"Feature","geometry":{"type":"Polygon","coordinates":[[[88.792,51.554],[89.0089,51.3943],[88.9603,51.2435],[89.0498,51.1598],[89.0227,51.1046],[89.0556,51.0464],[89.1937,50.9818],[89.268,50.916],[89.398,50.8506],[89.4858,50.7377],[89.5259,50.7264],[89.6482,50.5773],[89.8488,50.5265],[89.8649,50.4697],[89.7073,50.3841],[89.6132,50.3743],[89.5899,50.4281],[89.5075,50.4575],[89.4968,50.3639],[89.3767,50.3282],[89.3234,50.2139],[89.5275,50.1812],[89.5247,50.0393],[89.5901,50.0172],[89.5927,49.9131],[89.7336,49.9479],[89.8828,49.953],[90.0144,49.9885],[90.0023,50.0542],[90.1652,50.1082],[90.2852,50.1109],[90.3889,50.1926],[90.5807,50.2439],[90.6733,50.2143],[90.7308,50.2434],[90.7064,50.3129],[90.903,50.4084],[91.0932,50.436],[91.16,50.4201],[91.2933,50.4696],[91.4005,50.4765],[91.4549,50.5485],[91.5343,50.5814],[91.6499,50.5862],[91.7233,50.6975],[91.8551,50.7338],[92.0723,50.6964],[92.1721,50.7063],[92.3159,50.754],[92.3129,50.8767],[92.3732,50.8801],[92.4321,50.8032],[92.5711,50.7981],[92.6278,50.7034],[92.754,50.7275],[92.7877,50.8056],[92.8539,50.8098],[93.0319,50.768],[92.9752,50.6696],[93.0498,50.6011],[93.249,50.5941],[93.3975,50.6345],[93.7034,50.5862],[93.8562,50.6011],[94.2404,50.5878],[94.3439,50.4917],[94.3891,50.2151],[94.5221,50.1726],[94.6148,50.0354],[94.7607,50.0549],[94.9992,50.0443],[95.0165,49.9805],[95.0816,49.9629],[95.4259,49.9576],[95.531,49.8973],[95.5723,49.9443],[95.7956,49.9641],[95.7653,50.0171],[95.8442,50.0436],[96.0175,50.0034],[96.2607,49.9766],[96.4171,49.8769],[96.5143,49.9431],[96.6005,49.8773],[96.7409,49.9076],[96.9988,49.8883],[97.0101,49.8334],[97.2311,49.7429],[97.4216,49.7807],[97.5806,49.8584],[97.5548,49.9226],[97.7804,49.9936],[97.8978,49.984],[98.0699,50.0359],[98.11,50.1313],[98.3081,50.3233],[98.2727,50.41],[98.3273,50.4742],[98.274,50.5381],[98.1464,50.5751],[98.008,50.6692],[97.9786,50.7841],[97.9981,50.8762],[97.858,50.9596],[97.8658,51.046],[97.962,51.2758],[97.9535,51.3342],[98.0501,51.4502],[98.2241,51.4567],[98.2341,51.5476],[98.3785,51.7398],[98.5214,51.7784],[98.7643,51.8699],[98.809,51.9581],[98.8065,52.0255],[98.8615,52.1361],[98.9692,52.1426],[98.7425,52.2904],[98.6324,52.4224],[98.829,52.5431],[98.7871,52.6058],[98.9389,52.671],[98.9498,52.7871],[98.8516,52.827],[98.9355,52.9372],[99.1217,52.8731],[99.2308,52.8679],[99.2304,52.9633],[98.9998,53.0274],[99.0142,53.1022],[98.6658,53.1537],[98.6371,53.1012],[98.3121,53.0948],[98.3154,53.1864],[98.1924,53.246],[98.0028,53.2495],[97.8661,53.3467],[97.5895,53.3767],[97.6032,53.4253],[97.4566,53.4555],[97.2977,53.5799],[97.0099,53.653],[96.8964,53.7254],[96.7423,53.7268],[96.6883,53.6463],[96.6277,53.5569],[96.4403,53.5358],[96.2411,53.6195],[96.2321,53.5171],[96.1035,53.5045],[96.0333,53.457],[95.9671,53.4913],[95.7245,53.515],[95.6481,53.4548],[95.4393,53.3996],[95.4051,53.3656],[95.2841,53.4101],[95.2128,53.4682],[95.0359,53.3661],[94.9546,53.4049],[94.7203,53.3763],[94.6183,53.3311],[94.7165,53.2408],[94.6023,53.1656],[94.5833,52.9965],[94.4932,52.8917],[94.3992,52.9149],[94.2969,52.8983],[94.1672,52.8338],[94.0936,52.7385],[94.0931,52.6763],[93.9992,52.6493],[93.9434,52.5662],[93.7541,52.4277],[93.7654,52.3811],[93.6871,52.3164],[93.6588,52.1995],[93.4722,52.171],[93.3378,52.1281],[93.2372,52.0377],[93.1465,52.0156],[93.119,51.9665],[92.9577,51.9158],[92.8906,51.8436],[92.6938,51.8509],[92.6447,51.8122],[92.481,51.7907],[92.2552,51.8227],[92.082,51.7733],[91.9141,51.8246],[91.8044,51.8866],[91.6351,51.8795],[91.5479,51.9089],[91.3553,51.8915],[91.1792,51.9024],[91.0724,51.9519],[90.8493,51.9004],[90.8182,51.968],[90.7144,52.0903],[90.633,52.0937],[90.4885,52.1956],[90.1537,52.1544],[90.159,52.0626],[90.0452,51.9736],[90.0814,51.8195],[90.1362,51.7644],[90.0796,51.7309],[89.9522,51.7555],[89.6956,51.5554],[89.6328,51.5476],[89.4397,51.6068],[89.2365,51.5541],[89.2638,51.6412],[89.2076,51.6591],[89.0958,51.6272],[89.0734,51.5886],[88.792,51.554]]]},"properties":{"osm_id":145195,"name":"Тыва","iso":"RU-TY","kind":"region","label":[94.0329,51.7359]}},
{"type":"Feature","geometry":{"type":"Polygon","coordinates":[[[88.792,51.554],[88.6576,51.5285],[88.7035,51.3949],[88.6411,51.3883],[88.5745,51.32],[88.4473,51.2841],[88.2587,51.3538],[88.1564,51.3485],[88.1322,51.4175],[88.0523,51.4665],[87.9408,51.4748],[87.9059,51.5264],[88.0031,51.5903],[88.0191,51.6644],[88.1068,51.7086],[88.0841,51.7583],[87.9896,51.7527],[87.8914,51.8126],[87.9453,51.8857],[88.0876,52],[88.1264,52.0682],[88.2525,52.0458],[88.2863,52.1117],[88.3669,52.1157],[88.3776,52.1776],[88.4033,52.3117],[88.4639,52.3415],[88.3689,52.4427],[88.2521,52.3999],[87.9314,52.5361],[87.7574,52.4847],[87.6533,52.4224],[87.5423,52.4829],[87.4283,52.4995],[87.298,52.5922],[87.1269,52.6153],[87.011,52.6419],[86.7815,52.6042],[86.7949,52.5148],[86.6687,52.5153],[86.6419,52.4027],[86.6936,52.2948],[86.7811,52.2946],[86.7402,52.1714],[86.6488,52.1057],[86.4765,52.1302],[86.403,52.0362],[86.2345,52.0403],[85.922,52.1053],[85.8863,52.0159],[85.8175,51.9712],[85.8536,51.8911],[85.7499,51.8672],[85.7713,51.8155],[85.7028,51.7325],[85.5029,51.7012],[85.4443,51.5634],[85.3259,51.5613],[85.244,51.4992],[85.111,51.5241],[84.9959,51.5144],[84.8514,51.4427],[84.7162,51.4268],[84.6397,51.3533],[84.457,51.3161],[84.3866,51.2658],[84.2565,51.2826],[84.1992,51.2383],[84.1207,51.0712],[84.042,51.1537],[83.9481,51.1445],[83.9785,51.0695],[84.1014,51.0423],[84.2222,50.9874],[84.4907,50.9481],[84.4708,50.8597],[84.5804,50.83],[84.4737,50.6871],[84.3936,50.7061],[84.0813,50.64],[84.2487,50.5156],[84.204,50.469],[84.2683,50.3566],[84.2516,50.2901],[84.3258,50.2286],[84.4098,50.2092],[84.6282,50.2107],[84.8564,50.0921],[84.9458,50.0966],[85.0241,50.0602],[84.9836,49.984],[84.9952,49.9056],[85.0597,49.885],[85.1983,49.7379],[85.2107,49.6274],[85.3213,49.5908],[85.3884,49.6348],[85.4902,49.5981],[85.5837,49.6137],[85.6787,49.5509],[85.7569,49.5772],[85.8837,49.5669],[85.969,49.4871],[86.1129,49.5244],[86.202,49.4661],[86.2716,49.5827],[86.3714,49.5936],[86.5823,49.7241],[86.6938,49.8098],[86.7714,49.7638],[86.7789,49.696],[86.7095,49.6873],[86.6025,49.6056],[86.6182,49.5704],[86.7395,49.5712],[86.8272,49.5454],[86.8511,49.4446],[86.9301,49.4201],[86.9265,49.3489],[87.0253,49.2573],[87.1983,49.2525],[87.2693,49.2326],[87.2863,49.1158],[87.4353,49.0713],[87.6971,49.1739],[87.9894,49.1822],[88.02,49.2245],[88.1587,49.2895],[88.1217,49.3899],[88.2218,49.4797],[88.4112,49.4936],[88.4949,49.4719],[88.5909,49.5012],[88.7328,49.4515],[88.8801,49.4781],[88.9845,49.4637],[89.2009,49.5228],[89.1888,49.6325],[89.241,49.6452],[89.36,49.5844],[89.4589,49.665],[89.6608,49.6999],[89.7211,49.7523],[89.6289,49.8084],[89.5927,49.9131],[89.5901,50.0172],[89.5247,50.0393],[89.5275,50.1812],[89.3234,50.2139],[89.3767,50.3282],[89.4968,50.3639],[89.5075,50.4575],[89.5899,50.4281],[89.6132,50.3743],[89.7073,50.3841],[89.8649,50.4697],[89.8488,50.5265],[89.6482,50.5773],[89.5259,50.7264],[89.4858,50.7377],[89.398,50.8506],[89.268,50.916],[89.1937,50.9818],[89.0556,51.0464],[89.0227,51.1046],[89.0498,51.1598],[88.9603,51.2435],[89.0089,51.3943],[88.792,51.554]]]},"properties":{"osm_id":145194,"name":"Республика Алтай","iso":"RU-AL","kind":"region","label":[86.8992,50.8654]}},
{"type":"Feature","geometry":{"type":"Polygon","coordinates":[[[35.3524,50.9742],[35.4037,50.9028],[35.4102,50.8057],[35.4887,50.7768],[35.4595,50.689],[35.3921,50.6419],[35.4762,50.4891],[35.5865,50.4481],[35.6283,50.3544],[35.7385,50.3545],[35.832,50.4339],[36.0683,50.4511],[36.1606,50.4315],[36.3642,50.2875],[36.4242,50.3283],[36.6479,50.2177],[36.6887,50.2672],[36.9376,50.3503],[37.1054,50.3516],[37.2919,50.4009],[37.333,50.437],[37.4654,50.4311],[37.485,50.3568],[37.6263,50.2928],[37.6151,50.2163],[37.7555,50.0787],[37.9254,50.0346],[38.0563,49.923],[38.1706,49.9414],[38.2218,49.9792],[38.1788,50.0799],[38.3293,50.0854],[38.3498,50.007],[38.4889,49.9637],[38.5821,49.9776],[38.7447,49.8973],[38.9013,49.8694],[38.9302,49.7969],[39.0669,49.8156],[39.1799,49.8887],[39.223,50.0459],[39.1598,50.1409],[39.1178,50.2681],[39.0441,50.3164],[39.0148,50.4555],[39.081,50.5307],[39.1193,50.6246],[38.8549,50.7157],[38.779,50.719],[38.7115,50.792],[38.7404,50.9049],[38.8784,50.9097],[38.8048,50.9839],[38.8646,51.0059],[38.8035,51.0742],[38.6994,51.0221],[38.588,51.0122],[38.4841,51.0772],[38.3877,51.0771],[38.4117,51.166],[38.4838,51.1623],[38.4343,51.2858],[38.3353,51.2561],[38.289,51.2965],[38.2282,51.3021],[37.9862,51.4204],[37.8475,51.4297],[37.7032,51.3572],[37.3837,51.3845],[37.3102,51.334],[37.1585,51.3204],[37.0967,51.2432],[36.9895,51.1882],[36.7908,51.1603],[36.6665,51.0861],[36.5434,51.1218],[36.423,51.1209],[36.3531,51.0916],[36.1855,51.1246],[36.1394,51.1097],[36.0117,51.1582],[35.9416,51.1315],[35.9962,51.0701],[35.8653,50.9586],[35.734,50.9766],[35.5709,50.9016],[35.4567,50.9546],[35.3524,50.9742]]]},"properties":{"osm_id":83184,"name":"Белгородская область","iso":"RU-BEL","kind":"region","label":[37.3033,50.6136]}},
{"type":"Feature","geometry":{"type":"Polygon","coordinates":[[[41.1609,45.9517],[41.1612,45.8798],[41.2335,45.8314],[41.2721,45.7588],[41.1694,45.7597],[41.1672,45.6744],[40.848,45.6942],[40.846,45.5169],[40.9232,45.5169],[40.9225,45.4471],[40.9804,45.4225],[41.0361,45.2253],[41.3535,45.2231],[41.3514,45.0914],[41.4565,44.9883],[41.654,44.9863],[41.6522,44.9053],[41.5599,44.7384],[41.4271,44.7085],[41.4949,44.5957],[41.552,44.6182],[41.5897,44.5159],[41.7361,44.4737],[41.9246,44.4961],[41.9202,44.4127],[42.0303,44.3527],[42.2202,44.3483],[42.3414,44.3109],[42.479,44.325],[42.5534,44.3683],[42.6086,44.3118],[42.4408,44.1701],[42.335,44.1338],[42.3034,44.0291],[42.3762,43.9725],[42.4813,43.9804],[42.5026,44.0264],[42.5846,44.0261],[42.6602,43.9374],[42.6465,43.8272],[42.6783,43.8097],[42.8547,43.8019],[42.8661,43.8677],[42.9732,43.8978],[43.1477,43.8956],[43.1461,43.9595],[43.225,43.959],[43.3161,43.7989],[43.4117,43.8581],[43.4739,43.8656],[43.7447,43.8188],[43.7705,43.9275],[43.9222,44.0203],[43.9873,43.9707],[44.144,43.9702],[44.1439,43.9285],[44.2686,43.9182],[44.2925,43.8097],[44.4725,43.8012],[44.5969,43.8287],[44.8034,43.807],[44.8323,43.6821],[44.9449,43.6716],[44.9903,43.72],[45.0637,43.72],[45.0533,43.9579],[45.2026,43.9575],[45.202,43.8769],[45.438,43.8757],[45.4398,44.0093],[45.4889,44.01],[45.503,44.1757],[45.1148,44.1927],[45.1367,44.2538],[45.3715,44.2901],[45.4285,44.425],[45.352,44.462],[45.2254,44.4671],[45.2607,44.5893],[45.4123,44.5942],[45.6566,44.7978],[45.6135,44.874],[45.7051,44.9774],[45.716,44.9958],[45.5863,45.1211],[45.1938,45.2839],[44.8951,45.3874],[44.8297,45.4376],[44.7428,45.4349],[44.5526,45.4994],[44.4517,45.5071],[44.319,45.5513],[44.1812,45.6354],[44.1244,45.6905],[44.0912,45.7964],[43.9194,45.944],[43.7486,45.9789],[43.4552,45.9929],[43.3104,46.0899],[43.0017,46.1693],[42.9318,46.2361],[42.7365,46.0906],[42.672,46.0899],[42.5574,46.0083],[42.318,45.9697],[42.332,46.1354],[42.1707,46.1115],[42.1516,45.9431],[42.0829,45.9664],[41.7144,45.9824],[41.3928,45.9972],[41.3931,45.9524],[41.1609,45.9517]]]},"properties":{"osm_id":108081,"name":"Ставропольский край","iso":"RU-STA","kind":"region","label":[43.281,44.9475]}},
{"type":"Feature","geometry":{"type":"MultiPolygon","coordinates":[[[[-180,64.7463],[-179.7517,64.8653],[-179.3924,64.9762],[-179.2545,65.0437],[-179.0699,65.2123],[-178.7279,65.2626],[-178.4633,65.2454],[-177.5195,65.2447],[-177.2847,65.2646],[-176.7999,65.3647],[-176.4678,65.2941],[-176.3941,65.2622],[-176.2578,65.1275],[-176.3583,65.0313],[-176.3486,64.9524],[-176.2559,64.874],[-176.1099,64.8],[-175.9231,64.7541],[-175.8146,64.6627],[-175.6825,64.6069],[-175.5206,64.5779],[-174.9684,64.5639],[-174.4938,64.4282],[-174.4079,64.3303],[-174.2592,64.2536],[-173.9011,64.1583],[-173.202,64.0464],[-173.0327,64.0447],[-172.706,64.0883],[-172.3797,64.1918],[-172.0089,64.2282],[-171.8451,64.2942],[-171.7892,64.3457],[-171.5967,64.7457],[-171.6153,65.1192],[-171.6798,65.1975],[-171.4417,65.3136],[-171.1188,65.2676],[-170.8164,65.2906],[-170.2235,65.4711],[-170.0378,65.6008],[-170.01,65.7373],[-169.8773,65.787],[-169.384,65.5876],[-169.0486,65.469],[-168.9769,65.5],[-168.9769,66.0151],[-169.1854,66.014],[-169.1603,66.1053],[-169.2075,66.1949],[-169.3171,66.2696],[-169.53,66.3359],[-169.7396,66.3606],[-169.996,66.4659],[-170.2078,66.5021],[-170.5813,66.6671],[-170.8273,66.7455],[-170.9101,66.8665],[-171.1282,66.9454],[-171.2955,67.0767],[-171.4942,67.1292],[-171.7879,67.169],[-172.1078,67.1636],[-172.4423,67.2024],[-172.6559,67.2433],[-172.9245,67.2405],[-173.3566,67.2807],[-174.2275,67.6076],[-174.94,67.8168],[-175.4246,67.9944],[-175.5747,68.0278],[-177.2223,68.4499],[-177.6287,68.5942],[-178.0899,68.7298],[-178.4007,68.8741],[-178.6441,68.9484],[-178.9373,69.0091],[-179.2012,69.1033],[-179.6232,69.1264],[-180,69.2895],[-180,68.977],[-180,68.9755],[-180,68.97],[-180,68.9589],[-180,68.9299],[-180,68.9251],[-180,68.9111],[-180,68.7485],[-180,68.6702],[-180,68.5515],[-180,68.5134],[-180,68.3563],[-180,68.0813],[-180,68.0656],[-180,68.054],[-180,67.9398],[-180,67.9306],[-180,67.9287],[-180,67.9264],[-180,67.763],[-180,67.7612],[-180,67.7351],[-180,67.7253],[-180,67.7249],[-180,67.5528],[-180,67.3876],[-180,67.1684],[-180,67.0323],[-180,67.0312],[-180,67.0033],[-180,67.0024],[-180,66.9295],[-180,66.9126],[-180,66.8914],[-180,66.8802],[-180,66.8776],[-180,66.8575],[-180,66.8568],[-180,66.6407],[-180,66.5798],[-180,66.463],[-180,66.4617],[-180,66.4025],[-180,66.3435],[-180,66.3268],[-180,66.227],[-180,66.1735],[-180,66.1262],[-180,66.0618],[-180,66.003],[-180,65.9352],[-180,65.8661],[-180,65.8638],[-180,65.8507],[-180,65.8274],[-180,65.8038],[-180,65.7913],[-180,65.7053],[-180,65.6517],[-180,65.647],[-180,65.6443],[-180,65.6429],[-180,65.5634],[-180,65.5284],[-180,65.5268],[-180,65.5107],[-180,65.5103],[-180,65.48],[-180,65.453],[-180,65.4494],[-180,65.448],[-180,65.4475],[-180,65.4465],[-180,65.4462],[-180,65.4139],[-180,65.4137],[-180,65.4133],[-180,65.4125],[-180,65.4081],[-180,65.3863],[-180,65.3831],[-180,65.3605],[-180,65.3532],[-180,65.3316],[-180,65.3303],[-180,65.3302],[-180,65.3241],[-180,65.3121],[-180,65.3006],[-180,65.3],[-180,65.2759],[-180,65.2725],[-180,65.2658],[-180,65.2635],[-180,65.2579],[-180,65.1494],[-180,65.1481],[-180,65.0498],[-180,65.0388],[-180,64.7463]]],[[[-180,70.7166],[-179.7262,70.6692],[-179.5322,70.6615],[-179.036,70.6947],[-178.5548,70.7628],[-178.3424,70.7713],[-177.6323,70.8452],[-177.1366,70.9643],[-176.9054,71.0802],[-176.8177,71.238],[-177.0003,71.3827],[-177.2605,71.4523],[-177.4564,71.5593],[-177.7223,71.648],[-178.0285,71.714],[-178.5843,71.775],[-179.0581,71.803],[-179.612,71.7909],[-180,71.7491],[-180,71.5313],[-180,71.5309],[-180,71.5286],[-180,71.5195],[-180,71.5169],[-180,71.2336],[-180,71.1977],[-180,71.0253],[-180,70.9755],[-180,70.7166]]],[[[-176.3626,71.4067],[-176.2998,71.3263],[-176.0883,71.2303],[-175.807,71.1678],[-175.5768,71.1568],[-175.3093,71.1811],[-175.0684,71.2482],[-174.9394,71.3933],[-174.9961,71.4713],[-175.141,71.5391],[-175.5643,71.6157],[-175.799,71.6267],[-176.0279,71.606],[-176.2155,71.5568],[-176.3328,71.4868],[-176.3626,71.4067]]],[[[162.5311,69.869],[162.4523,69.6235],[162.3223,69.5285],[162.4321,69.4542],[162.3495,69.4064],[162.5436,69.373],[162.5137,69.3278],[162.7725,69.1814],[162.5319,69.1056],[162.5795,68.9612],[162.7265,68.9285],[162.7994,68.8229],[162.7331,68.7691],[162.5916,68.7776],[162.6032,68.6875],[162.7096,68.6582],[162.7517,68.584],[162.5638,68.4833],[162.6166,68.4373],[162.548,68.333],[162.3937,68.2746],[161.9567,68.3597],[161.7106,68.3455],[161.6484,68.3749],[161.3273,68.3686],[161.0288,68.2844],[160.7317,68.248],[160.5215,68.2449],[160.0638,68.2671],[159.8275,68.2482],[159.3967,68.1902],[159.2632,68.1909],[158.9018,68.103],[158.647,68.1274],[158.3724,68.0762],[158.2134,67.9405],[158.1036,67.914],[158.106,67.8217],[158.2495,67.8245],[158.3642,67.7248],[158.1177,67.7019],[157.9375,67.718],[157.8101,67.6746],[157.7306,67.518],[157.7931,67.449],[157.9077,67.4205],[157.8114,67.3083],[158.0932,67.2277],[158.3984,67.1002],[158.7118,67.0384],[158.8154,66.9404],[158.7873,66.8939],[158.9349,66.7687],[158.7112,66.6891],[158.6362,66.5664],[158.535,66.5484],[158.5044,66.4629],[158.3689,66.4303],[158.5434,66.3352],[158.7231,66.316],[158.783,66.2659],[159.1158,66.2264],[159.264,66.1545],[159.0384,66.0015],[158.902,65.7373],[159.0388,65.7243],[159.2489,65.6622],[159.4877,65.6429],[159.7521,65.5762],[159.833,65.513],[160.016,65.5261],[160.2344,65.4345],[160.211,65.362],[160.3096,65.3417],[160.5055,65.2112],[160.6749,65.1435],[160.884,65.1405],[161.0218,65.1727],[161.3173,65.1463],[161.4452,65.0744],[161.6756,65.0208],[161.7474,64.983],[161.8008,64.8402],[162.0025,64.7996],[162.6557,64.7356],[162.737,64.6674],[162.9597,64.658],[163.2652,64.6938],[163.1335,64.7674],[163.2055,64.8147],[163.3581,64.8007],[163.4991,64.9156],[163.9685,64.8549],[164.2703,64.927],[164.3759,64.8844],[164.8036,64.7664],[164.8602,64.6849],[165.0122,64.6751],[165.0071,64.8327],[165.285,64.8296],[165.4038,64.7441],[165.6857,64.7506],[165.7313,64.6612],[165.8285,64.6235],[165.8442,64.549],[166.0404,64.5493],[166.1349,64.6067],[166.4068,64.5909],[166.5991,64.5209],[166.731,64.5505],[166.9996,64.5381],[167.1355,64.6012],[167.2468,64.6049],[167.389,64.4788],[167.587,64.4296],[167.6879,64.3236],[168.0404,64.2646],[168.1811,64.2758],[168.2449,64.3294],[168.3663,64.2974],[168.5271,64.3066],[168.887,64.059],[168.8769,63.9849],[169.1029,63.9414],[169.3891,63.9399],[169.386,63.8641],[169.5761,63.8056],[169.6049,63.6413],[169.4014,63.537],[169.3206,63.5372],[168.9514,63.3415],[168.8268,63.3049],[168.7458,63.1813],[168.6284,63.1616],[168.4629,63.0864],[168.923,62.944],[169.1178,62.9792],[169.5832,62.7894],[169.6801,62.7046],[169.9485,62.6565],[170.0442,62.5755],[169.9895,62.5396],[170.1055,62.46],[170.2149,62.3283],[170.5454,62.3035],[170.7823,62.2534],[171.0886,62.2908],[171.1253,62.3471],[171.2718,62.3149],[171.5114,62.3033],[171.6791,62.3556],[171.8959,62.3604],[172.0491,62.4628],[172.2112,62.4546],[172.2673,62.3813],[172.543,62.4449],[172.7022,62.4124],[172.7675,62.351],[172.9214,62.3985],[173.0402,62.3794],[173.2154,62.4492],[173.3258,62.4495],[173.501,62.5237],[173.6701,62.5482],[173.8415,62.5099],[173.9521,62.4378],[174.0429,62.4726],[174.1597,62.4228],[174.1529,62.3395],[174.0612,62.2664],[174.1595,62.085],[174.3524,62.0795],[174.4507,62.0244],[174.5024,61.6078],[174.7663,61.6413],[175.0198,61.713],[175.1389,61.7745],[175.4137,61.8319],[175.8147,61.99],[176.1842,62.0716],[176.4707,62.1139],[176.6296,62.1688],[176.7588,62.2397],[177.1887,62.342],[177.5527,62.3599],[177.8272,62.3455],[178.1524,62.2764],[178.6817,62.1822],[178.9255,62.0915],[179.0872,62.0747],[179.3323,62.1033],[179.4869,62.1621],[180,62.5546],[180,62.8759],[179.9298,62.9514],[179.8867,63.1502],[179.8083,63.2352],[179.6431,63.3359],[179.383,63.4381],[179.2684,63.5651],[179.2299,63.7652],[179.0908,64.0843],[178.9023,64.258],[179.1723,64.5065],[179.4388,64.5899],[179.6564,64.6054],[179.8058,64.641],[180,64.7463],[180,65.0388],[180,65.1481],[180,65.1494],[180,65.2635],[180,65.2658],[180,65.2725],[180,65.2759],[180,65.3],[180,65.3006],[180,65.3121],[180,65.3241],[180,65.3302],[180,65.3303],[180,65.3316],[180,65.3605],[180,65.3831],[180,65.3863],[180,65.4125],[180,65.4133],[180,65.4137],[180,65.4139],[180,65.4462],[180,65.4465],[180,65.4475],[180,65.448],[180,65.4494],[180,65.453],[180,65.48],[180,65.5103],[180,65.5107],[180,65.5268],[180,65.5284],[180,65.5634],[180,65.6429],[180,65.6443],[180,65.647],[180,65.6517],[180,65.7053],[180,65.7913],[180,65.8038],[180,65.8274],[180,65.8507],[180,65.8638],[180,65.8661],[180,65.9352],[180,66.003],[180,66.0618],[180,66.1262],[180,66.1735],[180,66.227],[180,66.3268],[180,66.3435],[180,66.4025],[180,66.4617],[180,66.463],[180,66.5798],[180,66.6407],[180,66.8568],[180,66.8575],[180,66.8776],[180,66.8802],[180,66.8914],[180,66.9126],[180,66.9295],[180,67.0024],[180,67.0033],[180,67.0312],[180,67.0323],[180,67.1684],[180,67.3876],[180,67.5528],[180,67.7249],[180,67.7253],[180,67.7351],[180,67.7612],[180,67.763],[180,67.9264],[180,67.9287],[180,67.9306],[180,67.9398],[180,68.054],[180,68.0656],[180,68.0813],[180,68.3563],[180,68.5134],[180,68.5515],[180,68.6702],[180,68.7485],[180,68.9111],[180,68.9251],[180,68.9299],[180,68.9589],[180,68.97],[180,68.9755],[180,68.977],[180,69.2895],[179.7397,69.3922],[179.2192,69.5371],[178.7352,69.6322],[178.4169,69.658],[178.2209,69.6548],[177.7997,69.7591],[177.5709,69.7915],[177.1502,69.823],[176.7929,69.898],[176.5638,70.0057],[176.1935,70.0742],[175.7172,70.0775],[175.1117,70.0399],[174.636,70.0442],[174.214,70.1017],[173.5685,70.1307],[172.7531,70.1829],[172.4669,70.1545],[172.0609,70.1795],[171.5912,70.2441],[171.1005,70.2837],[170.9002,70.2865],[170.6618,70.3206],[170.2085,70.2991],[169.9286,70.2146],[169.8428,70.1258],[169.535,70.1046],[168.9513,70.1665],[168.5697,70.2302],[168.2911,70.224],[167.9322,70.1825],[167.6927,70.1246],[167.4554,70.0286],[167.2334,69.8694],[166.8392,69.7074],[166.4689,69.6972],[165.8271,69.7705],[165.5279,69.7697],[165.2945,69.7886],[164.8899,69.7609],[164.7152,69.7939],[164.5498,69.8851],[164.1816,69.948],[163.8539,69.946],[163.5667,69.8857],[163.2534,69.9038],[162.8183,69.8539],[162.5311,69.869]]],[[[178.0111,71.0651],[178.03,70.9762],[178.1605,70.846],[178.2071,70.7277],[178.3111,70.6635],[178.5512,70.6021],[178.7486,70.5863],[179.0394,70.602],[179.3037,70.6577],[179.721,70.6674],[180,70.7166],[180,70.9755],[180,71.0253],[180,71.1977],[180,71.2336],[180,71.5169],[180,71.5195],[180,71.5286],[180,71.5309],[180,71.5313],[180,71.7491],[179.6489,71.7027],[179.0072,71.5393],[178.7237,71.4169],[178.4734,71.3637],[178.1251,71.1893],[178.0111,71.0651]]]]},"properties":{"osm_id":151231,"name":"Чукотский автономный округ","iso":"RU-CHU","kind":"region","label":[-179.1701,71.8053]}},
{"type":"Feature","geometry":{"type":"Polygon","coordinates":[[[59.489,61.9466],[59.3276,61.8406],[59.4222,61.7546],[59.3489,61.6632],[59.4026,61.6215],[59.4008,61.4651],[59.3673,61.3935],[59.2612,61.2994],[59.2944,61.1609],[59.3468,61.0998],[59.3874,60.9447],[59.4778,60.94],[59.4821,60.827],[59.4254,60.7506],[59.4288,60.6375],[59.359,60.524],[59.2184,60.4443],[59.1417,60.2095],[59.1021,60.1787],[59.0284,60.0147],[58.84,59.9327],[58.8005,59.8428],[58.6947,59.8572],[58.6018,59.6939],[58.4803,59.7119],[58.3675,59.4729],[58.5226,59.4354],[58.6252,59.2983],[58.7884,59.2399],[58.9597,59.2342],[59.1976,59.1464],[59.0914,59.0017],[59.2049,58.9545],[59.0764,58.9066],[59.1049,58.7734],[59.1529,58.7176],[59.4151,58.6627],[59.3949,58.5847],[59.4525,58.4784],[59.2862,58.4192],[59.264,58.3379],[59.1371,58.2606],[58.9268,58.2844],[58.5854,58.0424],[58.7378,57.8541],[58.8731,57.8392],[58.8013,57.7255],[58.5368,57.5639],[58.4604,57.5824],[58.4471,57.6737],[58.1528,57.6824],[58.123,57.6025],[58.0311,57.6093],[58.0118,57.4843],[57.9395,57.3158],[58.022,57.2768],[57.9992,57.1895],[58.0863,57.099],[57.8467,57.0398],[57.7516,56.9447],[57.6774,56.9203],[57.4665,56.9139],[57.4288,56.9562],[57.3128,56.9272],[57.2266,56.852],[57.3434,56.7443],[57.4008,56.6408],[57.3919,56.5311],[57.3258,56.3947],[57.4084,56.3399],[57.4068,56.2721],[57.5058,56.1996],[57.4671,56.1342],[57.5161,56.0972],[57.6458,56.093],[57.6862,56.1366],[57.8937,56.1416],[57.9139,56.1073],[58.1643,56.1395],[58.3836,56.0816],[58.5815,56.1661],[58.7131,56.0956],[58.9803,56.0758],[59.0423,56.1687],[59.1694,56.1989],[59.1994,56.2717],[59.2821,56.3288],[59.5719,56.3396],[59.7149,56.3238],[59.6366,56.2481],[59.7508,56.2249],[59.9103,56.2589],[60.0046,56.2209],[60.2554,56.1984],[60.3635,56.2336],[60.553,56.2223],[60.5748,56.3169],[60.6775,56.3093],[60.6994,56.2393],[60.9639,56.191],[61.1035,56.1817],[61.1859,56.2083],[61.0917,56.3193],[61.1543,56.3563],[61.3375,56.3154],[61.4335,56.3513],[61.5669,56.2835],[61.6193,56.3198],[61.7352,56.2864],[61.8437,56.1822],[62.0611,56.1308],[62.0711,56.297],[62.1468,56.2751],[62.2515,56.3409],[62.2546,56.3995],[62.4285,56.5269],[62.5688,56.5656],[62.6032,56.4909],[62.7247,56.5079],[62.742,56.5579],[62.8722,56.546],[62.9823,56.5982],[63.1246,56.564],[63.3134,56.5684],[63.4001,56.6099],[63.5151,56.611],[63.5943,56.5576],[63.7468,56.5374],[63.829,56.4813],[64.1787,56.461],[64.2222,56.5382],[64.3508,56.6821],[64.3279,56.7565],[64.4939,56.7456],[64.5456,56.7888],[64.7643,56.8125],[64.9271,56.7724],[65.1697,56.764],[65.2531,56.9205],[65.0562,56.9039],[64.9625,57.1567],[65.0051,57.2338],[64.8272,57.2931],[64.9661,57.6051],[64.8331,57.6483],[65.4068,57.8258],[65.5341,57.7621],[65.7948,57.8748],[65.825,57.9326],[65.9841,57.9449],[66.0415,57.9929],[66.1849,58.011],[66.0001,58.2487],[65.9505,58.6145],[65.6551,58.6585],[65.3727,58.899],[65.3398,59.0089],[65.2363,59.2056],[65.1204,59.2184],[65.0646,59.3152],[64.4896,59.3766],[64.0205,59.3819],[63.8743,59.4613],[63.8249,59.7447],[63.795,59.8167],[63.6059,60.1017],[63.1811,60.2243],[63.2263,60.2945],[62.8674,60.6538],[62.7602,60.8533],[62.826,61.0005],[62.6456,61.1707],[62.4836,61.261],[61.8907,61.4062],[61.8878,61.4361],[61.2295,61.6545],[60.9974,61.6948],[60.8386,61.6985],[60.5146,61.7357],[59.998,61.7184],[59.951,61.7454],[59.9725,61.8828],[59.718,61.9305],[59.489,61.9466]]]},"properties":{"osm_id":79379,"name":"Свердловская область","iso":"RU-SVE","kind":"region","label":[61.7057,59.0003]}},
{"type":"Feature","geometry":{"type":"Polygon","coordinates":[[[43.0397,52.3706],[42.9421,52.3366],[42.8888,52.2121],[42.7672,52.1551],[42.7646,52.018],[42.7132,51.996],[42.7126,51.8856],[42.65,51.791],[42.5216,51.7192],[42.5208,51.5964],[42.5661,51.538],[42.7504,51.4924],[42.8325,51.3925],[42.8581,51.3167],[42.9473,51.2672],[42.8809,51.233],[43.1947,51.1106],[43.3585,50.9987],[43.5617,51.0606],[43.6527,51.0534],[43.6945,51.1076],[43.8838,51.1103],[43.9226,51.1617],[44.0185,51.1592],[44.0576,51.104],[44.185,51.0932],[44.2282,51.199],[44.3454,51.1743],[44.4774,51.2114],[44.5713,51.1234],[44.6438,51.1783],[44.7892,51.1485],[44.8967,51.163],[45.0685,51.1192],[45.0874,51.079],[45.1924,51.0434],[45.2041,50.9685],[45.3258,50.8623],[45.276,50.7214],[45.2313,50.698],[45.1934,50.5852],[45.4897,50.6049],[45.7076,50.586],[45.6786,50.667],[45.7442,50.7573],[45.893,50.75],[46.0354,50.6652],[46.0615,50.5262],[46.2784,50.5277],[46.3476,50.5554],[46.4653,50.5462],[46.4584,50.6172],[46.5685,50.6148],[46.6257,50.6809],[46.7421,50.6587],[46.8708,50.5772],[46.9124,50.4897],[47.0382,50.5097],[47.2056,50.5092],[47.2046,50.4299],[47.2722,50.3791],[47.4317,50.3779],[47.542,50.4608],[47.6112,50.4643],[47.6637,50.4084],[47.8286,50.3296],[47.9328,50.2477],[48.0092,50.1423],[48.0962,50.0993],[48.1332,49.9968],[48.2693,49.8602],[48.4503,49.8351],[48.7456,49.9213],[48.9034,50.0184],[48.848,50.0913],[48.7637,50.0979],[48.809,50.1704],[48.7324,50.2572],[48.6589,50.5278],[48.6518,50.6015],[48.8147,50.5955],[49.0093,50.6822],[49.1262,50.7846],[49.4199,50.8489],[49.4081,50.961],[49.3385,50.9871],[49.3928,51.0901],[49.5544,51.11],[49.7762,51.1072],[49.911,51.201],[50.0383,51.251],[50.2446,51.281],[50.3731,51.3326],[50.3382,51.382],[50.4969,51.4277],[50.5469,51.465],[50.5377,51.589],[50.636,51.6292],[50.8126,51.6492],[50.7682,51.773],[50.7014,51.8197],[50.7017,51.933],[50.5201,51.9938],[50.3523,51.982],[50.2154,52.0362],[50.1596,52.0907],[49.9996,52.1729],[49.7981,52.1727],[49.7423,52.2489],[49.6594,52.2822],[49.6379,52.3401],[49.5202,52.3958],[49.348,52.3987],[49.3521,52.4647],[49.1715,52.4998],[48.9123,52.4685],[48.8342,52.542],[48.727,52.543],[48.693,52.6395],[48.5744,52.6273],[48.5192,52.6766],[48.3494,52.662],[48.3756,52.7682],[48.4286,52.8144],[48.197,52.7686],[48.1148,52.7954],[48.0638,52.676],[47.9337,52.6466],[47.8971,52.7246],[47.8124,52.7363],[47.7225,52.5683],[47.6794,52.5977],[47.5403,52.6105],[47.2066,52.5475],[47.1326,52.5856],[46.9861,52.5861],[46.9808,52.6377],[46.8011,52.6208],[46.7442,52.6114],[46.5716,52.7022],[46.489,52.6814],[46.3259,52.6808],[46.2676,52.6096],[46.1669,52.6079],[46.1417,52.5461],[46.0043,52.5079],[45.9621,52.3972],[45.7941,52.4163],[45.7707,52.4575],[45.6215,52.4777],[45.353,52.3965],[45.1483,52.4185],[45.0277,52.3161],[44.8531,52.4477],[44.6133,52.4807],[44.5351,52.4234],[44.4018,52.4071],[44.3168,52.3156],[44.0336,52.3278],[43.9105,52.3964],[43.7795,52.4275],[43.6731,52.3923],[43.5125,52.4011],[43.3362,52.3752],[43.3017,52.434],[43.1433,52.4384],[43.1172,52.3788],[43.0397,52.3706]]]},"properties":{"osm_id":72193,"name":"Саратовская область","iso":"RU-SAR","kind":"region","label":[46.6683,51.3103]}},
{"type":"Feature","geometry":{"type":"Polygon","coordinates":[[[38.289,51.2965],[38.3369,51.3042],[38.298,51.5215],[38.1832,51.6135],[38.1612,51.6704],[38.2242,51.6999],[38.3861,51.6837],[38.4825,51.7246],[38.3991,51.782],[38.4464,51.8445],[38.4291,51.9447],[38.2926,51.9659],[38.2423,51.9235],[37.9228,51.8918],[37.8558,51.9074],[37.8217,51.9757],[37.738,52.0191],[37.7102,51.9703],[37.5079,52.0165],[37.4253,51.935],[37.3295,52.0082],[37.2385,52.016],[36.9938,52.1075],[36.9358,52.0952],[36.7922,52.1277],[36.7723,52.1612],[36.4961,52.2324],[36.4159,52.345],[36.2994,52.381],[36.1287,52.312],[36.0035,52.3105],[35.9515,52.2781],[35.812,52.2978],[35.7124,52.2549],[35.5954,52.3837],[35.6064,52.4374],[35.4314,52.4267],[35.402,52.374],[35.2862,52.3908],[35.1519,52.3361],[35.0304,52.3296],[34.9242,52.37],[34.9418,52.3143],[34.8633,52.2531],[34.869,52.2021],[34.6828,52.1873],[34.7428,52.0879],[34.6226,52.0406],[34.5455,52.0713],[34.4035,51.9938],[34.3641,51.9416],[34.3877,51.8438],[34.4229,51.7223],[34.1341,51.6887],[34.308,51.5154],[34.2227,51.4284],[34.3128,51.3345],[34.2376,51.2925],[34.3313,51.24],[34.3842,51.2738],[34.4843,51.2449],[34.6626,51.2474],[34.6688,51.1978],[34.8182,51.1692],[34.9502,51.226],[35.1503,51.2234],[35.123,51.1651],[35.2136,51.0465],[35.3044,51.0787],[35.4062,51.0482],[35.3524,50.9742],[35.4567,50.9546],[35.5709,50.9016],[35.734,50.9766],[35.8653,50.9586],[35.9962,51.0701],[35.9416,51.1315],[36.0117,51.1582],[36.1394,51.1097],[36.1855,51.1246],[36.3531,51.0916],[36.423,51.1209],[36.5434,51.1218],[36.6665,51.0861],[36.7908,51.1603],[36.9895,51.1882],[37.0967,51.2432],[37.1585,51.3204],[37.3102,51.334],[37.3837,51.3845],[37.7032,51.3572],[37.8475,51.4297],[37.9862,51.4204],[38.2282,51.3021],[38.289,51.2965]]]},"properties":{"osm_id":72223,"name":"Курская область","iso":"RU-KRS","kind":"region","label":[36.2998,51.6733]}},
{"type":"Feature","geometry":{"type":"Polygon","coordinates":[[[134.0098,46.649],[133.9138,46.5954],[133.8457,46.4811],[133.9274,46.4195],[133.8707,46.3613],[133.903,46.2519],[133.6818,46.1377],[133.7356,46.0541],[133.61,45.9415],[133.5766,45.8667],[133.5049,45.8887],[133.4617,45.8357],[133.4758,45.7805],[133.4401,45.6487],[133.3862,45.5779],[133.2129,45.5135],[133.141,45.434],[133.1044,45.2644],[133.1304,45.128],[133.0375,45.0564],[132.9386,45.0287],[132.8643,45.0575],[132.0034,45.252],[131.8278,45.3101],[131.7811,45.2438],[131.6744,45.2133],[131.6875,45.1299],[131.6244,45.0724],[131.4272,44.9651],[131.3501,44.9877],[131.2709,44.9213],[131.1522,44.9446],[131.0944,44.8943],[130.9771,44.8628],[131.1045,44.7075],[131.3032,44.0439],[131.2604,44.0323],[131.2516,43.9005],[131.206,43.8212],[131.2328,43.6657],[131.1938,43.5291],[131.2619,43.4942],[131.3112,43.3949],[131.2729,43.3754],[131.2487,43.2674],[131.1984,43.2342],[131.2102,43.1484],[131.1146,43.0669],[131.0961,43.0222],[131.1398,42.9431],[131.0103,42.9105],[130.8821,42.8506],[130.659,42.8451],[130.4593,42.77],[130.4057,42.7289],[130.4573,42.6861],[130.5214,42.7014],[130.5878,42.6651],[130.6272,42.5976],[130.5583,42.5048],[130.6696,42.3782],[130.6545,42.3248],[130.9189,42.1227],[131.5684,42.2287],[132.4773,42.3766],[133.0557,42.4706],[133.227,42.4931],[133.4996,42.5814],[133.7615,42.6088],[134.0252,42.6813],[134.1397,42.7374],[134.2484,42.8151],[134.4594,42.93],[134.8133,43.0992],[134.9159,43.1361],[135.0272,43.2219],[135.1547,43.2926],[135.2882,43.3345],[135.3811,43.4049],[135.4453,43.508],[135.6573,43.6481],[135.7494,43.7588],[135.8738,43.9383],[135.92,44.0505],[136.0652,44.2086],[136.1414,44.2621],[136.3089,44.3329],[136.4341,44.4355],[136.5414,44.5788],[136.6302,44.6194],[136.7429,44.7601],[136.8962,44.9076],[136.9899,44.9723],[137.1232,45.1118],[137.3081,45.2149],[137.5181,45.3961],[137.5893,45.4811],[137.8409,45.632],[137.9424,45.72],[138.0363,45.8539],[138.1623,45.9572],[138.3461,46.1316],[138.387,46.1943],[138.403,46.299],[138.5965,46.4436],[138.6457,46.566],[138.6538,46.6646],[138.7417,46.7644],[138.829,46.9467],[139.0013,47.0844],[139.1881,47.1688],[139.3094,47.3109],[139.0158,47.4022],[138.8626,47.4702],[138.7266,47.4416],[138.5369,47.4828],[138.5976,47.5221],[138.6318,47.6027],[138.528,47.6908],[138.7403,47.7703],[138.8334,47.8682],[138.7484,47.8925],[138.6947,47.9648],[138.5754,48.0476],[138.6383,48.1221],[138.7288,48.1536],[138.7024,48.2126],[138.6029,48.1809],[138.4631,48.318],[138.4999,48.3804],[138.3949,48.4437],[138.3067,48.4652],[138.2322,48.4427],[138.0996,48.3281],[137.9288,48.2291],[137.5707,48.2413],[137.4515,48.203],[137.322,48.097],[137.3375,48.0562],[137.516,47.9764],[137.6118,47.8968],[137.4826,47.8571],[137.4528,47.785],[137.5957,47.8051],[137.7767,47.721],[137.8763,47.7509],[137.9921,47.7225],[138.0535,47.671],[137.98,47.6238],[138.0745,47.5638],[138.0053,47.4656],[137.9059,47.4418],[137.913,47.4001],[137.7381,47.3294],[137.7065,47.3561],[137.5877,47.3008],[137.465,47.2126],[137.3337,47.2158],[137.247,47.2905],[137.1857,47.2634],[137.0806,47.3058],[137.0379,47.2849],[136.9523,47.1627],[136.9244,47.0785],[136.9749,47.0211],[136.8324,46.9558],[136.7383,46.8582],[136.6192,46.7954],[136.4012,46.8222],[136.3375,46.7763],[136.1603,46.8017],[136.1158,46.8521],[135.9452,46.7984],[135.8357,46.8293],[135.8069,46.8853],[135.5851,46.9772],[135.4296,46.9264],[135.3456,46.9307],[135.4303,47.0506],[135.2915,47.1279],[135.1012,47.2055],[134.9258,47.1318],[134.8435,47.1705],[134.6562,47.1177],[134.5937,47.0635],[134.5771,46.9936],[134.5112,46.9642],[134.4073,46.8666],[134.4726,46.7753],[134.3889,46.6763],[134.0098,46.649]]]},"properties":{"osm_id":151225,"name":"Приморский край","iso":"RU-PRI","kind":"region","label":[134.852,45.294]}},
{"type":"Feature","geometry":{"type":"Polygon","coordinates":[[[47.0737,60.8503],[47.0331,60.7257],[46.9644,60.6572],[47.0131,60.6245],[46.9526,60.5352],[46.8738,60.5135],[46.8717,60.4142],[46.7585,60.3648],[46.8163,60.2974],[46.763,60.2337],[46.636,60.2627],[46.5106,60.243],[46.4215,60.2644],[46.3296,60.2148],[46.378,60.1321],[46.5885,60.0804],[46.7609,60.062],[46.8908,60.0758],[46.9206,60.1232],[47.0348,60.1264],[46.9223,59.7655],[47.1529,59.7522],[47.1178,59.599],[47.0489,59.3693],[47.2477,59.3526],[47.2094,59.2012],[47.5187,59.0608],[47.5916,58.9739],[47.4929,58.8953],[47.3192,58.9283],[47.2736,58.9079],[47.2297,58.7721],[47.0771,58.7566],[47.0021,58.6908],[47.0179,58.6186],[46.6611,58.5703],[46.5605,58.4805],[46.5793,58.3991],[46.3968,58.3724],[46.4162,58.215],[46.3352,58.1656],[46.3449,58.0622],[46.435,58.0046],[46.5865,58.0278],[47.2969,58.0157],[47.6991,57.9406],[47.7718,57.8887],[47.6171,57.8592],[47.578,57.8104],[47.6056,57.7411],[47.5352,57.6893],[47.4814,57.5152],[47.2647,57.5612],[47.0219,57.4878],[46.84,57.5062],[46.761,57.3666],[46.6832,57.3409],[46.8087,57.2682],[46.8382,57.1771],[46.7974,57.0429],[46.7215,56.9634],[46.8193,56.9211],[47.1019,56.9232],[47.1342,56.8073],[47.2638,56.8074],[47.4349,56.8829],[47.6024,56.9248],[47.6634,56.9838],[47.7689,57.0016],[47.9493,56.9867],[48.1335,56.9925],[48.1612,57.0529],[48.3289,57.1661],[48.4279,57.1132],[48.5811,57.1721],[48.8255,57.1658],[48.9494,57.0826],[49.0364,57.297],[49.2144,57.3096],[49.1385,57.1802],[49.2467,57.0436],[49.3916,57.0193],[49.6021,57.078],[49.6739,57.0473],[49.8272,56.8881],[50.041,56.8522],[50.1044,56.7923],[50.061,56.6592],[50.0814,56.6112],[50.1728,56.6503],[50.4305,56.6086],[50.4383,56.5506],[50.631,56.3383],[50.7528,56.3176],[50.8145,56.3469],[50.9173,56.2784],[50.8322,56.2406],[50.8773,56.1956],[50.9873,56.1878],[51.0325,56.1337],[51.208,56.1231],[51.3085,56.0687],[51.444,56.1274],[51.391,56.2325],[51.4038,56.2863],[51.1379,56.478],[51.1804,56.6846],[51.3932,56.6669],[51.3914,56.7666],[51.4834,56.7991],[51.5199,56.8833],[51.3437,56.9425],[51.3121,57.0194],[51.2198,57.086],[51.2084,57.2001],[51.1242,57.2433],[51.1653,57.4408],[51.4004,57.4682],[51.5301,57.4583],[51.8323,57.5714],[51.8831,57.6975],[51.9542,57.7669],[51.8722,57.8284],[51.8246,57.9139],[51.8977,58.0123],[51.7995,58.1214],[51.6871,58.1767],[51.7228,58.2503],[51.8178,58.2849],[51.8552,58.3741],[51.9647,58.4531],[52.17,58.4886],[52.3279,58.4358],[52.8431,58.3929],[52.8927,58.5336],[53.1795,58.5007],[53.2137,58.4014],[53.3737,58.3843],[53.6209,58.4743],[53.7913,58.455],[53.7031,58.6029],[53.738,58.6912],[53.9128,58.7548],[53.8276,58.8295],[53.7532,58.9653],[53.8658,59.034],[53.8243,59.1094],[53.3819,59.1564],[53.2211,59.358],[53.3559,59.4622],[53.451,59.7031],[53.5983,59.6878],[53.6295,59.7404],[53.6866,60.0093],[53.6281,60.1121],[53.4214,60.226],[53.3725,60.1567],[52.9273,60.1532],[52.4426,60.1866],[52.3174,60.2275],[52.0655,60.3085],[51.9739,60.2793],[51.7664,60.0859],[51.5513,59.9415],[51.4672,59.9156],[51.3903,59.9941],[51.1791,60.0489],[51.0477,60.0319],[50.831,59.8633],[50.7349,59.8708],[50.2903,59.8059],[50.2704,59.7479],[49.991,59.7791],[49.9858,59.723],[50.0849,59.6803],[49.8594,59.6553],[49.7984,59.4851],[49.8722,59.4785],[49.8689,59.3605],[49.8174,59.2105],[49.7285,59.1983],[49.5219,59.217],[49.5718,59.3931],[49.3445,59.4093],[49.3517,59.4651],[49.1512,59.5071],[49.0397,59.4824],[49.1015,59.6617],[48.5232,59.7068],[48.4999,60.0215],[48.4721,60.1323],[48.4922,60.1952],[48.7738,60.3177],[48.6763,60.3904],[48.5305,60.4004],[48.5551,60.4588],[48.4968,60.5173],[48.5607,60.5515],[48.4197,60.8372],[47.9665,60.8792],[47.956,60.9885],[47.8972,61.0168],[47.4633,61.0427],[47.1932,61.0674],[47.194,60.997],[47.1097,60.9434],[47.0737,60.8503]]]},"properties":{"osm_id":115100,"name":"Кировская область","iso":"RU-KIR","kind":"region","label":[50.0969,58.5641]}},
{"type":"Feature","geometry":{"type":"Polygon","coordinates":[[[90.4885,52.1956],[90.5899,52.311],[90.6884,52.3697],[90.72,52.4697],[90.895,52.601],[91.1186,52.6336],[91.2579,52.6367],[91.2634,52.7106],[91.3874,52.8339],[91.5052,52.9937],[91.4193,53.0891],[91.45,53.1357],[91.5759,53.1392],[91.7385,53.1777],[91.844,53.2974],[91.9237,53.3496],[91.9035,53.4261],[91.6251,53.5339],[91.5674,53.5969],[91.5679,53.7086],[91.4877,53.737],[91.4274,53.8617],[91.5641,54.0191],[91.5295,54.1241],[91.4165,54.2796],[91.2509,54.4148],[91.2602,54.5066],[90.9187,54.6536],[90.9457,54.8481],[90.7805,54.8713],[90.7792,54.9121],[90.5063,54.907],[90.5298,54.9898],[90.4992,55.0608],[90.2439,55.0789],[90.2169,55.1536],[90.1181,55.1088],[89.983,55.1213],[89.8815,55.0823],[89.7244,55.0685],[89.6644,55.0007],[89.5803,55.0879],[89.372,55.0426],[89.1673,55.1248],[89.0641,55.1201],[89.0865,55.1898],[89.0099,55.2337],[89.0114,55.3236],[88.9004,55.3404],[88.8709,55.3936],[88.7341,55.4312],[88.6013,55.4274],[88.5353,55.3435],[88.4444,55.3061],[88.5601,55.1197],[88.5393,55.0359],[88.6063,54.9635],[88.732,54.8929],[88.7542,54.7905],[88.6458,54.7652],[88.5954,54.6831],[88.5923,54.5406],[88.5038,54.4165],[88.3638,54.3821],[88.5812,54.3232],[88.6637,54.3284],[88.9061,54.4035],[88.9729,54.3175],[89.1598,54.3411],[89.2167,54.2498],[89.201,54.1834],[89.1273,54.1177],[89.0123,54.0807],[89.0075,54.0005],[89.0741,53.9565],[89.1968,53.9518],[89.1651,53.8854],[89.2391,53.8189],[89.038,53.7861],[88.9946,53.6569],[88.8884,53.5584],[88.7869,53.3829],[88.9105,53.3921],[88.9459,53.3174],[89.0365,53.2801],[89.0763,53.1555],[89.0082,53.0768],[88.9358,53.0456],[88.9412,52.9645],[89.0754,52.9582],[89.1167,52.9033],[89.2194,52.8578],[89.1374,52.7068],[89.0531,52.7058],[89.1104,52.5878],[89.0134,52.5526],[88.9868,52.4956],[88.6995,52.3638],[88.701,52.2706],[88.4753,52.1709],[88.3776,52.1776],[88.3669,52.1157],[88.2863,52.1117],[88.2525,52.0458],[88.1264,52.0682],[88.0876,52],[87.9453,51.8857],[87.8914,51.8126],[87.9896,51.7527],[88.0841,51.7583],[88.1068,51.7086],[88.0191,51.6644],[88.0031,51.5903],[87.9059,51.5264],[87.9408,51.4748],[88.0523,51.4665],[88.1322,51.4175],[88.1564,51.3485],[88.2587,51.3538],[88.4473,51.2841],[88.5745,51.32],[88.6411,51.3883],[88.7035,51.3949],[88.6576,51.5285],[88.792,51.554],[89.0734,51.5886],[89.0958,51.6272],[89.2076,51.6591],[89.2638,51.6412],[89.2365,51.5541],[89.4397,51.6068],[89.6328,51.5476],[89.6956,51.5554],[89.9522,51.7555],[90.0796,51.7309],[90.1362,51.7644],[90.0814,51.8195],[90.0452,51.9736],[90.159,52.0626],[90.1537,52.1544],[90.4885,52.1956]]]},"properties":{"osm_id":190911,"name":"Хакасия","iso":"RU-KK","kind":"region","label":[89.8904,53.3607]}},
{"type":"Feature","geometry":{"type":"Polygon","coordinates":[[[98.9692,52.1426],[98.9974,52.0865],[99.1325,52.0242],[99.2761,52.0186],[99.3055,51.9575],[99.4983,51.9514],[99.6257,51.8927],[99.8012,51.9154],[99.8195,51.8478],[99.9093,51.7457],[100.0331,51.7333],[100.1034,51.7546],[100.4103,51.73],[100.5289,51.7501],[100.6878,51.7116],[100.9298,51.6068],[100.9902,51.6128],[101.1433,51.5201],[101.2429,51.5475],[101.3701,51.4558],[101.4998,51.5033],[101.9282,51.4167],[102.1243,51.3616],[102.1195,51.2795],[102.1511,51.0573],[102.2036,51.0395],[102.2411,50.9175],[102.2097,50.817],[102.3403,50.7325],[102.3023,50.6819],[102.4459,50.6457],[102.5254,50.5946],[102.5469,50.5268],[102.6106,50.5064],[102.6477,50.4022],[102.7584,50.379],[102.9419,50.3055],[103.1775,50.3329],[103.2764,50.2849],[103.2563,50.1929],[103.4248,50.2117],[103.5142,50.1991],[103.6085,50.1441],[103.6842,50.1429],[103.9456,50.1792],[104.1082,50.1403],[104.2783,50.2012],[104.3967,50.3124],[104.5568,50.3069],[104.6992,50.3672],[104.8117,50.341],[104.8898,50.4078],[105.0081,50.3869],[105.1981,50.4115],[105.2984,50.4721],[105.4266,50.4442],[105.5251,50.458],[105.6089,50.4288],[105.8442,50.4404],[106.0747,50.3896],[106.0841,50.3334],[106.183,50.3397],[106.2612,50.2981],[106.5102,50.3413],[106.8157,50.2982],[106.9795,50.2089],[107.0719,50.0683],[107.2109,49.9998],[107.383,49.9776],[107.7543,49.9706],[107.7855,50.0646],[107.7342,50.1112],[107.8395,50.2079],[107.9274,50.2315],[107.9675,50.3215],[108.1077,50.3073],[108.2228,50.4168],[108.3392,50.3941],[108.5315,50.4722],[108.6551,50.4645],[108.6791,50.5373],[108.513,50.549],[108.4825,50.5945],[108.3383,50.6193],[108.2381,50.6659],[108.1819,50.6499],[108.0607,50.774],[108.2648,50.8233],[108.2609,50.9009],[108.3416,51.0631],[108.4539,51.0536],[108.5628,51.1206],[108.5579,51.1773],[108.4664,51.2079],[108.4614,51.2954],[108.501,51.4051],[108.617,51.4088],[108.6822,51.5034],[108.7854,51.4367],[108.9674,51.4406],[109.052,51.51],[109.1191,51.432],[109.2442,51.3697],[109.4344,51.4252],[109.6204,51.4491],[109.8342,51.553],[110.0588,51.6213],[110.1103,51.5998],[110.2843,51.6024],[110.5219,51.5026],[110.7105,51.5166],[110.8355,51.6499],[110.9322,51.7197],[111.0004,51.7245],[111.0158,51.7919],[111.1485,51.833],[111.2883,51.8394],[111.3474,51.8777],[111.4599,51.8705],[111.5151,51.9136],[111.7119,51.9759],[111.7725,52.0669],[111.8946,52.119],[111.9346,52.1974],[112.0084,52.2087],[112.0736,52.2847],[112.4102,52.2153],[112.5074,52.2462],[112.5466,52.3458],[112.6791,52.3548],[112.7356,52.3264],[113.0931,52.4037],[113.152,52.4536],[113.487,52.4708],[113.5907,52.4488],[113.6401,52.5292],[114.082,52.6796],[114.2244,52.8124],[114.2533,52.9327],[114.3169,52.9787],[114.3296,53.0603],[114.1698,53.0867],[114.2057,53.1787],[114.1133,53.1839],[113.9813,53.2362],[113.9244,53.284],[113.9467,53.3466],[113.8272,53.4165],[113.883,53.5231],[113.8249,53.6316],[113.9761,53.6493],[113.9847,53.7228],[114.1604,53.759],[114.2937,53.7544],[114.3655,53.8154],[114.4968,53.8101],[114.5781,53.8856],[114.8675,53.9544],[115.0152,54.0291],[115.0126,54.0724],[115.1429,54.118],[115.1631,54.1904],[115.2485,54.2073],[115.3469,54.2701],[115.4931,54.3089],[115.4972,54.3733],[115.6058,54.4149],[116.1759,54.5115],[116.4024,54.5022],[116.6372,54.5073],[116.7266,54.5409],[116.7806,54.6065],[116.8499,54.7718],[116.9184,54.8266],[116.8748,54.8773],[116.8412,55.0343],[116.7606,55.1169],[116.6925,55.1197],[116.4756,55.2275],[116.4505,55.3257],[116.3523,55.3845],[116.2394,55.3534],[115.9753,55.356],[115.9026,55.406],[115.9605,55.4467],[115.878,55.4947],[115.9159,55.5738],[115.8354,55.8549],[115.9052,55.9271],[115.7794,55.9865],[115.7659,56.1773],[115.693,56.2715],[115.675,56.4058],[115.7998,56.4395],[115.6985,56.4857],[115.6871,56.5657],[115.5194,56.5735],[115.412,56.6061],[115.4523,56.6658],[115.5577,56.6943],[115.6142,56.7719],[115.585,56.8788],[115.7297,56.9622],[115.8222,57.0024],[116.0664,57.0572],[116.1061,57.0991],[116.2519,57.1388],[116.1539,57.2304],[116.0283,57.2228],[115.845,57.2483],[115.6691,57.1348],[115.329,57.0959],[115.2543,57.1191],[115.0685,57.1116],[115.0068,56.9712],[114.829,56.8169],[114.7946,56.7052],[114.5486,56.6966],[114.4049,56.6683],[114.1524,56.6971],[114.0964,56.6234],[113.858,56.5187],[113.7926,56.6106],[113.4827,56.6816],[113.3651,56.626],[113.0779,56.6826],[112.8678,56.6858],[112.8738,56.723],[112.7342,56.7597],[112.6791,56.8572],[112.7381,56.9481],[112.5498,56.9454],[112.4046,56.8574],[112.2153,56.8575],[112.0847,56.9558],[111.8718,56.9479],[111.8305,56.9127],[111.6801,57.0004],[111.6142,57.0124],[111.6107,57.0987],[111.5262,57.1309],[111.3914,57.0311],[111.3422,56.8958],[111.2445,56.8925],[111.1617,56.823],[110.9821,56.8744],[110.8424,56.8406],[110.7121,56.8808],[110.6283,56.8368],[110.5081,56.8952],[110.2685,56.9521],[110.2136,56.9296],[110.0158,56.9754],[109.9152,56.926],[109.8534,56.8496],[109.8877,56.7956],[109.7691,56.7083],[109.6104,56.6965],[109.5441,56.7413],[109.4274,56.7379],[109.2315,56.6508],[109.1443,56.6795],[108.9049,56.5807],[108.6817,56.558],[108.7402,56.505],[108.6182,56.4134],[108.5488,56.3321],[108.6517,56.2411],[108.8165,56.2285],[108.923,56.1248],[108.9534,56.0284],[109.0877,56.0148],[109.2665,55.9611],[109.202,55.907],[108.9706,55.9391],[108.8229,55.8474],[108.7852,55.7724],[108.8095,55.7046],[108.7756,55.6109],[108.6814,55.6049],[108.7027,55.4985],[108.6392,55.4886],[108.6749,55.2947],[108.7832,55.2329],[108.7681,55.1432],[108.6945,55.0615],[108.7188,54.9009],[108.7119,54.667],[108.6336,54.5859],[108.6645,54.5377],[109.0677,54.4259],[109.0001,54.3339],[108.6356,54.0012],[108.4515,53.8485],[108.2974,53.6735],[108.0127,53.2337],[107.0016,52.7175],[106.1733,52.3625],[105.7818,51.9619],[105.5529,51.8324],[105.2924,51.745],[105.0011,51.6887],[104.5962,51.6294],[104.6699,51.3357],[104.5668,51.2857],[104.4867,51.3221],[104.4188,51.2896],[104.1943,51.2828],[104.0667,51.2052],[103.8101,51.1303],[103.8014,51.4348],[103.6241,51.4806],[103.4926,51.4634],[103.2422,51.5039],[103.2384,51.5704],[103.1816,51.6174],[103.2309,51.6692],[103.1834,51.7283],[103.2254,51.8061],[103.0747,51.8575],[103.0694,51.8965],[102.9175,51.9121],[102.8549,51.9714],[102.7635,51.9953],[102.5695,52.1633],[102.5666,52.2206],[102.3877,52.2686],[102.3001,52.2307],[102.156,52.2838],[102.0067,52.2119],[101.9248,52.2238],[101.9307,52.3173],[101.7829,52.3689],[101.6302,52.4803],[101.4547,52.5762],[101.41,52.634],[101.2935,52.6441],[101.2152,52.697],[101.0534,52.7645],[100.9164,52.7829],[100.8133,52.8651],[100.6558,52.9215],[100.4898,53.0569],[100.3774,53.1037],[100.3406,53.1673],[100.4207,53.2481],[100.3313,53.2905],[100.2857,53.3638],[99.9804,53.3291],[99.8524,53.2877],[99.8421,53.1974],[99.7186,53.1506],[99.5296,53.106],[99.3731,53.1019],[99.3685,53.0332],[99.2304,52.9633],[99.2308,52.8679],[99.1217,52.8731],[98.9355,52.9372],[98.8516,52.827],[98.9498,52.7871],[98.9389,52.671],[98.7871,52.6058],[98.829,52.5431],[98.6324,52.4224],[98.7425,52.2904],[98.9692,52.1426]]]},"properties":{"osm_id":145729,"name":"Бурятия","iso":"RU-BU","kind":"region","label":[108.1907,53.5113]}},
{"type":"Feature","geometry":{"type":"Polygon","coordinates":[[[51.444,56.1274],[51.6436,56.1224],[51.3975,56.0319],[51.4174,55.9602],[51.813,55.927],[52.0553,55.9489],[52.0689,55.9024],[52.2343,55.9483],[52.2065,56.0203],[52.3198,56.0726],[52.4579,56.0822],[52.5587,56.0355],[52.7364,56.0067],[52.8834,56.1131],[52.8473,56.1877],[52.7376,56.2212],[52.5854,56.2217],[52.778,56.3978],[52.9241,56.4008],[52.9714,56.5355],[53.0988,56.5009],[53.0065,56.4292],[52.9687,56.2799],[52.9999,56.1776],[53.0641,56.1298],[53.3328,56.0621],[53.3703,56.1024],[53.3067,56.2504],[53.4471,56.2712],[53.5753,56.237],[53.5681,56.1257],[53.4557,56.0832],[53.4516,56.0186],[53.2,55.926],[53.2406,55.8722],[53.3481,55.8553],[53.7039,55.9279],[53.8182,55.9722],[53.8454,56.0449],[53.9742,56.0054],[54.0358,56.0221],[54.0879,56.1083],[54.1995,56.2009],[54.3985,56.2647],[54.3721,56.374],[54.3288,56.4829],[54.2441,56.4582],[54.051,56.6036],[53.841,56.5967],[53.885,56.6625],[53.7941,56.7991],[53.8791,56.8085],[53.977,56.7513],[54.0613,56.7783],[54.1473,56.9166],[54.2283,56.9916],[54.3414,56.9732],[54.4361,57.031],[54.3138,57.0799],[54.3478,57.1584],[54.3112,57.306],[54.1423,57.3165],[54.1549,57.4011],[54.2925,57.4325],[54.1439,57.4839],[53.9923,57.5882],[54.0561,57.6806],[54.1483,57.7072],[54.1196,57.8095],[54.1326,57.9554],[53.9899,58.0697],[53.8813,58.2001],[53.7855,58.2366],[53.8867,58.3144],[53.7726,58.4206],[53.7913,58.455],[53.6209,58.4743],[53.3737,58.3843],[53.2137,58.4014],[53.1795,58.5007],[52.8927,58.5336],[52.8431,58.3929],[52.3279,58.4358],[52.17,58.4886],[51.9647,58.4531],[51.8552,58.3741],[51.8178,58.2849],[51.7228,58.2503],[51.6871,58.1767],[51.7995,58.1214],[51.8977,58.0123],[51.8246,57.9139],[51.8722,57.8284],[51.9542,57.7669],[51.8831,57.6975],[51.8323,57.5714],[51.5301,57.4583],[51.4004,57.4682],[51.1653,57.4408],[51.1242,57.2433],[51.2084,57.2001],[51.2198,57.086],[51.3121,57.0194],[51.3437,56.9425],[51.5199,56.8833],[51.4834,56.7991],[51.3914,56.7666],[51.3932,56.6669],[51.1804,56.6846],[51.1379,56.478],[51.4038,56.2863],[51.391,56.2325],[51.444,56.1274]]]},"properties":{"osm_id":115134,"name":"Удмуртия","iso":"RU-UD","kind":"region","label":[52.7801,57.1982]}},
{"type":"Feature","geometry":{"type":"Polygon","coordinates":[[[45.4889,44.01],[45.7127,43.9625],[46.0721,43.9303],[46.0957,43.8607],[46.2182,43.8597],[46.2511,43.9459],[46.3363,43.9981],[46.4406,44.0029],[46.4511,43.8751],[46.5888,43.8703],[46.6501,43.831],[46.6302,43.7695],[46.5577,43.7602],[46.4176,43.5966],[46.4369,43.5376],[46.3276,43.4501],[46.3699,43.3417],[46.4244,43.2989],[46.388,43.1481],[46.4354,43.0841],[46.4963,42.945],[46.427,42.8571],[46.34,42.8912],[46.1232,42.8167],[46.1772,42.7359],[46.0157,42.676],[46.0281,42.619],[45.7751,42.4883],[45.7347,42.3783],[45.7536,42.3094],[45.6521,42.2921],[45.609,42.2338],[45.6475,42.1864],[45.8553,42.1137],[46.0387,42.0201],[46.2459,41.9791],[46.3207,41.9294],[46.3995,41.9402],[46.4485,41.8632],[46.5087,41.8897],[46.6215,41.8242],[46.7571,41.8626],[46.7656,41.801],[46.865,41.7203],[47.0123,41.6274],[47.039,41.558],[47.1092,41.5926],[47.1716,41.527],[47.2219,41.4188],[47.3004,41.3078],[47.3769,41.2723],[47.4985,41.2685],[47.5642,41.1981],[47.6178,41.2319],[47.7011,41.226],[47.7833,41.1851],[47.8845,41.2185],[47.8903,41.2877],[47.9913,41.3557],[48.0032,41.4163],[48.0648,41.4923],[48.203,41.5123],[48.3773,41.591],[48.5926,41.8429],[48.809,41.9613],[48.5573,42.1411],[48.3219,42.4434],[48.2214,42.5221],[48.1496,42.6395],[47.984,42.8318],[47.9653,42.9145],[47.9039,42.9996],[47.8131,43.0607],[47.7773,43.1377],[47.8217,43.2156],[47.8315,43.3195],[47.7937,43.4811],[47.8451,43.6358],[47.9329,43.7537],[48.0923,43.8682],[48.1434,43.9928],[48.091,44.1033],[48.0175,44.1553],[47.9144,44.1861],[47.6636,44.2104],[47.7927,44.3107],[47.84,44.3946],[47.8391,44.471],[47.7816,44.594],[47.6907,44.6582],[47.5041,44.6951],[47.4055,44.681],[47.1648,44.6053],[47.1533,44.6434],[47.2936,44.7189],[47.0411,44.7489],[46.9341,44.7349],[46.933,44.7914],[46.6289,44.8661],[46.5116,44.9296],[45.9693,44.9808],[45.7051,44.9774],[45.6135,44.874],[45.6566,44.7978],[45.4123,44.5942],[45.2607,44.5893],[45.2254,44.4671],[45.352,44.462],[45.4285,44.425],[45.3715,44.2901],[45.1367,44.2538],[45.1148,44.1927],[45.503,44.1757],[45.4889,44.01]]]},"properties":{"osm_id":109876,"name":"Дагестан","iso":"RU-DA","kind":"region","label":[46.9562,43.0884]}},
{"type":"Feature","geometry":{"type":"MultiPolygon","coordinates":[[[[41.3126,68.5977],[42.0605,67.8789],[42.5748,67.3715],[42.9544,66.9899],[43.641,66.708],[44.2495,66.4362],[44.5208,66.3616],[44.5895,66.2976],[44.8549,66.2306],[45.2675,66.1782],[45.7033,66.0833],[45.8485,66.0854],[46.3471,66.0383],[46.7704,65.9353],[47.1448,65.8213],[47.4713,65.8439],[47.7384,65.821],[47.8435,65.8553],[47.7492,65.9065],[47.911,66.0323],[48.0291,66.0133],[48.0846,66.1293],[49.0005,66.1136],[49.7785,66.3213],[51.5449,66.775],[51.4839,66.8345],[51.6191,66.9485],[51.6976,66.9208],[52.0554,67.0284],[52.1522,67.1012],[53.8755,67.0015],[55.1503,67.0004],[56.3781,67.0004],[57.2949,67.0004],[58.918,67.0004],[59.9781,67.0005],[61.321,67.0006],[61.3799,66.975],[61.7161,67.0306],[61.7311,67.0942],[62.8656,67.37],[62.9173,67.4481],[62.8378,67.5169],[62.9466,67.6058],[63.1096,67.6455],[63.1606,67.6956],[63.3079,67.7143],[63.4294,67.7695],[63.5544,67.7331],[63.721,67.7367],[63.7062,67.8051],[63.9253,67.851],[63.9482,67.9466],[63.8775,68.0288],[64.2169,68.1138],[64.374,68.1344],[64.4473,68.1994],[64.5836,68.2],[64.5282,68.3258],[64.8233,68.4093],[65.0199,68.3825],[65.1151,68.4151],[65.3187,68.3953],[65.4738,68.4184],[65.6091,68.4905],[65.6526,68.5838],[65.4361,68.6468],[65.3527,68.7424],[65.3967,68.7933],[65.0853,68.811],[64.8095,68.8777],[64.5573,68.8676],[64.6246,68.9327],[64.5181,68.9789],[64.5389,69.0288],[64.7115,69.0796],[64.8595,69.1726],[65.0314,69.2014],[65.1318,69.3387],[64.965,69.5639],[64.7021,69.6418],[64.4047,69.7063],[63.9388,69.7841],[63.2891,69.8736],[62.8566,69.9127],[62.1798,69.9329],[61.6168,70.0054],[61.3822,70.0522],[60.6697,70.1229],[60.4567,70.2349],[60.0779,70.3331],[59.8393,70.4696],[59.4265,70.6252],[58.8509,70.7304],[57.8842,70.4422],[57.2086,70.2199],[57.8972,70.0709],[58.147,69.9259],[58.6686,69.7153],[59.153,69.5667],[59.6258,69.4853],[59.7133,69.413],[60.0812,69.1913],[60.108,69.0811],[60.3111,68.9584],[60.2302,68.899],[60.0752,68.9607],[60.0745,69.0433],[59.866,69.1969],[59.8115,69.2957],[59.6782,69.3784],[59.4917,69.439],[59.2377,69.4899],[58.9652,69.6176],[58.7717,69.6639],[58.3962,69.6778],[58.0951,69.626],[57.9655,69.5618],[57.9088,69.4264],[58.0162,69.3393],[58.3574,69.1916],[58.5185,69.138],[57.6296,68.9677],[57.2181,68.9293],[56.6277,69.0114],[55.9247,69.0555],[55.5043,69.131],[54.7218,69.1833],[54.4485,69.1896],[53.9589,69.1731],[53.3111,69.0967],[53.0591,69.0477],[52.5302,68.9183],[51.9068,68.7408],[51.5888,68.6862],[51.0578,68.6829],[50.755,68.6377],[50.5422,68.5739],[50.256,68.4351],[49.5267,68.1857],[49.0204,68.0516],[48.7236,68.1109],[48.5254,68.1113],[47.1113,68.033],[47.0694,68.1645],[46.8702,68.4105],[46.7074,68.4978],[46.1957,68.6232],[45.7375,68.7029],[45.3742,68.7354],[44.7658,68.7518],[44.188,68.7352],[44.0207,68.7868],[43.62,68.8568],[43.2428,68.8655],[43.07,68.8475],[41.3126,68.5977]]],[[[47.6549,68.9229],[47.7107,68.7342],[47.8739,68.6233],[48.2487,68.5285],[49.1757,68.4565],[49.6324,68.4723],[49.9151,68.5194],[50.0792,68.5776],[50.5898,68.8509],[50.8019,68.9974],[50.8713,69.1239],[50.8239,69.22],[50.6106,69.3655],[50.4357,69.4319],[50.123,69.5126],[49.6832,69.6488],[49.3803,69.6939],[48.843,69.6905],[48.3938,69.6179],[48.0921,69.5069],[47.8452,69.3687],[47.6787,69.1192],[47.6549,68.9229]]]]},"properties":{"osm_id":274048,"name":"Ненецкий автономный округ","iso":"RU-NEN","kind":"region","label":[53.4915,68.2757]}},
{"type":"Feature","geometry":{"type":"Polygon","coordinates":[[[45.7051,44.9774],[45.9693,44.9808],[46.5116,44.9296],[46.6289,44.8661],[46.933,44.7914],[46.9341,44.7349],[47.0411,44.7489],[47.2936,44.7189],[47.3613,44.7928],[47.4998,44.9917],[47.558,45.1297],[47.6155,45.2065],[47.71,45.2331],[47.6644,45.0833],[47.7414,45.0978],[47.8268,45.2623],[47.5514,45.4047],[47.5639,45.4955],[47.5001,45.5712],[47.4891,45.6453],[47.296,45.6768],[47.2841,45.6473],[47.1528,45.6099],[46.969,45.6189],[46.8141,45.5654],[46.6939,45.6485],[46.4777,45.7005],[46.5498,45.798],[46.4119,45.816],[46.2954,45.9144],[46.3106,45.963],[46.4549,45.9654],[46.4493,46.1776],[46.5012,46.2809],[46.4008,46.3206],[46.5047,46.3758],[46.5609,46.3543],[46.663,46.4409],[46.8647,46.4572],[46.9647,46.4455],[46.9503,46.5245],[46.8662,46.6196],[46.9572,46.7154],[46.9788,46.8742],[46.9622,46.9742],[46.8171,46.9922],[46.7392,47.0739],[46.5363,47.4034],[46.6693,47.482],[46.8731,47.5489],[46.7611,47.6076],[46.6855,47.6017],[46.3989,47.4133],[46.2672,47.4207],[46.008,47.5648],[45.9217,47.6447],[45.8999,47.717],[45.8413,47.7202],[45.784,47.8144],[45.7397,47.8312],[45.7139,47.9312],[45.7566,48.0013],[45.6985,48.0323],[45.5504,47.9938],[45.3794,48.0998],[45.2661,48.1055],[45.1676,48.222],[44.961,48.2709],[44.9097,48.2194],[44.9257,48.1202],[44.8098,48.0506],[44.5411,48.0505],[44.5442,48.1881],[44.3264,48.2388],[44.3251,48.0413],[44.4239,48.0424],[44.4232,47.9557],[44.3591,47.8516],[44.0826,47.8994],[43.9458,47.7531],[43.8714,47.7608],[43.7151,47.7178],[43.6676,47.5489],[43.7112,47.4742],[43.7879,47.3554],[43.7959,47.2688],[43.9395,47.2588],[43.9257,47.3287],[43.9641,47.4002],[44.1326,47.4135],[44.1351,47.5449],[44.2341,47.5491],[44.2329,47.4785],[44.3122,47.4779],[44.3242,47.1424],[44.2485,46.8897],[44.1569,46.8232],[44.0868,46.8355],[44.034,46.765],[43.9131,46.7159],[43.882,46.6235],[43.8128,46.5719],[43.9306,46.535],[43.9239,46.3873],[43.8897,46.3138],[43.8097,46.3811],[43.751,46.3612],[43.6303,46.1754],[43.5383,46.1572],[43.3392,46.1671],[42.9317,46.4469],[42.7811,46.4028],[42.7691,46.3687],[42.5985,46.3839],[42.3971,46.5111],[42.2004,46.5584],[42.0446,46.5342],[42.1007,46.3745],[42.1642,46.3827],[42.1704,46.2978],[41.9623,46.298],[41.9111,46.2551],[41.8626,46.1442],[41.7385,46.1858],[41.6378,46.1761],[41.7019,46.0521],[41.7144,45.9824],[42.0829,45.9664],[42.1516,45.9431],[42.1707,46.1115],[42.332,46.1354],[42.318,45.9697],[42.5574,46.0083],[42.672,46.0899],[42.7365,46.0906],[42.9318,46.2361],[43.0017,46.1693],[43.3104,46.0899],[43.4552,45.9929],[43.7486,45.9789],[43.9194,45.944],[44.0912,45.7964],[44.1244,45.6905],[44.1812,45.6354],[44.319,45.5513],[44.4517,45.5071],[44.5526,45.4994],[44.7428,45.4349],[44.8297,45.4376],[44.8951,45.3874],[45.1938,45.2839],[45.5863,45.1211],[45.716,44.9958],[45.7051,44.9774]],[[46.444,45.4527],[46.4573,45.4829],[46.6464,45.5046],[46.6601,45.5474],[46.8846,45.5237],[46.7906,45.4744],[46.6387,45.4805],[46.6252,45.4388],[46.444,45.4527]]]},"properties":{"osm_id":108083,"name":"Калмыкия","iso":"RU-KL","kind":"region","label":[44.7306,46.4949]}},
{"type":"Feature","geometry":{"type":"Polygon","coordinates":[[[75.1313,58.6639],[75.1993,58.6187],[75.1094,58.5757],[75.3768,58.4541],[75.0567,58.3392],[75.2425,58.2026],[75.0715,58.1168],[75.5658,57.9346],[75.5761,57.8788],[75.55,57.6252],[75.7041,57.625],[75.8483,57.3858],[75.9654,57.3937],[76.0947,57.2353],[76.6956,57.2128],[76.9479,57.1683],[77.7828,57.1741],[78.4475,57.1654],[78.4321,57.1173],[79.1982,57.001],[79.5886,56.9232],[80.1354,56.518],[80.2609,56.4326],[80.5441,56.4562],[81.2203,56.5376],[81.5734,56.2419],[81.9919,56.3335],[82.1599,56.3349],[82.3928,56.3817],[82.8184,56.4372],[82.8631,56.535],[83.0446,56.5201],[83.1087,56.5503],[83.2884,56.4428],[83.1442,56.3759],[83.193,56.328],[83.0648,56.2305],[83.2131,56.1947],[83.1289,56.1214],[83.2213,56.0862],[83.2296,56.012],[83.377,55.9179],[83.2108,55.7303],[83.3152,55.7033],[83.4157,55.7264],[83.5854,55.6708],[83.7354,55.786],[83.8068,55.8973],[83.9502,56.0151],[84.0864,56.0184],[84.21,56.0599],[84.3426,55.981],[84.4479,56.0416],[84.888,56.1614],[84.9869,56.1078],[85.2019,56.2169],[85.3738,56.2054],[85.6699,56.2129],[85.5712,56.2671],[85.628,56.3172],[85.8025,56.3399],[85.8043,56.4121],[85.9866,56.4367],[86.0006,56.4823],[86.107,56.5392],[86.1889,56.6168],[86.3389,56.6361],[86.3902,56.5507],[86.5325,56.5772],[86.6782,56.6433],[86.8488,56.5559],[87.118,56.5356],[87.1998,56.5617],[87.1478,56.6299],[87.3495,56.6352],[87.3646,56.593],[87.5967,56.6637],[87.7023,56.5518],[88.142,56.7094],[88.4248,56.8351],[88.5247,56.769],[88.5966,56.802],[88.7146,57.0923],[88.517,57.0904],[88.6225,57.2093],[88.7342,57.208],[88.8651,57.4436],[89.0636,57.4576],[89.1303,57.6153],[89.2115,57.5941],[89.3552,57.6157],[89.358,57.9037],[89.2964,57.949],[88.859,57.9552],[88.6873,58.0362],[88.1067,58.1128],[88.017,58.2143],[87.924,58.5113],[88.3827,58.8931],[88.8287,59.0226],[88.5758,59.2122],[88.6265,59.2951],[87.9022,59.2562],[87.5142,59.6644],[87.1741,59.6825],[87.078,59.8791],[86.6365,59.9487],[85.9985,59.9471],[85.4994,59.8832],[84.7075,59.8921],[84.5811,59.9621],[84.6335,60.0298],[84.616,60.1685],[84.7383,60.2518],[84.7196,60.3054],[84.7915,60.3524],[84.3469,60.8021],[84.2631,60.8625],[83.9497,60.8362],[83.4769,61.0357],[83.1567,61.0268],[82.3765,60.7069],[82.4096,60.6082],[82.1673,60.5163],[81.8795,60.6398],[81.5843,60.638],[81.4587,60.6071],[81.1042,60.642],[81.0524,60.7557],[80.7048,60.8028],[80.6391,60.7707],[80.405,60.7502],[80.201,60.6753],[79.9485,60.6701],[79.6789,60.6812],[79.3989,60.6358],[79.2885,60.7207],[79.3161,60.7739],[79.2213,60.8244],[78.9615,60.81],[78.799,60.7529],[78.6979,60.8252],[78.4873,60.7639],[78.1944,60.8024],[78.0883,60.7968],[77.97,60.7407],[77.7043,60.82],[77.4492,60.81],[77.1105,60.8585],[77.0708,60.7973],[77.111,60.7475],[76.9588,60.6266],[77.0451,60.5896],[77.0479,60.5089],[76.8292,60.4669],[76.7624,60.3324],[76.8655,60.2707],[76.8339,60.1865],[76.714,60.115],[76.7724,60.0657],[76.7405,59.7112],[76.6684,59.685],[76.6649,59.5712],[76.5025,59.5438],[76.1772,59.53],[75.9878,59.3826],[75.8982,59.4003],[75.8403,59.281],[75.6381,59.2117],[75.7276,59.0154],[75.6354,58.9123],[75.1313,58.6639]]]},"properties":{"osm_id":140295,"name":"Томская область","iso":"RU-TOM","kind":"region","label":[82.2178,58.3208]}},
{"type":"Feature","geometry":{"type":"Polygon","coordinates":[[[43.0397,52.3706],[43.0813,52.4047],[43.0242,52.4874],[43.2203,52.6368],[43.1936,52.7173],[42.9526,52.9336],[42.7588,53.0166],[42.568,53.1825],[42.421,53.2717],[42.3796,53.3274],[42.2524,53.3689],[42.3016,53.4258],[42.2555,53.4853],[42.1095,53.5153],[42.1269,53.7084],[42.0817,53.748],[42.1436,53.8028],[41.842,53.82],[41.5477,53.8113],[41.498,53.7728],[41.3631,53.7662],[41.3539,53.5254],[41.1859,53.4729],[41.1451,53.4166],[41.0399,53.4298],[41.0375,53.4779],[40.7009,53.5562],[40.5032,53.4577],[40.4099,53.461],[40.4253,53.3882],[40.3698,53.3398],[40.1707,53.3126],[40.097,53.2757],[40.1553,53.0462],[40.0372,52.894],[40.0958,52.8795],[40.0833,52.7546],[39.9293,52.7202],[39.9767,52.5968],[40.2963,52.4413],[40.2934,52.392],[40.5128,52.3549],[40.5723,52.2777],[40.6603,52.2859],[40.6963,52.2297],[40.6017,52.113],[40.6066,52.0332],[40.5341,51.9457],[40.8457,51.922],[40.9484,51.8607],[40.882,51.7387],[41.0629,51.7203],[41.2962,51.7383],[41.2807,51.792],[41.586,51.769],[41.6358,51.7329],[41.8436,51.7087],[41.9606,51.6564],[42.0704,51.6575],[42.229,51.719],[42.3443,51.5881],[42.4828,51.6314],[42.5208,51.5964],[42.5216,51.7192],[42.65,51.791],[42.7126,51.8856],[42.7132,51.996],[42.7646,52.018],[42.7672,52.1551],[42.8888,52.2121],[42.9421,52.3366],[43.0397,52.3706]]]},"properties":{"osm_id":72180,"name":"Тамбовская область","iso":"RU-TAM","kind":"region","label":[41.5819,52.7053]}},
{"type":"Feature","geometry":{"type":"Polygon","coordinates":[[[39.1799,49.8887],[39.2856,49.7552],[39.4428,49.7604],[39.5915,49.7191],[39.6602,49.615],[39.8064,49.5581],[39.9517,49.5977],[40.1355,49.6171],[40.2775,49.6284],[40.3746,49.5876],[40.5493,49.581],[40.637,49.673],[40.779,49.6672],[40.7959,49.7012],[40.921,49.7005],[41.0471,49.8092],[41.0821,49.9434],[41.1929,50.0118],[41.2978,50.0215],[41.3837,50.1139],[41.2889,50.1632],[41.401,50.2028],[41.5222,50.3626],[41.4205,50.4989],[41.4478,50.6062],[41.3467,50.7116],[41.1689,50.7763],[41.3935,50.8423],[41.4728,50.9513],[41.7729,51.0156],[41.8578,51.159],[41.9281,51.1941],[42.0873,51.148],[42.294,51.137],[42.5955,51.1531],[42.7084,51.2476],[42.8809,51.233],[42.9473,51.2672],[42.8581,51.3167],[42.8325,51.3925],[42.7504,51.4924],[42.5661,51.538],[42.5208,51.5964],[42.4828,51.6314],[42.3443,51.5881],[42.229,51.719],[42.0704,51.6575],[41.9606,51.6564],[41.8436,51.7087],[41.6358,51.7329],[41.586,51.769],[41.2807,51.792],[41.2962,51.7383],[41.0629,51.7203],[40.882,51.7387],[40.9484,51.8607],[40.8457,51.922],[40.5341,51.9457],[40.354,51.9655],[40.3094,51.9445],[40.1271,51.9856],[40.0425,51.9522],[39.9288,51.9704],[39.8408,51.9211],[39.5032,51.9741],[39.4732,52.0735],[39.2994,52.103],[39.0869,52.0344],[39.015,51.9848],[38.8772,52.0966],[38.7418,52.0417],[38.5555,52.0555],[38.3996,51.9875],[38.2926,51.9659],[38.4291,51.9447],[38.4464,51.8445],[38.3991,51.782],[38.4825,51.7246],[38.3861,51.6837],[38.2242,51.6999],[38.1612,51.6704],[38.1832,51.6135],[38.298,51.5215],[38.3369,51.3042],[38.289,51.2965],[38.3353,51.2561],[38.4343,51.2858],[38.4838,51.1623],[38.4117,51.166],[38.3877,51.0771],[38.4841,51.0772],[38.588,51.0122],[38.6994,51.0221],[38.8035,51.0742],[38.8646,51.0059],[38.8048,50.9839],[38.8784,50.9097],[38.7404,50.9049],[38.7115,50.792],[38.779,50.719],[38.8549,50.7157],[39.1193,50.6246],[39.081,50.5307],[39.0148,50.4555],[39.0441,50.3164],[39.1178,50.2681],[39.1598,50.1409],[39.223,50.0459],[39.1799,49.8887]]]},"properties":{"osm_id":72181,"name":"Воронежская область","iso":"RU-VOR","kind":"region","label":[40.5425,50.8306]}},
{"type":"Feature","geometry":{"type":"Polygon","coordinates":[[[88.3776,52.1776],[88.4753,52.1709],[88.701,52.2706],[88.6995,52.3638],[88.9868,52.4956],[89.0134,52.5526],[89.1104,52.5878],[89.0531,52.7058],[89.1374,52.7068],[89.2194,52.8578],[89.1167,52.9033],[89.0754,52.9582],[88.9412,52.9645],[88.9358,53.0456],[89.0082,53.0768],[89.0763,53.1555],[89.0365,53.2801],[88.9459,53.3174],[88.9105,53.3921],[88.7869,53.3829],[88.8884,53.5584],[88.9946,53.6569],[89.038,53.7861],[89.2391,53.8189],[89.1651,53.8854],[89.1968,53.9518],[89.0741,53.9565],[89.0075,54.0005],[89.0123,54.0807],[89.1273,54.1177],[89.201,54.1834],[89.2167,54.2498],[89.1598,54.3411],[88.9729,54.3175],[88.9061,54.4035],[88.6637,54.3284],[88.5812,54.3232],[88.3638,54.3821],[88.5038,54.4165],[88.5923,54.5406],[88.5954,54.6831],[88.6458,54.7652],[88.7542,54.7905],[88.732,54.8929],[88.6063,54.9635],[88.5393,55.0359],[88.5601,55.1197],[88.4444,55.3061],[88.5353,55.3435],[88.6013,55.4274],[88.6702,55.5165],[88.9026,55.6453],[89.3368,55.7664],[89.4007,55.8563],[89.3031,55.8965],[89.2416,55.9928],[89.268,56.0709],[89.1274,56.1849],[89.0373,56.2013],[89.0403,56.3008],[88.8625,56.3732],[88.6951,56.3664],[88.6965,56.4182],[88.5934,56.4307],[88.5009,56.6219],[88.6631,56.6198],[88.674,56.6801],[88.5966,56.802],[88.5247,56.769],[88.4248,56.8351],[88.142,56.7094],[87.7023,56.5518],[87.5967,56.6637],[87.3646,56.593],[87.3495,56.6352],[87.1478,56.6299],[87.1998,56.5617],[87.118,56.5356],[86.8488,56.5559],[86.6782,56.6433],[86.5325,56.5772],[86.3902,56.5507],[86.3389,56.6361],[86.1889,56.6168],[86.107,56.5392],[86.0006,56.4823],[85.9866,56.4367],[85.8043,56.4121],[85.8025,56.3399],[85.628,56.3172],[85.5712,56.2671],[85.6699,56.2129],[85.3738,56.2054],[85.2019,56.2169],[84.9869,56.1078],[84.888,56.1614],[84.4479,56.0416],[84.5712,56.0048],[84.5362,55.9222],[84.469,55.873],[84.6078,55.7996],[84.54,55.7181],[84.7417,55.6417],[84.7838,55.5242],[84.7556,55.4675],[84.6208,55.4042],[84.6919,55.3726],[84.8562,55.3739],[84.9127,55.2752],[84.8154,55.2277],[84.927,55.1637],[84.9056,55.0587],[84.837,54.9969],[84.9715,54.9448],[85.0881,54.8164],[85.0027,54.8],[84.9018,54.7271],[85.0041,54.6799],[84.9312,54.6088],[85.116,54.4378],[85.16,54.4531],[85.4178,54.1855],[85.5385,54.2246],[85.7486,54.1633],[85.8713,54.0376],[86.1243,53.9809],[86.1856,53.8112],[86.3004,53.83],[86.392,53.5985],[86.5383,53.5271],[86.869,53.4514],[86.8747,53.3602],[86.752,53.2482],[86.6306,53.25],[86.644,53.1814],[86.7886,53.1384],[86.8571,53.0939],[87.0015,53.0627],[87.0323,53.0026],[87.0054,52.8927],[86.9124,52.847],[86.9463,52.7893],[87.0532,52.7049],[87.1687,52.6961],[87.1269,52.6153],[87.298,52.5922],[87.4283,52.4995],[87.5423,52.4829],[87.6533,52.4224],[87.7574,52.4847],[87.9314,52.5361],[88.2521,52.3999],[88.3689,52.4427],[88.4639,52.3415],[88.4033,52.3117],[88.3776,52.1776]]]},"properties":{"osm_id":144763,"name":"Кемеровская область","iso":"RU-KEM","kind":"region","label":[86.9253,54.4989]}},
{"type":"Feature","geometry":{"type":"Polygon","coordinates":[[[19.4042,54.6039],[19.6469,54.4534],[20.332,54.4011],[20.6224,54.371],[21.0067,54.3536],[21.2744,54.3284],[21.4958,54.324],[22.2601,54.3406],[22.785,54.3638],[22.7021,54.4532],[22.6863,54.5909],[22.7431,54.6268],[22.7417,54.7283],[22.8736,54.7889],[22.8552,54.8879],[22.6038,55.0133],[22.5892,55.0702],[22.4661,55.0444],[22.2869,55.0647],[22.1012,55.0242],[21.9664,55.074],[21.7246,55.1325],[21.6492,55.1808],[21.5073,55.1855],[21.3844,55.2937],[21.271,55.245],[20.9538,55.2808],[20.6557,55.3842],[20.4011,55.1806],[20.2018,55.1602],[19.9511,55.1602],[19.8239,55.14],[19.7047,55.0846],[19.6058,54.9796],[19.584,54.9091],[19.6177,54.8271],[19.5776,54.7368],[19.4042,54.6039]]]},"properties":{"osm_id":103906,"name":"Калининградская область","iso":"RU-KGD","kind":"region","label":[21.1454,54.8512]}},
{"type":"Feature","geometry":{"type":"MultiPolygon","coordinates":[[[[163.2652,64.6938],[163.1772,64.6193],[163.2371,64.5115],[163.4106,64.4422],[163.3398,64.3009],[163.2221,64.2546],[163.1792,64.1585],[162.8657,64.1639],[162.8,64.104],[162.8227,64.0101],[162.9539,63.9229],[162.8588,63.8507],[162.7239,63.8216],[162.7407,63.7496],[162.8579,63.7237],[162.8687,63.6698],[162.9961,63.6245],[162.971,63.4804],[162.9335,63.4485],[162.6565,63.3653],[162.7695,63.3244],[162.7539,63.1661],[162.3026,63.0642],[162.2801,62.9041],[162.5433,62.8411],[162.6591,62.6908],[162.8274,62.6612],[162.6818,62.5716],[162.7824,62.4535],[162.7879,62.3127],[162.6936,62.2539],[162.4002,62.2401],[162.1644,62.1673],[162.2509,62.1246],[162.5255,62.0834],[162.4914,61.955],[162.2969,61.944],[162.4765,61.7994],[162.4692,61.6668],[162.2491,61.3311],[162.0021,60.8668],[161.3548,60.5325],[161.0757,60.3945],[161.4118,60.3189],[161.1723,60.164],[160.8799,59.9436],[160.4934,59.7667],[160.3324,59.7373],[160.1899,59.6807],[160.0997,59.5813],[159.7429,59.3521],[159.5737,59.263],[159.4138,59.1257],[159.2182,58.8459],[158.8982,58.6653],[158.7709,58.5534],[158.3925,58.4],[158.067,58.2197],[157.963,58.1845],[157.7803,58.2163],[157.5636,58.2067],[157.4405,58.1717],[157.2332,58.0217],[157.094,58.0546],[156.8664,58.0435],[156.6231,57.9584],[156.4432,57.8179],[156.4019,57.7353],[156.4336,57.6302],[156.6242,57.5276],[156.6098,57.4329],[156.4122,57.4354],[156.2105,57.3628],[156.1365,57.2341],[156.1832,57.1457],[156.1641,57.0783],[155.8103,56.9196],[155.6648,56.7726],[155.6067,56.6789],[155.532,56.4896],[155.2967,55.9797],[155.2815,55.6668],[155.2221,55.4013],[155.2152,55.2323],[155.2569,55.057],[155.2888,54.8154],[155.3932,54.4152],[155.5659,53.9484],[155.6538,53.6292],[155.7467,53.2371],[155.8146,52.8366],[156.106,52.245],[156.1479,52.0903],[156.1744,51.8391],[156.1748,51.4626],[156.2319,51.2507],[156.2694,51.1858],[156.3811,51.1085],[156.3833,51.0593],[156.4917,50.9262],[156.7103,50.7679],[156.8029,50.6856],[156.9336,50.7437],[157.2658,50.9696],[157.5157,51.088],[157.6827,51.2031],[158.1748,51.5162],[158.5503,51.8533],[158.6702,52.0326],[158.7995,52.1593],[159.6334,52.6047],[160.2818,52.9511],[160.7474,53.3436],[161.2175,53.7361],[161.973,54.3593],[162.3982,54.6129],[162.4701,54.6762],[162.8178,55.1593],[163.3509,55.8888],[163.6094,56.0185],[163.6896,56.0771],[163.7282,56.1562],[163.7161,56.3734],[163.6467,56.6853],[163.6691,57.1806],[163.6934,57.7104],[163.8432,58.337],[164.8513,58.7034],[164.9201,58.7336],[165.3456,58.9775],[166.0465,59.3756],[166.6361,59.7055],[166.7767,59.8199],[167.0577,59.9786],[167.1636,60.0737],[167.7116,60.24],[167.9322,60.2835],[168.3267,60.3853],[168.6225,60.3466],[168.9624,60.3619],[169.1166,60.3517],[169.2455,60.311],[169.3826,60.2311],[169.6291,59.9594],[169.8707,59.8184],[170.1663,59.7345],[170.3422,59.7283],[170.6226,59.7834],[170.7474,59.8506],[170.844,59.9973],[171.0182,60.1873],[171.3875,60.378],[171.6747,60.4687],[171.8715,60.5558],[172.3803,60.6989],[173.1741,61.1039],[173.3595,61.2149],[173.584,61.2987],[173.6631,61.3472],[174.0943,61.4861],[174.364,61.6015],[174.5024,61.6078],[174.4507,62.0244],[174.3524,62.0795],[174.1595,62.085],[174.0612,62.2664],[174.1529,62.3395],[174.1597,62.4228],[174.0429,62.4726],[173.9521,62.4378],[173.8415,62.5099],[173.6701,62.5482],[173.501,62.5237],[173.3258,62.4495],[173.2154,62.4492],[173.0402,62.3794],[172.9214,62.3985],[172.7675,62.351],[172.7022,62.4124],[172.543,62.4449],[172.2673,62.3813],[172.2112,62.4546],[172.0491,62.4628],[171.8959,62.3604],[171.6791,62.3556],[171.5114,62.3033],[171.2718,62.3149],[171.1253,62.3471],[171.0886,62.2908],[170.7823,62.2534],[170.5454,62.3035],[170.2149,62.3283],[170.1055,62.46],[169.9895,62.5396],[170.0442,62.5755],[169.9485,62.6565],[169.6801,62.7046],[169.5832,62.7894],[169.1178,62.9792],[168.923,62.944],[168.4629,63.0864],[168.6284,63.1616],[168.7458,63.1813],[168.8268,63.3049],[168.9514,63.3415],[169.3206,63.5372],[169.4014,63.537],[169.6049,63.6413],[169.5761,63.8056],[169.386,63.8641],[169.3891,63.9399],[169.1029,63.9414],[168.8769,63.9849],[168.887,64.059],[168.5271,64.3066],[168.3663,64.2974],[168.2449,64.3294],[168.1811,64.2758],[168.0404,64.2646],[167.6879,64.3236],[167.587,64.4296],[167.389,64.4788],[167.2468,64.6049],[167.1355,64.6012],[166.9996,64.5381],[166.731,64.5505],[166.5991,64.5209],[166.4068,64.5909],[166.1349,64.6067],[166.0404,64.5493],[165.8442,64.549],[165.8285,64.6235],[165.7313,64.6612],[165.6857,64.7506],[165.4038,64.7441],[165.285,64.8296],[165.0071,64.8327],[165.0122,64.6751],[164.8602,64.6849],[164.8036,64.7664],[164.3759,64.8844],[164.2703,64.927],[163.9685,64.8549],[163.4991,64.9156],[163.3581,64.8007],[163.2055,64.8147],[163.1335,64.7674],[163.2652,64.6938]]],[[[165.4039,55.291],[165.4533,55.1583],[165.5556,55.0638],[165.8075,54.933],[165.8864,54.8489],[166.1137,54.6916],[166.458,54.5201],[166.6967,54.4799],[166.8553,54.5103],[166.957,54.5676],[167.0236,54.6847],[166.9882,54.8978],[166.8928,55.015],[166.688,55.1515],[166.6477,55.3263],[166.5983,55.4055],[166.4456,55.4971],[166.3263,55.5247],[166.0289,55.5624],[165.8973,55.5614],[165.7637,55.5287],[165.5492,55.449],[165.4502,55.3856],[165.4039,55.291]]],[[[167.0733,54.8912],[167.1584,54.714],[167.2881,54.6254],[167.5233,54.501],[167.9743,54.308],[168.1105,54.2965],[168.3098,54.3394],[168.3947,54.3945],[168.4455,54.4887],[168.4254,54.5709],[168.1842,54.793],[167.9602,54.9125],[167.6015,55.0574],[167.3635,55.0818],[167.2364,55.0544],[167.1376,55.0011],[167.0733,54.8912]]]]},"properties":{"osm_id":151233,"name":"Камчатский край","iso":"RU-KAM","kind":"region","label":[163.7336,57.8794]}},
{"type":"Feature","geometry":{"type":"Polygon","coordinates":[[[37.738,52.0191],[37.8008,52.1696],[37.8511,52.2133],[38.058,52.2974],[37.8909,52.4283],[37.9308,52.4723],[37.8029,52.514],[37.8243,52.632],[37.8103,52.7082],[37.8913,52.7405],[37.8764,52.813],[37.8016,52.8532],[37.8665,53.0122],[37.8243,53.0864],[37.731,53.128],[37.6401,53.0958],[37.573,53.1768],[37.5759,53.2487],[37.4666,53.2878],[37.3669,53.291],[37.2619,53.2596],[37.0958,53.2862],[36.9149,53.2795],[36.7841,53.2958],[36.6229,53.3991],[36.5391,53.3781],[36.2879,53.5176],[36.0812,53.5696],[35.9912,53.6263],[35.9091,53.6407],[35.8225,53.5876],[35.795,53.5248],[35.6297,53.5416],[35.4638,53.4181],[35.3842,53.3976],[35.3836,53.3374],[35.2474,53.3195],[35.1411,53.2791],[35.1057,53.2273],[35.1219,53.1542],[35.264,53.1119],[35.2936,53.0583],[35.2401,52.9946],[34.9605,52.9488],[34.8304,52.864],[34.8612,52.8089],[34.9441,52.7932],[35.0714,52.6686],[34.9916,52.5072],[34.9284,52.5126],[34.8484,52.398],[34.9242,52.37],[35.0304,52.3296],[35.1519,52.3361],[35.2862,52.3908],[35.402,52.374],[35.4314,52.4267],[35.6064,52.4374],[35.5954,52.3837],[35.7124,52.2549],[35.812,52.2978],[35.9515,52.2781],[36.0035,52.3105],[36.1287,52.312],[36.2994,52.381],[36.4159,52.345],[36.4961,52.2324],[36.7723,52.1612],[36.7922,52.1277],[36.9358,52.0952],[36.9938,52.1075],[37.2385,52.016],[37.3295,52.0082],[37.4253,51.935],[37.5079,52.0165],[37.7102,51.9703],[37.738,52.0191]]]},"properties":{"osm_id":72224,"name":"Орловская область","iso":"RU-ORL","kind":"region","label":[36.4296,52.7937]}},
{"type":"Feature","geometry":{"type":"Polygon","coordinates":[[[38.2926,51.9659],[38.3996,51.9875],[38.5555,52.0555],[38.7418,52.0417],[38.8772,52.0966],[39.015,51.9848],[39.0869,52.0344],[39.2994,52.103],[39.4732,52.0735],[39.5032,51.9741],[39.8408,51.9211],[39.9288,51.9704],[40.0425,51.9522],[40.1271,51.9856],[40.3094,51.9445],[40.354,51.9655],[40.5341,51.9457],[40.6066,52.0332],[40.6017,52.113],[40.6963,52.2297],[40.6603,52.2859],[40.5723,52.2777],[40.5128,52.3549],[40.2934,52.392],[40.2963,52.4413],[39.9767,52.5968],[39.9293,52.7202],[40.0833,52.7546],[40.0958,52.8795],[40.0372,52.894],[40.1553,53.0462],[40.097,53.2757],[40.1707,53.3126],[40.1427,53.3812],[39.9899,53.404],[39.9332,53.5136],[39.837,53.5678],[39.7452,53.5828],[39.595,53.5306],[39.5586,53.4402],[39.3566,53.3945],[39.189,53.3936],[39.054,53.5792],[38.9375,53.5742],[38.7229,53.5291],[38.7635,53.3577],[38.5479,53.3276],[38.5776,53.1885],[38.671,53.1296],[38.5624,52.9956],[38.4922,53.0365],[38.3707,52.99],[38.2308,52.9945],[38.1223,53.0544],[37.925,53.0558],[37.8665,53.0122],[37.8016,52.8532],[37.8764,52.813],[37.8913,52.7405],[37.8103,52.7082],[37.8243,52.632],[37.8029,52.514],[37.9308,52.4723],[37.8909,52.4283],[38.058,52.2974],[37.8511,52.2133],[37.8008,52.1696],[37.738,52.0191],[37.8217,51.9757],[37.8558,51.9074],[37.9228,51.8918],[38.2423,51.9235],[38.2926,51.9659]]]},"properties":{"osm_id":72169,"name":"Липецкая область","iso":"RU-LIP","kind":"region","label":[39.2432,52.7369]}},
{"type":"Feature","geometry":{"type":"Polygon","coordinates":[[[29.3062,61.3293],[29.4245,61.2564],[29.5636,61.2249],[29.5829,61.178],[29.8782,61.1653],[30.943,61.026],[31.3888,60.9477],[31.9684,60.8314],[32.9133,60.6814],[32.9205,60.7108],[33.1577,60.7399],[33.251,60.8743],[33.4665,60.9276],[33.4217,60.9831],[33.5424,61.0043],[33.6079,60.9586],[33.7854,60.937],[33.9202,61.089],[33.738,61.131],[33.5891,61.0653],[33.4499,61.1546],[33.5518,61.2137],[33.6695,61.2332],[34.2445,61.2373],[34.469,61.1613],[34.4744,61.2336],[34.5457,61.2756],[34.7935,61.2893],[35.0777,61.2631],[35.1753,61.2393],[35.382,61.2691],[35.3521,61.1765],[35.3966,61.1403],[35.7013,61.2143],[36.4596,61.4072],[36.5843,61.5395],[36.8838,61.5625],[37.03,61.6142],[37.3046,61.5101],[37.4671,61.511],[37.7056,61.5397],[37.8167,61.5298],[37.7598,61.6154],[37.8595,61.7556],[37.944,61.9725],[37.8368,61.9825],[37.7731,62.1381],[37.7018,62.2127],[37.4542,62.2419],[37.5987,62.3582],[37.6372,62.4776],[37.58,62.4984],[37.5487,62.6231],[37.3689,62.6779],[37.0706,62.6487],[36.8217,62.696],[36.5285,62.7931],[36.2581,63.0115],[36.3071,63.1508],[36.2458,63.2115],[36.2619,63.2804],[36.1921,63.4256],[36.0299,63.4654],[35.8928,63.5762],[35.9353,63.6054],[36.4552,63.6265],[36.5904,63.7482],[36.5586,63.7948],[36.5525,63.9534],[36.8475,64.2318],[35.9916,64.6284],[35.7641,64.7174],[35.5608,64.9568],[35.4674,65.0001],[35.4074,65.1584],[35.2696,65.336],[35.3284,65.9823],[34.8425,66.1534],[34.0003,66.4102],[33.5972,66.4951],[33.2333,66.5494],[32.8656,66.5833],[32.5573,66.5761],[32.5481,66.4795],[32.3604,66.4752],[32.3427,66.3454],[31.937,66.351],[31.83,66.3714],[31.7919,66.4952],[31.6212,66.5024],[31.5759,66.654],[30.6398,66.6584],[29.3232,66.6621],[29.5196,66.4963],[29.7095,66.2682],[29.9233,66.1271],[30.0685,65.895],[30.1385,65.6687],[30.0171,65.6965],[29.7219,65.6371],[29.8639,65.5604],[29.7331,65.4725],[29.7466,65.3474],[29.6018,65.2599],[29.8936,65.193],[29.7327,65.0913],[29.627,65.0606],[29.5993,64.9951],[29.6449,64.8665],[29.7396,64.7898],[30.0429,64.7929],[30.0414,64.7412],[30.1358,64.649],[29.9894,64.5876],[30.0583,64.4509],[30.0449,64.402],[30.4824,64.2623],[30.4664,64.2044],[30.5534,64.1322],[30.528,64.0489],[30.3209,63.9095],[30.2604,63.822],[29.9719,63.7572],[30.2442,63.6073],[30.3845,63.5455],[30.484,63.4667],[30.7877,63.4053],[30.9344,63.3554],[30.979,63.3079],[31.2399,63.2178],[31.2654,63.1152],[31.463,63.0243],[31.5867,62.9087],[31.4392,62.7849],[31.3454,62.6403],[31.2216,62.4986],[31.1381,62.4422],[30.3052,61.9639],[30.0473,61.7733],[29.8186,61.6553],[29.7406,61.5758],[29.5031,61.4613],[29.3062,61.3293]]]},"properties":{"osm_id":393980,"name":"Карелия","iso":"RU-KR","kind":"region","label":[33.6264,63.6744]}},
{"type":"Feature","geometry":{"type":"Polygon","coordinates":[[[34.9242,52.37],[34.8484,52.398],[34.9284,52.5126],[34.9916,52.5072],[35.0714,52.6686],[34.9441,52.7932],[34.8612,52.8089],[34.8304,52.864],[34.9605,52.9488],[35.2401,52.9946],[35.2936,53.0583],[35.264,53.1119],[35.1219,53.1542],[35.1057,53.2273],[35.1411,53.2791],[34.9626,53.3764],[34.6443,53.3814],[34.5197,53.5008],[34.4973,53.6722],[34.3692,53.7321],[34.2918,53.826],[34.2276,53.8394],[34.2012,53.9122],[34.0457,53.8621],[33.9115,53.8672],[33.8062,53.8964],[33.8193,53.9848],[33.7092,54.0246],[33.5071,54.0163],[33.4087,53.9463],[33.2803,53.9386],[33.2474,53.8885],[33.2988,53.8166],[33.2184,53.7929],[33.143,53.7254],[32.9524,53.6057],[32.8625,53.5087],[32.8818,53.4355],[32.7628,53.4243],[32.7335,53.3325],[32.5225,53.3067],[32.4143,53.1861],[32.0948,53.0762],[31.9347,53.0831],[31.831,53.1104],[31.7864,53.1797],[31.6453,53.2196],[31.4184,53.1876],[31.3348,53.0912],[31.3727,52.9337],[31.5896,52.7914],[31.564,52.5943],[31.6522,52.5451],[31.5948,52.4535],[31.6273,52.2892],[31.781,52.1856],[31.7806,52.1144],[31.9538,52.0819],[32.0659,52.0349],[32.2905,52.1031],[32.3875,52.2419],[32.3517,52.3165],[32.5502,52.3269],[32.6851,52.2663],[32.8333,52.2792],[32.8873,52.2454],[33.0733,52.3049],[33.1699,52.3731],[33.3512,52.3531],[33.3806,52.3716],[33.604,52.334],[33.7855,52.3666],[34.0545,52.1716],[34.1165,52.141],[34.0623,52.0729],[34.2326,51.9129],[34.3877,51.8438],[34.3641,51.9416],[34.4035,51.9938],[34.5455,52.0713],[34.6226,52.0406],[34.7428,52.0879],[34.6828,52.1873],[34.869,52.2021],[34.8633,52.2531],[34.9418,52.3143],[34.9242,52.37]]]},"properties":{"osm_id":81997,"name":"Брянская область","iso":"RU-BRY","kind":"region","label":[33.2835,52.9388]}},
{"type":"Feature","geometry":{"type":"MultiPolygon","coordinates":[[[[140.9221,46.2526],[140.9471,46.1499],[141.0748,46.052],[141.1889,46.0236],[141.3622,46.0438],[141.4628,46.0878],[141.549,46.187],[141.5563,46.2991],[141.4791,46.4064],[141.3685,46.4705],[141.2229,46.4929],[141.0538,46.4518],[140.9396,46.3482],[140.9221,46.2526]]],[[[141.4157,51.6201],[141.5592,51.5444],[141.7504,51.3934],[141.8371,51.2666],[141.931,51.0781],[141.741,50.8723],[141.7182,50.7949],[141.7435,50.6509],[141.7302,50.5249],[141.7941,50.3773],[141.8565,50.1304],[141.8216,49.9625],[141.8442,49.8044],[141.8317,49.5358],[141.7739,49.4],[141.7647,49.2799],[141.7125,49.0569],[141.559,48.8367],[141.548,48.7402],[141.5775,48.6319],[141.7077,48.4423],[141.8397,48.2903],[141.878,48.0525],[141.7869,47.8595],[141.6751,47.6696],[141.6595,47.5387],[141.6719,47.284],[141.7579,47.1309],[141.7169,46.9977],[141.5302,46.6542],[141.5209,46.5279],[141.6009,46.2766],[141.6382,46.0164],[141.6772,45.9399],[141.821,45.7918],[142.2134,45.5954],[142.351,45.6126],[142.478,45.6988],[142.5083,45.8205],[142.431,45.9304],[142.5203,46.1266],[142.5403,46.2424],[142.6282,46.4147],[142.886,46.4173],[143.0441,46.3982],[143.1178,46.2244],[143.11,46.0888],[143.1386,45.9617],[143.2391,45.8629],[143.3364,45.8283],[143.4452,45.8216],[143.616,45.8776],[143.7436,46.0472],[143.7724,46.1436],[143.8907,46.3093],[143.9053,46.3756],[143.8308,46.5311],[143.7994,46.7357],[143.7535,46.8899],[143.6012,47.0158],[143.5203,47.0394],[143.3611,47.042],[143.2959,47.3176],[143.15,47.495],[142.929,47.6192],[142.8234,47.796],[142.8261,47.9292],[142.8692,48.0914],[143.0066,48.3989],[143.0318,48.4803],[143.1351,48.6672],[143.2744,48.8523],[143.2893,48.9485],[143.2649,49.0429],[143.4445,49.1073],[143.598,49.116],[143.8947,49.0768],[144.1158,48.8983],[144.2532,48.8214],[144.3391,48.7356],[144.3729,48.6117],[144.3266,48.4855],[144.3943,48.3744],[144.5038,48.3188],[144.637,48.3012],[144.7615,48.322],[144.8866,48.3995],[144.935,48.4867],[145.0464,48.6124],[145.043,48.6886],[144.9881,48.9009],[144.896,49.0118],[144.659,49.1649],[144.587,49.2917],[144.5521,49.3992],[144.5256,49.5759],[144.4335,49.6876],[144.4299,49.7783],[144.3148,49.975],[144.2932,50.0798],[144.1307,50.3008],[144.0638,50.4416],[144.0173,50.5863],[143.9842,50.8232],[143.8455,51.2458],[143.794,51.3655],[143.7548,51.5222],[143.6489,51.7641],[143.5449,51.9256],[143.4791,52.0683],[143.4677,52.2054],[143.593,52.3892],[143.645,52.5895],[143.6635,52.8595],[143.5908,53.1975],[143.5318,53.3618],[143.4626,53.492],[143.2402,53.8567],[143.3362,54.074],[143.2815,54.2245],[143.1481,54.3514],[143.0008,54.5401],[142.9027,54.5919],[142.6984,54.626],[142.5673,54.612],[142.3619,54.5089],[142.1514,54.5005],[142.0443,54.465],[141.9541,54.3994],[141.9179,54.2819],[141.9665,54.1979],[142.1759,54.003],[142.3483,53.8816],[142.3141,53.8457],[142.0862,53.7243],[141.7589,53.6254],[141.4917,53.5565],[141.5917,53.3383],[141.7084,53.2383],[141.6367,53.1633],[141.5234,52.4283],[141.5917,52.2116],[141.59,52.1266],[141.4157,51.6201]]],[[[145.2429,43.7845],[145.264,43.7317],[145.4295,43.6356],[145.5315,43.5084],[145.6941,43.5414],[145.8218,43.427],[145.8982,43.2789],[145.916,43.1526],[146.0595,43.1419],[146.1409,43.1619],[146.3549,43.2676],[146.4418,43.3654],[146.5682,43.3931],[146.7002,43.5039],[146.955,43.5816],[147.1404,43.7036],[147.1954,43.8217],[147.1619,43.9367],[147.1067,43.9916],[146.9258,44.0788],[146.7779,44.087],[146.4816,43.9971],[146.3878,43.9459],[146.3167,43.8516],[146.1466,43.8125],[146.0371,43.7351],[145.8588,43.6607],[145.8429,43.7339],[146.0041,43.8162],[146.2313,44.0235],[146.6606,44.1935],[146.7537,44.2576],[146.9051,44.2261],[146.9926,44.2268],[147.1607,44.2891],[147.2446,44.3694],[147.3761,44.4069],[147.4924,44.4859],[147.5599,44.5738],[147.7596,44.6802],[147.8385,44.7489],[148.0569,44.793],[148.1821,44.8615],[148.2607,44.9302],[148.4502,45.034],[148.5879,45.059],[148.7209,45.1254],[148.821,45.1245],[148.9715,45.1582],[149.0732,45.2202],[149.1412,45.3162],[149.1735,45.4556],[149.2407,45.4089],[149.3644,45.374],[149.6309,45.3851],[149.8614,45.4779],[150.0182,45.5938],[150.2008,45.669],[150.4178,45.8159],[150.5357,45.9433],[150.7835,46.0757],[150.8867,46.1763],[150.901,46.2485],[151.0175,46.2847],[151.0808,46.3293],[151.1895,46.4632],[151.1992,46.5839],[151.1157,46.6847],[151.0424,46.7214],[151.0088,46.8179],[150.9203,46.8927],[150.711,46.9389],[150.5274,46.8887],[150.4318,46.7882],[150.421,46.6954],[150.5219,46.5635],[150.4901,46.4243],[150.2641,46.4208],[150.0301,46.3495],[149.7945,46.2177],[149.4353,45.9791],[149.3092,45.8342],[149.2103,45.7669],[149.1135,45.6449],[149.0038,45.7133],[148.8961,45.746],[148.7309,45.7559],[148.5214,45.7154],[148.3898,45.6418],[148.2252,45.5029],[148.1641,45.5622],[148.048,45.6186],[147.8991,45.6375],[147.7978,45.6179],[147.6846,45.5584],[147.6197,45.4943],[147.5027,45.3296],[147.3309,45.2744],[147.2632,45.2259],[147.2117,45.1375],[147.2101,45.0742],[146.9842,45.0029],[146.8373,44.89],[146.7844,44.7993],[146.7193,44.7468],[146.6601,44.6537],[146.4973,44.6504],[146.4232,44.6242],[146.3191,44.6861],[146.2193,44.7137],[146.0244,44.6946],[145.8757,44.6104],[145.6598,44.365],[145.5887,44.2246],[145.5037,44.1102],[145.276,43.9047],[145.2429,43.7845]]],[[[151.4142,46.8378],[151.4348,46.7645],[151.5714,46.6234],[151.7481,46.5716],[151.872,46.575],[152.0035,46.6204],[152.2026,46.7401],[152.3508,46.8462],[152.4324,46.9453],[152.539,47.0258],[152.5746,47.0999],[152.6992,47.1442],[152.7982,47.2216],[152.8409,47.3011],[152.9956,47.3401],[153.0785,47.4017],[153.1463,47.5159],[153.2772,47.5923],[153.3256,47.652],[153.3554,47.7497],[153.3441,47.8406],[153.495,47.8963],[153.5625,47.9683],[153.5935,48.1075],[153.5353,48.1974],[153.5695,48.2937],[153.5068,48.4184],[153.3554,48.4898],[153.2073,48.4997],[153.0307,48.4442],[152.9463,48.3506],[152.9405,48.2466],[152.8665,48.1432],[152.8996,47.981],[152.7744,47.9195],[152.6764,47.7869],[152.6631,47.708],[152.5761,47.6594],[152.5025,47.575],[152.3569,47.5683],[152.2381,47.5217],[152.1297,47.4099],[152.1172,47.357],[151.9927,47.3061],[151.8112,47.1288],[151.5758,47.0302],[151.4611,46.9492],[151.4142,46.8378]]],[[[153.1638,48.973],[153.2438,48.8397],[153.3489,48.7874],[153.4873,48.7667],[153.6824,48.7965],[153.675,48.716],[153.6067,48.6704],[153.5444,48.5574],[153.5454,48.4951],[153.6002,48.4093],[153.73,48.3425],[153.928,48.3357],[154.0518,48.3833],[154.1384,48.4584],[154.1698,48.5488],[154.3943,48.6814],[154.4745,48.7547],[154.5332,48.8696],[154.7715,48.9312],[154.841,48.9782],[154.9074,49.096],[155.0464,49.1582],[155.1376,49.2719],[155.1414,49.4153],[155.228,49.5836],[155.216,49.6734],[155.17,49.7299],[155.0593,49.7896],[154.9353,49.8251],[154.7937,49.8318],[154.7527,49.9019],[154.6582,49.9716],[154.5078,50.0127],[154.4165,50.0165],[154.2112,49.9627],[154.1129,49.8792],[154.0824,49.7167],[154.1861,49.599],[154.3983,49.5284],[154.318,49.4184],[154.307,49.3338],[154.1785,49.2474],[154.1488,49.1383],[153.9881,49.1708],[153.8749,49.1675],[153.7245,49.126],[153.5793,49.1843],[153.3545,49.175],[153.2554,49.13],[153.1738,49.0303],[153.1638,48.973]]],[[[156.3833,51.0593],[156.2218,51.0195],[156.115,50.9636],[155.9609,50.9638],[155.8274,51.0695],[155.6593,51.1117],[155.4142,51.111],[155.252,51.0559],[155.185,50.9951],[155.144,50.9094],[155.1547,50.8236],[155.2063,50.7387],[155.3469,50.6442],[155.4962,50.6079],[155.4766,50.5768],[155.1352,50.4929],[154.9592,50.413],[154.7864,50.3731],[154.688,50.3069],[154.6486,50.2424],[154.657,50.1368],[154.7856,50.0215],[154.9295,49.986],[155.0439,49.8862],[155.2902,49.8032],[155.4317,49.7967],[155.5398,49.8214],[155.6809,49.9023],[155.7305,49.9742],[155.9635,50.0228],[156.1381,50.1274],[156.2977,50.2991],[156.4384,50.3285],[156.5744,50.4173],[156.6037,50.4771],[156.6956,50.5484],[156.8029,50.6856],[156.7103,50.7679],[156.4917,50.9262],[156.3833,51.0593]]]]},"properties":{"osm_id":394235,"name":"Сахалинская область","iso":"RU-SAK","kind":"region","label":[150.571,46.9106]}},
{"type":"Feature","geometry":{"type":"Polygon","coordinates":[[[30.9788,56.9699],[30.976,56.9118],[30.7514,56.7745],[30.8879,56.6452],[31.0646,56.6211],[31.0124,56.493],[31.2297,56.4084],[31.2285,56.3398],[31.4669,56.2585],[31.4494,56.1334],[31.508,56.0549],[31.3495,55.945],[31.4159,55.8919],[31.4069,55.8059],[31.4838,55.7183],[31.653,55.7348],[31.7768,55.6989],[31.8444,55.7757],[32.034,55.7661],[32.0915,55.6873],[32.2486,55.6696],[32.4034,55.6927],[32.7651,55.6786],[32.8428,55.6534],[32.988,55.6668],[33.1172,55.6365],[33.196,55.7028],[33.4871,55.7608],[33.6481,55.8445],[33.6719,55.9542],[33.8217,55.9621],[33.9155,56.0671],[34.0855,56.0268],[34.1583,56.0631],[34.3221,55.9945],[34.3815,56.0227],[34.5232,55.9392],[34.6315,55.9132],[34.745,55.9779],[34.845,55.9587],[35.0652,55.9809],[35.1485,55.9575],[35.3047,56.0583],[35.2846,56.125],[35.3557,56.1753],[35.3284,56.2325],[35.4428,56.2392],[35.4768,56.3656],[35.419,56.396],[35.5997,56.4778],[35.7694,56.3898],[36.0735,56.3632],[36.1266,56.3995],[36.7408,56.5464],[36.8131,56.5791],[36.9709,56.5645],[37.0588,56.5313],[37.148,56.5877],[37.115,56.6404],[37.1743,56.6964],[37.0668,56.7556],[37.4429,56.7965],[37.5415,56.8527],[37.5482,56.9184],[37.7582,56.95],[37.7985,56.9088],[37.9794,56.8669],[37.9927,56.7673],[38.1038,56.7597],[38.2443,56.7935],[38.1083,56.8766],[38.1942,56.9025],[38.2582,57.0421],[38.2427,57.1173],[38.1497,57.2253],[38.3134,57.2599],[38.2747,57.368],[38.1165,57.3317],[38.0168,57.3363],[37.8047,57.4479],[37.8534,57.5882],[37.6372,57.6682],[37.6492,57.703],[37.38,57.8375],[37.4076,57.9398],[37.499,57.9878],[37.5136,58.0412],[37.6052,58.077],[37.5828,58.1619],[37.4376,58.1878],[37.3692,58.2416],[37.4351,58.276],[37.3686,58.3384],[37.6242,58.4205],[37.628,58.4831],[37.414,58.5835],[37.3598,58.6491],[37.2027,58.7476],[37.1917,58.8201],[37.071,58.8631],[36.9593,58.8283],[36.8479,58.8362],[36.782,58.8002],[36.8292,58.7421],[36.6564,58.6941],[36.6282,58.6206],[36.3644,58.503],[36.1817,58.5116],[35.9048,58.4347],[35.7327,58.4341],[35.6449,58.4602],[35.5165,58.4477],[35.4707,58.41],[35.3039,58.4098],[35.2572,58.2742],[35.0509,58.1946],[34.9747,58.2255],[34.8214,58.2312],[34.7366,58.1721],[34.7215,58.0903],[34.646,58.0781],[34.4651,58.1559],[34.2234,58.1873],[34.1708,58.2128],[33.8153,58.1392],[33.7059,58.1703],[33.5313,58.0629],[33.6846,58.0003],[33.684,57.9056],[33.5474,57.8512],[33.5692,57.7134],[33.4206,57.7025],[33.301,57.6292],[33.2931,57.5494],[33.2314,57.5354],[33.264,57.4219],[33.0784,57.4661],[32.7069,57.434],[32.6317,57.3349],[32.5476,57.3245],[32.3273,57.2257],[32.1559,57.1844],[31.9063,57.0862],[31.8732,57.121],[31.7253,57.092],[31.6398,56.992],[31.3962,56.9094],[31.2413,56.9515],[31.1009,56.931],[30.9788,56.9699]]]},"properties":{"osm_id":2095259,"name":"Тверская область","iso":"RU-TVE","kind":"region","label":[34.5276,57.2476]}},
{"type":"Feature","geometry":{"type":"Polygon","coordinates":[[[42.8809,51.233],[42.7084,51.2476],[42.5955,51.1531],[42.294,51.137],[42.0873,51.148],[41.9281,51.1941],[41.8578,51.159],[41.7729,51.0156],[41.4728,50.9513],[41.3935,50.8423],[41.1689,50.7763],[41.3467,50.7116],[41.4478,50.6062],[41.4205,50.4989],[41.5222,50.3626],[41.401,50.2028],[41.4938,50.0812],[41.6108,50.0415],[41.6174,49.9596],[41.7514,49.9185],[41.8769,49.9075],[42.1363,49.7329],[42.1844,49.6757],[42.0819,49.5119],[42.038,49.4031],[42.0781,49.341],[42.0211,49.1338],[42.1893,49.1223],[42.3398,49.1393],[42.3504,49.0504],[42.4032,49.0025],[42.5004,49.0101],[42.6816,48.9376],[42.6817,48.8774],[42.7478,48.8225],[42.7451,48.7743],[42.667,48.7262],[42.7045,48.5869],[42.437,48.5033],[42.3087,48.5153],[42.0857,48.4157],[42.181,48.2769],[42.0628,48.2656],[42.1291,48.1409],[42.0198,48.0873],[42.0273,48.0252],[42.2161,48.0327],[42.3916,48.0093],[42.5252,48.0186],[42.6296,47.9088],[42.7202,47.8759],[42.7591,47.7612],[42.8464,47.6717],[42.9255,47.5191],[43.0526,47.5437],[43.1503,47.5327],[43.1553,47.466],[43.3146,47.4476],[43.5872,47.4857],[43.7112,47.4742],[43.6676,47.5489],[43.7151,47.7178],[43.8714,47.7608],[43.9458,47.7531],[44.0826,47.8994],[44.3591,47.8516],[44.4232,47.9557],[44.4239,48.0424],[44.3251,48.0413],[44.3264,48.2388],[44.5442,48.1881],[44.5411,48.0505],[44.8098,48.0506],[44.9257,48.1202],[44.9097,48.2194],[44.961,48.2709],[45.0147,48.4249],[45.2086,48.5106],[45.3034,48.4478],[45.4176,48.4926],[45.2661,48.5223],[45.4978,48.5757],[45.6425,48.6225],[45.7075,48.6733],[45.8059,48.6828],[45.9321,48.7864],[45.9454,48.8431],[46.0384,48.8636],[46.3082,48.8212],[46.622,48.6677],[46.7792,48.9514],[46.8926,48.9821],[47.0287,49.0892],[47.0513,49.1656],[46.9962,49.2324],[46.7822,49.3399],[46.8579,49.6436],[46.9026,49.8638],[47.1825,49.935],[47.3534,50.0943],[47.2573,50.1918],[47.3351,50.238],[47.292,50.2837],[47.4317,50.3779],[47.2722,50.3791],[47.2046,50.4299],[47.2056,50.5092],[47.0382,50.5097],[46.9124,50.4897],[46.8708,50.5772],[46.7421,50.6587],[46.6257,50.6809],[46.5685,50.6148],[46.4584,50.6172],[46.4653,50.5462],[46.3476,50.5554],[46.2784,50.5277],[46.0615,50.5262],[46.0354,50.6652],[45.893,50.75],[45.7442,50.7573],[45.6786,50.667],[45.7076,50.586],[45.4897,50.6049],[45.1934,50.5852],[45.2313,50.698],[45.276,50.7214],[45.3258,50.8623],[45.2041,50.9685],[45.1924,51.0434],[45.0874,51.079],[45.0685,51.1192],[44.8967,51.163],[44.7892,51.1485],[44.6438,51.1783],[44.5713,51.1234],[44.4774,51.2114],[44.3454,51.1743],[44.2282,51.199],[44.185,51.0932],[44.0576,51.104],[44.0185,51.1592],[43.9226,51.1617],[43.8838,51.1103],[43.6945,51.1076],[43.6527,51.0534],[43.5617,51.0606],[43.3585,50.9987],[43.1947,51.1106],[42.8809,51.233]]]},"properties":{"osm_id":77665,"name":"Волгоградская область","iso":"RU-VGG","kind":"region","label":[44.2999,49.3457]}},
{"type":"Feature","geometry":{"type":"Polygon","coordinates":[[[107.7543,49.9706],[107.7942,49.9332],[107.9691,49.9414],[107.9192,49.8754],[107.9677,49.735],[107.9683,49.6548],[108.1611,49.5618],[108.3038,49.5319],[108.3564,49.4279],[108.5175,49.3227],[108.6525,49.3473],[108.7178,49.3349],[108.9554,49.3448],[109.0581,49.3232],[109.1712,49.3529],[109.4124,49.2998],[109.5591,49.2208],[109.6838,49.226],[109.9026,49.2057],[110.2258,49.1581],[110.3905,49.2515],[110.5172,49.1859],[110.6836,49.1709],[110.8193,49.182],[111.0787,49.2621],[111.2768,49.3104],[111.3748,49.3577],[111.5148,49.323],[111.6683,49.3798],[111.9092,49.3764],[112.1946,49.4466],[112.2783,49.4844],[112.4865,49.5241],[112.6889,49.5041],[112.8129,49.5152],[112.9149,49.5719],[113.0545,49.6083],[113.2176,49.8368],[113.4739,49.9354],[113.4859,49.9721],[113.6441,49.99],[113.7408,50.0722],[113.89,50.1087],[114.1809,50.2475],[114.3378,50.2856],[114.5215,50.2312],[114.6171,50.2456],[114.8312,50.2237],[115.0075,50.1639],[115.0677,50.0939],[115.2239,49.9884],[115.3608,49.9402],[115.6738,49.8858],[115.7427,49.8858],[116.0688,50.0105],[116.2375,50.0363],[116.3403,49.999],[116.6255,49.9356],[116.7137,49.8457],[117.0576,49.6858],[117.2731,49.6315],[117.4713,49.6272],[117.8023,49.517],[117.8808,49.5153],[117.891,49.5937],[118.074,49.6138],[118.2045,49.69],[118.2395,49.7373],[118.3721,49.7862],[118.5548,49.9219],[118.7343,49.9449],[118.9376,49.9913],[119.0841,49.9843],[119.2741,50.1048],[119.3294,50.1721],[119.3098,50.2164],[119.3508,50.3576],[119.2468,50.3417],[119.1514,50.3581],[119.2426,50.4466],[119.2742,50.6034],[119.4419,50.6939],[119.499,50.7658],[119.4828,50.8762],[119.5918,50.984],[119.7189,51.0502],[119.7813,51.172],[119.7531,51.2116],[119.8722,51.2953],[119.9953,51.4578],[119.9778,51.5019],[120.0872,51.6807],[120.1373,51.6729],[120.3558,51.7874],[120.3916,51.8304],[120.6338,51.9204],[120.7118,52.0072],[120.6791,52.0362],[120.7796,52.1637],[120.7516,52.2554],[120.6214,52.3247],[120.6836,52.4289],[120.6864,52.5177],[120.6184,52.5706],[120.4776,52.629],[120.282,52.6221],[120.1846,52.577],[120.0784,52.5832],[120.0268,52.6355],[120.0618,52.7072],[120.0266,52.7763],[120.2808,52.861],[120.3614,52.9429],[120.5553,53.0805],[120.636,53.1039],[120.6835,53.1711],[120.9409,53.2956],[121.1273,53.2752],[121.276,53.2888],[121.5721,53.3475],[121.6947,53.3907],[121.9485,53.4289],[122.1125,53.432],[121.9487,53.6156],[121.9731,53.7032],[121.926,53.7693],[121.9461,53.8278],[121.8461,53.9565],[121.6565,54.0194],[121.6267,54.0969],[121.7673,54.17],[121.715,54.2176],[121.7303,54.287],[121.6623,54.3739],[121.7599,54.4394],[121.8776,54.4236],[121.9123,54.3771],[122.1292,54.4131],[122.1461,54.4596],[121.9342,54.5775],[121.9389,54.7408],[121.88,54.804],[121.641,54.7652],[121.6667,54.835],[121.9587,55.0007],[121.9132,55.1206],[122.0334,55.1972],[121.959,55.2157],[121.9849,55.3121],[121.9569,55.3894],[122.0004,55.4337],[121.8949,55.6217],[121.72,55.6162],[121.6075,55.5258],[121.4214,55.4942],[121.3364,55.5284],[121.3611,55.6072],[121.2993,55.7354],[121.3367,55.8227],[121.2479,55.8841],[121.2705,55.9385],[121.203,56.0395],[121.047,56.0094],[120.9863,56.0378],[120.8506,56.0204],[120.6216,55.9334],[120.4762,55.9327],[120.4777,55.8889],[120.2392,55.9371],[120.1218,55.9129],[120.1293,56.0228],[120.0274,56.1206],[120.1736,56.2063],[120.3038,56.2024],[120.5378,56.2664],[120.394,56.316],[120.2814,56.3937],[120.2544,56.4478],[120.0892,56.5008],[119.9495,56.4927],[119.9226,56.5516],[119.8329,56.5667],[119.7808,56.6956],[119.6807,56.7371],[119.7045,56.83],[119.8561,56.8961],[119.7824,56.9869],[119.6883,56.9868],[119.5724,57.0765],[119.6585,57.1689],[119.5933,57.2948],[119.3999,57.437],[119.4206,57.5187],[119.5045,57.5958],[119.3432,57.6199],[119.2221,57.5057],[119.1807,57.5911],[119.167,57.7184],[119.0455,57.7656],[119.1045,57.834],[119.0973,57.9199],[119.164,58.0315],[119.1572,58.1749],[119.1174,58.2379],[118.7896,58.2256],[118.6822,58.1786],[118.5783,58.2326],[118.4053,58.2797],[118.2483,58.398],[118.1084,58.3947],[118.0004,58.4229],[117.7203,58.415],[117.4644,58.3111],[117.5937,58.1749],[117.4501,58.1755],[117.4112,58.1439],[117.3808,58.016],[117.3944,57.9432],[117.3462,57.8648],[117.1699,57.8547],[117.0765,57.8272],[117.1816,57.7697],[117.1397,57.6656],[117.276,57.6317],[117.2551,57.5339],[117.3328,57.4544],[117.3438,57.3652],[117.4514,57.3495],[117.446,57.264],[117.5438,57.2722],[117.632,57.3223],[117.7791,57.3184],[117.7548,57.2376],[117.5762,57.1651],[117.6777,57.0885],[117.6549,56.9956],[117.549,56.9572],[117.4641,56.851],[117.3965,56.8488],[117.2766,56.9392],[117.1767,56.8956],[117.161,56.8416],[117.0074,56.8261],[116.7545,56.7386],[116.5192,56.7741],[116.3157,56.8717],[116.23,56.8292],[116.1156,56.8192],[115.829,56.9458],[115.7297,56.9622],[115.585,56.8788],[115.6142,56.7719],[115.5577,56.6943],[115.4523,56.6658],[115.412,56.6061],[115.5194,56.5735],[115.6871,56.5657],[115.6985,56.4857],[115.7998,56.4395],[115.675,56.4058],[115.693,56.2715],[115.7659,56.1773],[115.7794,55.9865],[115.9052,55.9271],[115.8354,55.8549],[115.9159,55.5738],[115.878,55.4947],[115.9605,55.4467],[115.9026,55.406],[115.9753,55.356],[116.2394,55.3534],[116.3523,55.3845],[116.4505,55.3257],[116.4756,55.2275],[116.6925,55.1197],[116.7606,55.1169],[116.8412,55.0343],[116.8748,54.8773],[116.9184,54.8266],[116.8499,54.7718],[116.7806,54.6065],[116.7266,54.5409],[116.6372,54.5073],[116.4024,54.5022],[116.1759,54.5115],[115.6058,54.4149],[115.4972,54.3733],[115.4931,54.3089],[115.3469,54.2701],[115.2485,54.2073],[115.1631,54.1904],[115.1429,54.118],[115.0126,54.0724],[115.0152,54.0291],[114.8675,53.9544],[114.5781,53.8856],[114.4968,53.8101],[114.3655,53.8154],[114.2937,53.7544],[114.1604,53.759],[113.9847,53.7228],[113.9761,53.6493],[113.8249,53.6316],[113.883,53.5231],[113.8272,53.4165],[113.9467,53.3466],[113.9244,53.284],[113.9813,53.2362],[114.1133,53.1839],[114.2057,53.1787],[114.1698,53.0867],[114.3296,53.0603],[114.3169,52.9787],[114.2533,52.9327],[114.2244,52.8124],[114.082,52.6796],[113.6401,52.5292],[113.5907,52.4488],[113.487,52.4708],[113.152,52.4536],[113.0931,52.4037],[112.7356,52.3264],[112.6791,52.3548],[112.5466,52.3458],[112.5074,52.2462],[112.4102,52.2153],[112.0736,52.2847],[112.0084,52.2087],[111.9346,52.1974],[111.8946,52.119],[111.7725,52.0669],[111.7119,51.9759],[111.5151,51.9136],[111.4599,51.8705],[111.3474,51.8777],[111.2883,51.8394],[111.1485,51.833],[111.0158,51.7919],[111.0004,51.7245],[110.9322,51.7197],[110.8355,51.6499],[110.7105,51.5166],[110.5219,51.5026],[110.2843,51.6024],[110.1103,51.5998],[110.0588,51.6213],[109.8342,51.553],[109.6204,51.4491],[109.4344,51.4252],[109.2442,51.3697],[109.1191,51.432],[109.052,51.51],[108.9674,51.4406],[108.7854,51.4367],[108.6822,51.5034],[108.617,51.4088],[108.501,51.4051],[108.4614,51.2954],[108.4664,51.2079],[108.5579,51.1773],[108.5628,51.1206],[108.4539,51.0536],[108.3416,51.0631],[108.2609,50.9009],[108.2648,50.8233],[108.0607,50.774],[108.1819,50.6499],[108.2381,50.6659],[108.3383,50.6193],[108.4825,50.5945],[108.513,50.549],[108.6791,50.5373],[108.6551,50.4645],[108.5315,50.4722],[108.3392,50.3941],[108.2228,50.4168],[108.1077,50.3073],[107.9675,50.3215],[107.9274,50.2315],[107.8395,50.2079],[107.7342,50.1112],[107.7855,50.0646],[107.7543,49.9706]]]},"properties":{"osm_id":145730,"name":"Забайкальский край","iso":"RU-ZAB","kind":"region","label":[114.9402,53.7967]}},
{"type":"Feature","geometry":{"type":"Polygon","coordinates":[[[62.0004,65.7177],[62.4689,65.8231],[62.4838,65.844],[62.7997,65.8577],[62.7762,65.9041],[62.9041,65.9651],[62.8313,65.9974],[62.8692,66.0643],[63.1381,66.2569],[63.234,66.3011],[63.3313,66.4132],[63.6267,66.5109],[63.8021,66.5319],[63.9755,66.6326],[64.2615,66.6454],[64.3939,66.7217],[64.5447,66.7288],[64.5533,66.7966],[64.8771,66.8348],[65.1392,66.9077],[65.0819,67.0393],[65.2447,67.0937],[65.1809,67.1425],[65.3189,67.2031],[65.4262,67.2094],[65.6019,67.2997],[65.7447,67.3331],[65.6986,67.3808],[66.0102,67.4091],[66.0933,67.4951],[66.0482,67.5805],[65.8227,67.5386],[65.8457,67.6676],[66.2207,67.6849],[66.2267,67.7539],[66.0217,67.8099],[66.1335,67.9147],[65.9207,67.9608],[65.7663,67.9212],[65.5527,67.9329],[65.4409,67.9098],[65.3194,68.0161],[65.3491,68.1],[65.2747,68.2346],[65.3645,68.2822],[65.4738,68.4184],[65.3187,68.3953],[65.1151,68.4151],[65.0199,68.3825],[64.8233,68.4093],[64.5282,68.3258],[64.5836,68.2],[64.4473,68.1994],[64.374,68.1344],[64.2169,68.1138],[63.8775,68.0288],[63.9482,67.9466],[63.9253,67.851],[63.7062,67.8051],[63.721,67.7367],[63.5544,67.7331],[63.4294,67.7695],[63.3079,67.7143],[63.1606,67.6956],[63.1096,67.6455],[62.9466,67.6058],[62.8378,67.5169],[62.9173,67.4481],[62.8656,67.37],[61.7311,67.0942],[61.7161,67.0306],[61.3799,66.975],[61.321,67.0006],[59.9781,67.0005],[58.918,67.0004],[57.2949,67.0004],[56.3781,67.0004],[55.1503,67.0004],[53.8755,67.0015],[52.1522,67.1012],[52.0554,67.0284],[51.6976,66.9208],[51.6191,66.9485],[51.4839,66.8345],[51.5449,66.775],[49.7785,66.3213],[49.0005,66.1136],[49.0522,65.2255],[49.6354,65.288],[50.2329,64.8309],[50.4989,64.7927],[50.3607,64.5104],[49.9125,64.5579],[49.5524,64.5758],[49.4832,64.4251],[48.9611,64.4776],[48.8838,64.3267],[48.5245,64.3556],[48.4647,64.2043],[48.1888,64.2306],[48.1614,64.3452],[47.3445,64.3544],[46.6302,64.3169],[46.3211,64.248],[45.852,64.278],[45.714,64.2574],[45.3993,64.1749],[45.5945,64.057],[45.9434,63.9566],[46.1512,63.9439],[46.4997,63.8646],[46.8099,63.7566],[47.0173,63.5777],[46.9393,63.4536],[46.9427,63.3494],[47.051,63.2539],[47.1602,63.2454],[47.39,63.1563],[47.5674,63.1449],[47.5308,63.0499],[47.4091,62.9648],[47.0609,62.8263],[47.2454,62.6387],[47.2319,62.3372],[47.4029,62.3344],[47.3891,62.1814],[47.6426,62.1757],[47.6594,62.3284],[48.3229,62.3072],[48.298,62.4769],[48.254,62.5075],[48.3522,62.7337],[48.6814,62.7021],[48.7413,62.8517],[49.6403,62.7711],[49.5666,62.6222],[49.3746,62.1339],[49.2279,62.102],[49.0403,61.6487],[49.5021,61.605],[49.3208,61.1528],[49.1268,61.1722],[48.9307,61.1386],[48.475,61.0221],[48.4197,60.8372],[48.5607,60.5515],[48.4968,60.5173],[48.5551,60.4588],[48.5305,60.4004],[48.6763,60.3904],[48.7738,60.3177],[48.4922,60.1952],[48.4721,60.1323],[48.4999,60.0215],[48.5232,59.7068],[49.1015,59.6617],[49.0397,59.4824],[49.1512,59.5071],[49.3517,59.4651],[49.3445,59.4093],[49.5718,59.3931],[49.5219,59.217],[49.7285,59.1983],[49.8174,59.2105],[49.8689,59.3605],[49.8722,59.4785],[49.7984,59.4851],[49.8594,59.6553],[50.0849,59.6803],[49.9858,59.723],[49.991,59.7791],[50.2704,59.7479],[50.2903,59.8059],[50.7349,59.8708],[50.831,59.8633],[51.0477,60.0319],[51.1791,60.0489],[51.3903,59.9941],[51.4672,59.9156],[51.5513,59.9415],[51.7664,60.0859],[51.9739,60.2793],[52.0655,60.3085],[52.3174,60.2275],[52.3708,60.3572],[52.3523,60.4375],[52.1237,60.4646],[52.1528,60.5412],[51.7724,60.58],[51.8923,60.8815],[52.3611,60.8302],[52.4314,60.9764],[52.8065,60.9377],[52.8707,61.0901],[53.4136,61.0335],[53.3552,60.8827],[53.8138,60.8316],[53.8758,60.9827],[54.9769,60.8599],[55.0501,61.0092],[55.2,60.9916],[55.2759,61.1487],[55.7315,61.0956],[55.8131,61.2468],[56.2745,61.1919],[56.3783,61.4431],[56.5663,61.419],[56.6531,61.5243],[57.0806,61.4753],[57.0927,61.5019],[57.9222,61.4988],[58.8459,61.4959],[59.0483,61.5364],[59.1483,61.6297],[59.3489,61.6632],[59.4222,61.7546],[59.3276,61.8406],[59.489,61.9466],[59.4014,62.1045],[59.3994,62.1571],[59.6118,62.3716],[59.6252,62.5446],[59.4426,62.566],[59.4106,62.7052],[59.4482,62.918],[59.3252,62.942],[59.2049,63.0284],[59.2884,63.1847],[59.3663,63.2662],[59.313,63.39],[59.378,63.4221],[59.4786,63.5722],[59.5332,63.7141],[59.5613,63.9086],[59.7563,63.9855],[59.8369,64.0871],[59.5852,64.2244],[59.6512,64.4331],[59.4882,64.4914],[59.655,64.6571],[59.6245,64.7849],[59.8111,64.9109],[59.992,64.9388],[60.0545,65.028],[60.2036,65.0769],[60.4175,65.0663],[60.4345,65.0067],[60.6096,64.9205],[60.7294,64.9255],[60.81,65.025],[60.9345,65.0164],[61.077,65.0824],[61.1374,65.1745],[61.2721,65.1684],[61.3649,65.2496],[61.2851,65.3128],[61.4173,65.3865],[61.6268,65.5619],[62.0004,65.7177]]]},"properties":{"osm_id":115136,"name":"Республика Коми","iso":"RU-KO","kind":"region","label":[55.8255,63.8105]}},
{"type":"Feature","geometry":{"type":"Polygon","coordinates":[[[59.3489,61.6632],[59.1483,61.6297],[59.0483,61.5364],[58.8459,61.4959],[57.9222,61.4988],[57.0927,61.5019],[57.0806,61.4753],[56.6531,61.5243],[56.5663,61.419],[56.3783,61.4431],[56.2745,61.1919],[55.8131,61.2468],[55.7315,61.0956],[55.2759,61.1487],[55.2,60.9916],[55.0501,61.0092],[54.9769,60.8599],[53.8758,60.9827],[53.8138,60.8316],[53.3552,60.8827],[53.4136,61.0335],[52.8707,61.0901],[52.8065,60.9377],[52.4314,60.9764],[52.3611,60.8302],[51.8923,60.8815],[51.7724,60.58],[52.1528,60.5412],[52.1237,60.4646],[52.3523,60.4375],[52.3708,60.3572],[52.3174,60.2275],[52.4426,60.1866],[52.9273,60.1532],[53.3725,60.1567],[53.4214,60.226],[53.6281,60.1121],[53.6866,60.0093],[53.6295,59.7404],[53.5983,59.6878],[53.451,59.7031],[53.3559,59.4622],[53.2211,59.358],[53.3819,59.1564],[53.8243,59.1094],[53.8658,59.034],[53.7532,58.9653],[53.8276,58.8295],[53.9128,58.7548],[53.738,58.6912],[53.7031,58.6029],[53.7913,58.455],[53.7726,58.4206],[53.8867,58.3144],[53.7855,58.2366],[53.8813,58.2001],[53.9899,58.0697],[54.1326,57.9554],[54.1196,57.8095],[54.1483,57.7072],[54.0561,57.6806],[53.9923,57.5882],[54.1439,57.4839],[54.2925,57.4325],[54.1549,57.4011],[54.1423,57.3165],[54.3112,57.306],[54.3478,57.1584],[54.3138,57.0799],[54.4361,57.031],[54.3414,56.9732],[54.2283,56.9916],[54.1473,56.9166],[54.0613,56.7783],[53.977,56.7513],[53.8791,56.8085],[53.7941,56.7991],[53.885,56.6625],[53.841,56.5967],[54.051,56.6036],[54.2441,56.4582],[54.3288,56.4829],[54.3721,56.374],[54.4853,56.4104],[54.5371,56.5152],[54.6707,56.4982],[54.7336,56.4304],[54.9293,56.3803],[54.9463,56.3378],[55.1321,56.3457],[55.3852,56.3171],[55.5328,56.3795],[55.7739,56.446],[55.9414,56.3887],[56.0792,56.2953],[56.2675,56.3059],[56.4073,56.4038],[56.7824,56.1646],[56.9241,56.1052],[57.0786,56.1613],[57.2101,56.1779],[57.1956,56.2509],[57.4084,56.3399],[57.3258,56.3947],[57.3919,56.5311],[57.4008,56.6408],[57.3434,56.7443],[57.2266,56.852],[57.3128,56.9272],[57.4288,56.9562],[57.4665,56.9139],[57.6774,56.9203],[57.7516,56.9447],[57.8467,57.0398],[58.0863,57.099],[57.9992,57.1895],[58.022,57.2768],[57.9395,57.3158],[58.0118,57.4843],[58.0311,57.6093],[58.123,57.6025],[58.1528,57.6824],[58.4471,57.6737],[58.4604,57.5824],[58.5368,57.5639],[58.8013,57.7255],[58.8731,57.8392],[58.7378,57.8541],[58.5854,58.0424],[58.9268,58.2844],[59.1371,58.2606],[59.264,58.3379],[59.2862,58.4192],[59.4525,58.4784],[59.3949,58.5847],[59.4151,58.6627],[59.1529,58.7176],[59.1049,58.7734],[59.0764,58.9066],[59.2049,58.9545],[59.0914,59.0017],[59.1976,59.1464],[58.9597,59.2342],[58.7884,59.2399],[58.6252,59.2983],[58.5226,59.4354],[58.3675,59.4729],[58.4803,59.7119],[58.6018,59.6939],[58.6947,59.8572],[58.8005,59.8428],[58.84,59.9327],[59.0284,60.0147],[59.1021,60.1787],[59.1417,60.2095],[59.2184,60.4443],[59.359,60.524],[59.4288,60.6375],[59.4254,60.7506],[59.4821,60.827],[59.4778,60.94],[59.3874,60.9447],[59.3468,61.0998],[59.2944,61.1609],[59.2612,61.2994],[59.3673,61.3935],[59.4008,61.4651],[59.4026,61.6215],[59.3489,61.6632]]]},"properties":{"osm_id":115135,"name":"Пермский край","iso":"RU-PER","kind":"region","label":[55.6274,58.8842]}},
{"type":"Feature","geometry":{"type":"MultiPolygon","coordinates":[[[[48.4197,60.8372],[48.475,61.0221],[48.9307,61.1386],[49.1268,61.1722],[49.3208,61.1528],[49.5021,61.605],[49.0403,61.6487],[49.2279,62.102],[49.3746,62.1339],[49.5666,62.6222],[49.6403,62.7711],[48.7413,62.8517],[48.6814,62.7021],[48.3522,62.7337],[48.254,62.5075],[48.298,62.4769],[48.3229,62.3072],[47.6594,62.3284],[47.6426,62.1757],[47.3891,62.1814],[47.4029,62.3344],[47.2319,62.3372],[47.2454,62.6387],[47.0609,62.8263],[47.4091,62.9648],[47.5308,63.0499],[47.5674,63.1449],[47.39,63.1563],[47.1602,63.2454],[47.051,63.2539],[46.9427,63.3494],[46.9393,63.4536],[47.0173,63.5777],[46.8099,63.7566],[46.4997,63.8646],[46.1512,63.9439],[45.9434,63.9566],[45.5945,64.057],[45.3993,64.1749],[45.714,64.2574],[45.852,64.278],[46.3211,64.248],[46.6302,64.3169],[47.3445,64.3544],[48.1614,64.3452],[48.1888,64.2306],[48.4647,64.2043],[48.5245,64.3556],[48.8838,64.3267],[48.9611,64.4776],[49.4832,64.4251],[49.5524,64.5758],[49.9125,64.5579],[50.3607,64.5104],[50.4989,64.7927],[50.2329,64.8309],[49.6354,65.288],[49.0522,65.2255],[49.0005,66.1136],[48.0846,66.1293],[48.0291,66.0133],[47.911,66.0323],[47.7492,65.9065],[47.8435,65.8553],[47.7384,65.821],[47.4713,65.8439],[47.1448,65.8213],[46.7704,65.9353],[46.3471,66.0383],[45.8485,66.0854],[45.7033,66.0833],[45.2675,66.1782],[44.8549,66.2306],[44.5895,66.2976],[44.5208,66.3616],[44.2495,66.4362],[43.641,66.708],[42.9544,66.9899],[42.5748,67.3715],[42.0605,67.8789],[41.3126,68.5977],[41.7152,68.07],[42.0547,67.6124],[42.5057,66.9902],[42.3157,66.8619],[41.5639,66.609],[40.7306,66.297],[39.6898,65.9031],[38.2907,65.6918],[37.0459,65.7519],[36.0879,65.7959],[36.0189,65.79],[35.3284,65.9823],[35.2696,65.336],[35.4074,65.1584],[35.4674,65.0001],[35.5608,64.9568],[35.7641,64.7174],[35.9916,64.6284],[36.8475,64.2318],[36.5525,63.9534],[36.5586,63.7948],[36.5904,63.7482],[36.4552,63.6265],[35.9353,63.6054],[35.8928,63.5762],[36.0299,63.4654],[36.1921,63.4256],[36.2619,63.2804],[36.2458,63.2115],[36.3071,63.1508],[36.2581,63.0115],[36.5285,62.7931],[36.8217,62.696],[37.0706,62.6487],[37.3689,62.6779],[37.5487,62.6231],[37.58,62.4984],[37.6372,62.4776],[37.5987,62.3582],[37.4542,62.2419],[37.7018,62.2127],[37.7731,62.1381],[37.8368,61.9825],[37.944,61.9725],[37.8595,61.7556],[37.7598,61.6154],[37.8167,61.5298],[37.8239,61.4004],[37.8807,61.366],[37.8729,61.2905],[38.0182,61.2248],[38.008,61.1417],[38.1236,61.1605],[38.2114,61.0639],[38.1813,60.9851],[38.2179,60.9311],[38.3923,60.893],[38.4049,60.8067],[38.5867,60.7977],[38.62,60.7164],[38.8073,60.7085],[38.8741,60.7666],[39.1432,60.6799],[39.2148,60.7224],[39.34,60.6897],[39.7589,60.7412],[39.8856,60.6539],[40.1859,60.6714],[40.3339,60.6991],[40.4535,60.7773],[40.5749,60.7197],[40.7211,60.7806],[40.7851,60.7153],[41.0851,60.666],[41.1408,60.6358],[41.3425,60.6875],[41.4247,60.818],[41.5091,60.8952],[41.7685,60.8734],[41.9293,60.916],[41.9564,60.847],[42.1116,60.8357],[42.1737,60.7863],[42.3761,60.7684],[42.5402,60.8002],[42.6607,60.889],[42.9196,60.8146],[42.995,60.7299],[43.1351,60.8092],[43.5237,60.7664],[43.5446,60.8579],[43.6577,60.8709],[43.7532,60.9403],[43.784,61.0389],[44.181,61.0615],[44.1603,60.963],[45.2468,60.8921],[45.3381,61.1952],[45.809,61.1615],[45.7606,61.0112],[46.3077,60.9744],[46.4169,61.0204],[46.5421,60.9793],[46.806,60.9654],[46.8163,60.8855],[47.0737,60.8503],[47.1097,60.9434],[47.194,60.997],[47.1932,61.0674],[47.4633,61.0427],[47.8972,61.0168],[47.956,60.9885],[47.9665,60.8792],[48.4197,60.8372]]],[[[35.4203,80.1596],[35.4845,80.0926],[35.7817,80.0105],[36.2643,79.9506],[36.7087,79.9331],[37.4973,79.977],[37.86,80.0557],[37.9643,80.1168],[37.9137,80.2137],[37.6616,80.2898],[37.2752,80.3434],[36.8912,80.3644],[36.3367,80.3622],[35.8712,80.3234],[35.5582,80.2581],[35.4203,80.1596]]],[[[43.6834,80.5924],[43.8104,80.5065],[44.0349,80.4537],[44.7614,80.3578],[45.5498,80.2673],[45.8624,80.1099],[46.1244,80.0396],[46.9856,79.8934],[47.3903,79.8556],[48.259,79.8631],[48.7861,79.8019],[49.3665,79.7912],[50.0934,79.7362],[51.4323,79.7144],[51.8837,79.7363],[52.2528,79.7804],[52.5734,79.8609],[53.2935,79.8089],[53.8882,79.8282],[54.4363,79.9251],[54.5396,79.9974],[55.3502,79.9064],[55.806,79.826],[56.4973,79.8022],[57.2198,79.8602],[57.5015,79.7902],[57.5351,79.7235],[57.8301,79.6315],[58.2334,79.5846],[58.7546,79.5724],[59.3568,79.6161],[59.6978,79.6921],[60.0953,79.6932],[60.6575,79.7369],[61.0292,79.8289],[61.1033,79.9022],[61.0175,80.0003],[61.2481,80.0486],[61.4101,80.1394],[62.1492,80.2103],[62.5606,80.29],[62.673,80.3998],[64.8943,80.5297],[65.8967,80.6553],[66.3562,80.7711],[66.5552,80.8509],[66.6446,81.0152],[66.3838,81.2151],[65.9404,81.3087],[65.0694,81.3828],[64.3622,81.3921],[63.5181,81.3338],[63.0649,81.2651],[62.793,81.1907],[62.4694,81.2521],[61.8926,81.302],[63.0729,81.3809],[63.5634,81.3787],[64.2632,81.4164],[64.9687,81.5349],[65.112,81.6822],[64.8547,81.7799],[64.0285,81.8848],[63.4467,81.907],[62.5648,81.903],[61.4614,81.8486],[60.9948,81.7869],[60.4943,81.9497],[59.9405,82.029],[59.1319,82.0586],[58.4378,82.0494],[57.3564,81.9988],[56.7538,81.925],[56.5452,81.864],[56.5491,81.7351],[55.7659,81.6708],[55.4442,81.577],[54.6435,81.592],[53.5052,81.521],[53.0417,81.4546],[52.8746,81.3942],[52.8912,81.2949],[53.1268,81.2143],[52.9172,81.077],[53.134,80.9727],[52.7718,80.8396],[52.1462,80.955],[52.0777,81.0126],[52.2971,81.1185],[52.266,81.1817],[51.999,81.2766],[51.2193,81.3649],[50.3868,81.3796],[49.8988,81.3568],[49.5213,81.3101],[49.2087,81.2352],[49.1103,81.0783],[48.6783,81.0064],[47.341,81.0555],[46.5791,81.0223],[46.2097,80.9786],[45.9342,80.8988],[45.5037,80.8417],[44.5813,80.801],[43.9116,80.7163],[43.6834,80.5924]]],[[[58.8509,70.7304],[57.4979,71.0074],[57.1129,71.1492],[56.6873,71.3374],[56.3406,71.6384],[56.1881,71.8292],[56.1089,72.0265],[56.2099,72.1262],[56.2572,72.3827],[56.8344,72.759],[57.3325,73.1329],[57.6573,73.258],[58.2016,73.5007],[58.8899,73.8894],[59.3091,74.0835],[59.9674,74.2268],[60.1841,74.3046],[60.497,74.4905],[60.8932,74.6221],[61.6227,74.9191],[62.1048,75.087],[62.6437,75.2373],[63.3264,75.3626],[64.045,75.4222],[64.3095,75.4588],[64.6319,75.5349],[65.5588,75.6233],[66.0283,75.7223],[66.4937,75.7894],[66.8073,75.8097],[67.563,75.9115],[68.3623,76.0496],[68.7379,76.0774],[69.0466,76.155],[69.7052,76.4416],[69.9397,76.6624],[69.9442,76.7385],[69.7991,76.8633],[69.2424,77.0921],[68.869,77.1523],[68.1227,77.2256],[67.7963,77.2428],[67.1793,77.2037],[66.5045,77.0962],[65.4561,76.8884],[65.076,76.755],[64.5723,76.6637],[63.9208,76.6104],[63.3045,76.5068],[62.699,76.4639],[61.7678,76.4964],[60.8278,76.4774],[59.7406,76.3358],[58.8152,76.2549],[58.4404,76.1889],[58.2598,76.1221],[57.9082,75.9231],[56.5217,75.533],[56.0447,75.4107],[55.5224,75.3445],[55.1671,75.2445],[54.9778,75.0761],[55.0662,74.9409],[55.0429,74.8171],[54.6723,74.4803],[54.2946,74.2362],[53.7835,74.0506],[53.1453,73.9182],[52.9796,73.8009],[53.0385,73.6472],[53.2953,73.5596],[51.9929,72.9575],[50.993,72.1722],[50.7884,71.9207],[50.7962,71.6343],[51.6608,71.1282],[52.5627,70.7962],[53.2954,70.5222],[55.289,70.2862],[57.2086,70.2199],[57.8842,70.4422],[58.8509,70.7304]]]]},"properties":{"osm_id":140337,"name":"Архангельская область","iso":"RU-ARK","kind":"region","label":[52.6134,71.3472]}},
{"type":"Feature","geometry":{"type":"Polygon","coordinates":[[[36.1817,58.5116],[36.3644,58.503],[36.6282,58.6206],[36.6564,58.6941],[36.8292,58.7421],[36.782,58.8002],[36.8479,58.8362],[36.9593,58.8283],[37.071,58.8631],[37.1917,58.8201],[37.2027,58.7476],[37.3598,58.6491],[37.414,58.5835],[37.628,58.4831],[37.7196,58.5473],[37.7121,58.6257],[37.8984,58.6152],[37.9835,58.7071],[38.0646,58.7301],[38.413,58.7268],[38.5573,58.7728],[38.6739,58.7456],[38.9233,58.7333],[38.941,58.8056],[39.0176,58.8492],[38.9442,58.9074],[39.1241,58.951],[39.2349,58.9153],[39.3343,58.9262],[39.7128,58.8376],[39.7824,58.838],[39.871,58.7524],[40.0144,58.736],[40.0883,58.5952],[40.1859,58.5551],[40.4422,58.5372],[40.6085,58.5854],[40.7826,58.5941],[40.9301,58.5763],[41.0522,58.6068],[41.2301,58.741],[41.1559,58.8031],[41.2588,58.8382],[41.1757,58.9336],[41.2682,58.992],[41.349,58.9519],[41.5252,59.0413],[41.7144,59.0849],[42.0013,59.1047],[42.0903,59.1559],[42.0987,59.2498],[41.9514,59.2611],[41.9865,59.3929],[42.0349,59.4295],[42.2163,59.4085],[42.2028,59.3275],[42.3484,59.3046],[42.6364,59.3282],[42.6924,59.2235],[42.7921,59.174],[43.0522,59.2112],[43.1752,59.263],[43.2842,59.243],[43.4207,59.2913],[43.6109,59.1898],[43.696,59.2606],[43.9008,59.2394],[43.9482,59.2081],[44.0907,59.2341],[44.2078,59.2257],[44.1902,59.1701],[45.0396,59.1218],[45.0563,59.1983],[45.3339,59.1839],[45.3405,59.216],[45.979,59.1716],[46.0203,59.3239],[46.1658,59.3537],[46.3689,59.3425],[46.4063,59.4964],[46.4089,59.6186],[46.7898,59.5931],[46.7972,59.6236],[47.1178,59.599],[47.1529,59.7522],[46.9223,59.7655],[47.0348,60.1264],[46.9206,60.1232],[46.8908,60.0758],[46.7609,60.062],[46.5885,60.0804],[46.378,60.1321],[46.3296,60.2148],[46.4215,60.2644],[46.5106,60.243],[46.636,60.2627],[46.763,60.2337],[46.8163,60.2974],[46.7585,60.3648],[46.8717,60.4142],[46.8738,60.5135],[46.9526,60.5352],[47.0131,60.6245],[46.9644,60.6572],[47.0331,60.7257],[47.0737,60.8503],[46.8163,60.8855],[46.806,60.9654],[46.5421,60.9793],[46.4169,61.0204],[46.3077,60.9744],[45.7606,61.0112],[45.809,61.1615],[45.3381,61.1952],[45.2468,60.8921],[44.1603,60.963],[44.181,61.0615],[43.784,61.0389],[43.7532,60.9403],[43.6577,60.8709],[43.5446,60.8579],[43.5237,60.7664],[43.1351,60.8092],[42.995,60.7299],[42.9196,60.8146],[42.6607,60.889],[42.5402,60.8002],[42.3761,60.7684],[42.1737,60.7863],[42.1116,60.8357],[41.9564,60.847],[41.9293,60.916],[41.7685,60.8734],[41.5091,60.8952],[41.4247,60.818],[41.3425,60.6875],[41.1408,60.6358],[41.0851,60.666],[40.7851,60.7153],[40.7211,60.7806],[40.5749,60.7197],[40.4535,60.7773],[40.3339,60.6991],[40.1859,60.6714],[39.8856,60.6539],[39.7589,60.7412],[39.34,60.6897],[39.2148,60.7224],[39.1432,60.6799],[38.8741,60.7666],[38.8073,60.7085],[38.62,60.7164],[38.5867,60.7977],[38.4049,60.8067],[38.3923,60.893],[38.2179,60.9311],[38.1813,60.9851],[38.2114,61.0639],[38.1236,61.1605],[38.008,61.1417],[38.0182,61.2248],[37.8729,61.2905],[37.8807,61.366],[37.8239,61.4004],[37.8167,61.5298],[37.7056,61.5397],[37.4671,61.511],[37.3046,61.5101],[37.03,61.6142],[36.8838,61.5625],[36.5843,61.5395],[36.4596,61.4072],[35.7013,61.2143],[35.6967,61.0035],[35.5262,60.9206],[35.4617,60.8569],[35.242,60.8343],[35.1755,60.7701],[35.2988,60.6014],[35.238,60.2914],[35.1626,60.256],[35.1555,60.1519],[35.3214,59.9808],[35.4464,59.9776],[35.4471,59.9168],[35.375,59.8579],[35.4074,59.7194],[35.6152,59.7124],[35.6056,59.6144],[35.4947,59.6519],[35.4937,59.5357],[35.3163,59.5203],[35.4316,59.4273],[35.393,59.3809],[35.177,59.2612],[35.0386,59.254],[34.8633,59.2156],[34.8346,59.1273],[34.7224,59.0849],[34.8649,59.0555],[34.8683,58.9906],[34.9623,58.9483],[35.1789,58.9488],[35.1319,58.8683],[35.2787,58.7863],[35.4094,58.8493],[35.5526,58.8473],[35.5793,58.8103],[35.745,58.8221],[35.7832,58.7537],[35.9734,58.7493],[36.1069,58.7165],[36.1605,58.6179],[36.2231,58.5757],[36.1817,58.5116]]]},"properties":{"osm_id":115106,"name":"Вологодская область","iso":"RU-VLG","kind":"region","label":[40.936,60.0458]}},
{"type":"Feature","geometry":{"type":"Polygon","coordinates":[[[84.4409,62.1957],[84.6981,62.3905],[84.9226,62.4761],[84.8997,62.5575],[85.0992,62.6412],[85.2142,62.7985],[85.3671,62.8791],[85.5151,62.8986],[85.503,62.9816],[85.6198,63.0345],[85.499,63.153],[85.5679,63.2837],[85.7056,63.3385],[85.6884,63.3725],[85.4194,63.3653],[85.4174,63.4372],[85.2817,63.5199],[85.0784,63.5339],[85.3016,63.6476],[85.3647,63.8488],[85.482,63.9143],[85.7521,64.0019],[85.967,64.0485],[85.9336,64.132],[86.0073,64.2721],[85.9216,64.4316],[85.8043,64.4969],[85.9073,64.5741],[85.8194,64.6799],[85.8337,64.7843],[85.7358,64.8236],[85.5279,64.8522],[85.3145,64.7899],[85.1311,64.7963],[84.9596,64.8359],[85.0322,64.9101],[84.8465,64.9447],[84.4388,64.9063],[84.3218,64.9201],[84.2884,65.1041],[84.3835,65.2019],[84.5424,65.2444],[84.5671,65.317],[84.4934,65.3903],[84.5094,65.4774],[84.2827,65.6176],[84.2792,65.6842],[84.1515,65.6948],[83.9665,65.7923],[83.7622,65.7894],[83.5634,65.762],[83.4735,65.8145],[83.5487,65.9024],[83.311,65.9863],[83.2694,66.0492],[83.3563,66.1194],[83.5392,66.1874],[83.2381,66.3829],[83.1199,66.4025],[83.0762,66.4629],[83.0905,66.5947],[83.2753,66.6425],[83.2678,66.6983],[83.1449,66.8303],[82.7306,67.0033],[82.1328,67.219],[82.2833,67.3071],[82.261,67.4303],[82.3974,67.5218],[82.2602,67.5446],[82.0301,67.6436],[82.0941,67.721],[81.8554,67.7976],[81.7287,67.9002],[81.7728,67.9471],[81.9739,67.9595],[82.3356,67.9333],[82.3961,67.9674],[82.3478,68.124],[82.5522,68.1671],[82.714,68.4052],[82.621,68.5478],[82.6488,68.6088],[82.8727,68.6743],[82.8007,68.7592],[82.5945,68.807],[82.4937,68.9716],[82.3156,69.0538],[82.461,69.0773],[82.3959,69.1739],[82.1385,69.1623],[81.8517,69.1935],[81.8053,69.2537],[81.9612,69.3525],[81.822,69.4271],[81.641,69.4136],[81.6765,69.3166],[81.4345,69.2484],[81.3417,69.2828],[81.0102,69.2095],[80.7959,69.2696],[80.7622,69.3064],[80.4326,69.3311],[80.2367,69.366],[79.9178,69.3523],[79.6473,69.4742],[79.5108,69.6291],[79.4168,69.6612],[79.1329,69.6854],[79.1175,69.7887],[78.995,69.8066],[78.9625,69.8788],[79.1097,69.9327],[79.1651,70.0218],[79.3242,70.0903],[79.5074,70.1118],[79.7551,70.2757],[79.8786,70.2619],[80.0235,70.3316],[80.4142,70.4605],[80.6177,70.4539],[80.7235,70.5068],[80.8171,70.6217],[80.6498,70.6874],[80.7131,70.8104],[80.6387,70.8331],[80.584,71.0432],[79.997,71.1165],[79.4339,71.2961],[79.2202,71.3074],[79.1337,71.3933],[79.3136,71.4543],[79.3667,71.6062],[79.8244,71.5858],[79.9707,71.6036],[80.1419,71.6715],[80.1453,71.7594],[80.0734,71.8243],[80.3786,71.8779],[79.8218,72.0322],[79.3734,72.0407],[79.1401,72.0647],[78.7521,72.1696],[78.6533,72.2486],[78.5086,72.2937],[78.4786,72.3546],[78.6499,72.4703],[78.0856,72.6695],[77.7647,73.0251],[77.7299,73.6395],[77.0604,73.607],[76.6175,73.6792],[76.287,73.7138],[75.7703,73.7204],[75.3004,73.6866],[75.0506,73.6335],[74.7642,73.5143],[74.6818,73.4352],[74.3857,73.309],[73.8954,73.2627],[72.2103,73.3381],[71.8686,73.5125],[71.4698,73.6173],[71.0716,73.6677],[70.7532,73.6758],[70.0818,73.6273],[69.6184,73.5477],[69.3768,73.4642],[68.7283,72.9926],[68.6127,72.8619],[68.4471,72.7942],[68.321,72.6832],[68.2927,72.5835],[68.1889,72.4472],[68.1352,72.2924],[67.8952,71.8918],[67.7143,71.7593],[67.4758,71.6524],[67.0357,71.5206],[66.5099,71.4185],[66.3737,71.3574],[66.2292,71.2118],[65.9647,70.9964],[65.8532,70.8511],[65.8153,70.7049],[65.8951,70.5157],[66.0949,70.3698],[66.321,70.2857],[66.3865,70.11],[64.965,69.5639],[65.1318,69.3387],[65.0314,69.2014],[64.8595,69.1726],[64.7115,69.0796],[64.5389,69.0288],[64.5181,68.9789],[64.6246,68.9327],[64.5573,68.8676],[64.8095,68.8777],[65.0853,68.811],[65.3967,68.7933],[65.3527,68.7424],[65.4361,68.6468],[65.6526,68.5838],[65.6091,68.4905],[65.4738,68.4184],[65.3645,68.2822],[65.2747,68.2346],[65.3491,68.1],[65.3194,68.0161],[65.4409,67.9098],[65.5527,67.9329],[65.7663,67.9212],[65.9207,67.9608],[66.1335,67.9147],[66.0217,67.8099],[66.2267,67.7539],[66.2207,67.6849],[65.8457,67.6676],[65.8227,67.5386],[66.0482,67.5805],[66.0933,67.4951],[66.0102,67.4091],[65.6986,67.3808],[65.7447,67.3331],[65.6019,67.2997],[65.4262,67.2094],[65.3189,67.2031],[65.1809,67.1425],[65.2447,67.0937],[65.0819,67.0393],[65.1392,66.9077],[64.8771,66.8348],[64.5533,66.7966],[64.5447,66.7288],[64.3939,66.7217],[64.2615,66.6454],[63.9755,66.6326],[63.8021,66.5319],[63.6267,66.5109],[63.3313,66.4132],[63.234,66.3011],[63.1381,66.2569],[62.8692,66.0643],[62.8313,65.9974],[62.9041,65.9651],[62.7762,65.9041],[62.7997,65.8577],[62.4838,65.844],[62.4689,65.8231],[62.0004,65.7177],[62.1628,65.6414],[62.2653,65.6323],[62.313,65.5352],[62.4254,65.5037],[62.3665,65.4321],[62.4592,65.3378],[62.8721,65.2906],[62.8173,65.1947],[62.8237,65.0546],[62.6952,64.8728],[62.807,64.8407],[62.8115,64.7364],[62.5896,64.6404],[62.5576,64.5585],[62.7148,64.4966],[62.9134,64.4677],[63.0524,64.5157],[63.2473,64.5204],[63.4775,64.4561],[63.517,64.3632],[63.4101,64.3337],[63.6113,64.2705],[63.9134,64.2877],[64.0433,64.3594],[64.4823,64.3711],[64.6038,64.4427],[64.7242,64.4304],[64.9831,64.4701],[65.1773,64.4681],[65.3763,64.5558],[65.9331,64.5552],[66.1991,64.5907],[66.4556,64.527],[66.7114,64.5541],[66.9709,64.5087],[66.9898,64.4524],[66.8469,64.3402],[66.8368,64.2121],[67.1727,64.1563],[67.1869,64.1179],[67.4681,64.0776],[67.6824,64.0766],[67.8326,64.0464],[68.4488,64.2877],[68.552,64.2872],[68.7438,64.2336],[68.9178,64.2696],[69.0355,64.3233],[68.8585,64.4385],[69.2797,64.4756],[69.3937,64.3887],[69.7249,64.3959],[69.8885,64.3217],[70.0865,64.3188],[70.2923,64.3425],[70.4492,64.2492],[70.6625,64.239],[70.7709,64.1911],[70.7665,64.1124],[70.5589,64.0153],[70.6889,63.941],[70.7062,63.8868],[70.8257,63.8219],[70.9227,63.7028],[71.2471,63.7005],[71.4559,63.6833],[71.5632,63.5708],[71.5362,63.4693],[71.6455,63.1928],[72.1283,63.2968],[72.4064,63.2994],[72.6631,63.2815],[72.871,63.3557],[72.896,63.3969],[73.0536,63.4263],[73.1062,63.3782],[73.2633,63.3348],[73.3638,63.2322],[73.4982,63.188],[74.0039,63.1681],[74.2532,63.173],[74.5243,63.0364],[74.9415,63.0253],[75.0803,63.0685],[75.3126,63.0971],[75.605,63.0881],[75.7784,63.1171],[75.8934,63.1065],[76.2667,63.0132],[76.34,62.9513],[76.6669,63.0348],[76.8516,62.9887],[77.0256,62.972],[77.1368,62.8114],[77.3781,62.7079],[77.8704,62.5759],[78.0929,62.4641],[78.1346,62.4928],[78.406,62.5604],[78.5195,62.5611],[78.7395,62.6022],[79.8434,62.6086],[79.9083,62.785],[80.093,62.8179],[80.5888,63.0102],[80.5884,63.0781],[80.6809,63.1159],[80.9219,63.1566],[81.0369,63.1471],[81.0435,63.0645],[81.1503,62.9687],[81.3199,62.9099],[81.2912,62.8585],[81.3913,62.8169],[81.6387,62.7794],[81.6655,62.7306],[81.8413,62.6959],[82.1593,62.813],[82.2894,62.7663],[82.4602,62.7752],[82.7619,62.7494],[82.759,62.66],[83.0493,62.5893],[83.0235,62.5263],[83.3242,62.458],[83.5533,62.5274],[83.6227,62.5032],[83.814,62.5699],[83.9604,62.4902],[84.0003,62.4139],[84.1021,62.3773],[84.2391,62.3815],[84.2983,62.2693],[84.4409,62.1957]]]},"properties":{"osm_id":191706,"name":"Ямало-Ненецкий автономный округ","iso":"RU-YAN","kind":"region","label":[74.0039,67.9587]}},
{"type":"Feature","geometry":{"type":"Polygon","coordinates":[[[35.3284,65.9823],[36.0189,65.79],[36.0879,65.7959],[37.0459,65.7519],[38.2907,65.6918],[39.6898,65.9031],[40.7306,66.297],[41.5639,66.609],[42.3157,66.8619],[42.5057,66.9902],[42.0547,67.6124],[41.7152,68.07],[41.3126,68.5977],[39.7597,68.3746],[39.1773,68.4723],[38.7769,68.5645],[38.1954,68.8258],[37.7455,68.9648],[36.9704,69.1573],[36.5888,69.2659],[35.964,69.3967],[34.6531,69.5165],[34.2746,69.5803],[33.6188,69.8269],[33.4612,69.8944],[32.3722,70.1148],[32.0535,70.15],[31.7798,70.1449],[31.4448,70.0997],[31.1043,69.9793],[30.8176,69.7948],[30.9462,69.6776],[30.939,69.5611],[30.8035,69.5289],[30.516,69.5404],[30.224,69.6531],[30.1176,69.4699],[29.9653,69.4057],[29.8505,69.4228],[29.5736,69.3187],[29.2915,69.2976],[29.314,69.2312],[29.2421,69.113],[29.0567,69.0152],[28.9293,69.0519],[28.4958,68.9301],[28.468,68.8854],[28.8008,68.8693],[28.7064,68.7322],[28.4339,68.5397],[28.6461,68.1963],[29.3271,68.0745],[29.6594,67.803],[30.0171,67.6735],[29.9302,67.5225],[29.6363,67.333],[29.5163,67.2805],[29.0733,66.9962],[29.0605,66.8531],[29.3232,66.6621],[30.6398,66.6584],[31.5759,66.654],[31.6212,66.5024],[31.7919,66.4952],[31.83,66.3714],[31.937,66.351],[32.3427,66.3454],[32.3604,66.4752],[32.5481,66.4795],[32.5573,66.5761],[32.8656,66.5833],[33.2333,66.5494],[33.5972,66.4951],[34.0003,66.4102],[34.8425,66.1534],[35.3284,65.9823]]]},"properties":{"osm_id":2099216,"name":"Мурманская область","iso":"RU-MUR","kind":"region","label":[35.4607,67.9224]}},
{"type":"Feature","geometry":{"type":"Polygon","coordinates":[[[40.1909,55.365],[40.1546,55.2644],[39.9554,55.2074],[39.8379,55.2046],[39.7493,55.1477],[39.8626,55.1111],[39.8056,55.0083],[39.6254,55.0251],[39.4752,54.9459],[39.3352,54.7629],[39.2321,54.7186],[39.2343,54.6416],[38.9384,54.6345],[38.8268,54.6064],[38.7819,54.4786],[38.9307,54.4393],[38.9406,54.408],[38.713,54.3485],[38.666,54.2567],[38.7224,54.2379],[38.773,54.1273],[38.6848,54.0982],[38.7948,54.0219],[38.7791,53.9701],[38.8881,53.9193],[38.8505,53.7582],[38.9214,53.7663],[38.9375,53.5742],[39.054,53.5792],[39.189,53.3936],[39.3566,53.3945],[39.5586,53.4402],[39.595,53.5306],[39.7452,53.5828],[39.837,53.5678],[39.9332,53.5136],[39.9899,53.404],[40.1427,53.3812],[40.1707,53.3126],[40.3698,53.3398],[40.4253,53.3882],[40.4099,53.461],[40.5032,53.4577],[40.7009,53.5562],[41.0375,53.4779],[41.0399,53.4298],[41.1451,53.4166],[41.1859,53.4729],[41.3539,53.5254],[41.3631,53.7662],[41.498,53.7728],[41.5477,53.8113],[41.842,53.82],[42.1436,53.8028],[42.351,53.8537],[42.4447,53.9961],[42.262,54.0877],[42.4175,54.1034],[42.5855,54.1782],[42.3959,54.2546],[42.5118,54.3569],[42.6292,54.376],[42.5674,54.4427],[42.5682,54.5056],[42.6513,54.5876],[42.5445,54.6754],[42.4266,54.719],[42.3881,54.7807],[42.4423,54.8254],[42.4944,54.9077],[42.4453,55.0255],[42.2272,54.9589],[41.9983,54.9953],[41.7928,55.1014],[41.6572,55.1121],[41.5372,55.173],[41.442,55.1445],[41.2944,55.2337],[41.0595,55.2065],[41.0021,55.2719],[40.9031,55.2377],[40.613,55.2178],[40.5272,55.3023],[40.3581,55.2896],[40.1909,55.365]]]},"properties":{"osm_id":71950,"name":"Рязанская область","iso":"RU-RYA","kind":"region","label":[40.679,54.3378]}},
{"type":"Feature","geometry":{"type":"Polygon","coordinates":[[[57.4084,56.3399],[57.1956,56.2509],[57.2101,56.1779],[57.0786,56.1613],[56.9241,56.1052],[56.7824,56.1646],[56.4073,56.4038],[56.2675,56.3059],[56.0792,56.2953],[55.9414,56.3887],[55.7739,56.446],[55.5328,56.3795],[55.3852,56.3171],[55.1321,56.3457],[54.9463,56.3378],[54.9293,56.3803],[54.7336,56.4304],[54.6707,56.4982],[54.5371,56.5152],[54.4853,56.4104],[54.3721,56.374],[54.3985,56.2647],[54.1995,56.2009],[54.0879,56.1083],[54.0358,56.0221],[53.9742,56.0054],[53.8454,56.0449],[53.8182,55.9722],[53.7039,55.9279],[53.8647,55.8875],[53.9562,55.7805],[54.04,55.8084],[54.1715,55.7168],[54.198,55.6435],[54.0234,55.5384],[53.9786,55.4659],[53.8617,55.3658],[53.7228,55.3263],[53.6023,55.2626],[53.6166,55.2143],[53.4097,55.225],[53.3187,55.1622],[53.1578,55.1656],[53.1703,55.1052],[53.2695,55.0487],[53.4834,54.969],[53.5931,54.8097],[53.6177,54.697],[53.4325,54.5714],[53.4296,54.4312],[53.3969,54.3699],[53.4461,54.2586],[53.4235,54.2308],[53.5006,54.0561],[53.5895,53.897],[53.6448,53.7531],[53.8508,53.684],[54.0748,53.4417],[54.2537,53.3619],[54.3155,53.4039],[54.402,53.3693],[54.5476,53.3552],[54.5517,53.2632],[54.6604,53.2146],[54.8153,53.266],[54.9273,53.2122],[54.9565,53.1191],[55.1252,52.865],[55.2423,52.8178],[55.3496,52.8521],[55.4208,52.7908],[55.34,52.7676],[55.4036,52.6677],[55.4639,52.6246],[55.4962,52.4169],[55.6183,52.3719],[55.7705,52.3472],[55.8821,52.3962],[55.8482,52.4703],[55.8722,52.5345],[56.0064,52.5489],[56.074,52.6213],[56.2622,52.5459],[56.3326,52.5853],[56.406,52.5597],[56.3511,52.4969],[56.4234,52.4234],[56.455,52.2981],[56.3592,52.2805],[56.2379,52.2187],[56.2014,52.1402],[56.2682,52.1219],[56.4709,52.1688],[56.6224,52.1242],[56.7046,52.0601],[56.6109,51.8269],[56.6963,51.8058],[56.7711,51.6693],[56.7744,51.5851],[56.8923,51.6064],[56.8861,51.6771],[56.9933,51.7181],[57.0865,51.6878],[57.1605,51.5757],[57.3058,51.6071],[57.4073,51.6914],[57.3959,51.7273],[57.5737,51.7256],[57.6109,51.7851],[57.7152,51.86],[57.7544,51.8254],[57.9124,51.8358],[57.9552,51.7938],[58.1095,51.7919],[58.1647,51.7184],[58.3292,51.7702],[58.5749,51.7717],[58.5747,51.827],[58.6556,51.893],[58.6527,52.0788],[58.6167,52.1366],[58.7426,52.2587],[58.8847,52.2445],[58.9532,52.2871],[58.9454,52.3397],[58.837,52.3558],[58.8549,52.4258],[58.7961,52.4318],[58.7812,52.5204],[58.824,52.5933],[58.751,52.611],[58.8047,52.6951],[58.7608,52.8496],[58.8391,53.024],[58.9134,53.0561],[58.8972,53.4935],[58.9064,53.5477],[58.8134,53.5916],[58.9069,53.6425],[58.8913,53.7196],[58.9255,53.7848],[58.9077,53.8627],[59.0002,53.9516],[59.1088,53.9562],[59.1882,54.0036],[59.3257,54.1878],[59.5253,54.1861],[59.6624,54.1428],[59.7893,54.2443],[59.7551,54.3146],[59.6718,54.3397],[59.7399,54.4557],[59.6822,54.5224],[59.8538,54.609],[59.9469,54.7699],[59.8755,54.8384],[59.618,54.9061],[59.5368,54.8414],[59.5228,54.7798],[59.2888,54.6582],[59.2642,54.6185],[59.0665,54.6498],[58.9534,54.5848],[58.7391,54.5377],[58.7147,54.4782],[58.5993,54.4614],[58.4227,54.559],[58.1685,54.5024],[58.0124,54.3965],[57.91,54.4183],[57.7534,54.5027],[57.7456,54.582],[57.6268,54.6179],[57.6037,54.678],[57.2464,54.7696],[57.1566,54.8703],[57.2506,54.9409],[57.1313,55.085],[57.2415,55.1496],[57.2633,55.2192],[57.3939,55.3172],[57.5301,55.337],[57.6413,55.3015],[57.8829,55.3023],[58.0232,55.2765],[58.1177,55.1917],[58.0059,55.1414],[58.0327,55.0279],[57.9329,54.9486],[58.0051,54.9062],[58.1129,54.9436],[58.1283,55.0172],[58.194,55.0717],[58.1297,55.1271],[58.2632,55.1717],[58.3448,55.1499],[58.4297,55.0663],[58.4221,55.0179],[58.5977,54.9563],[58.7271,54.9679],[58.8065,55.0287],[58.6929,55.151],[58.7254,55.2897],[59.16,55.3424],[59.1443,55.4126],[59.1832,55.4684],[59.2814,55.464],[59.5789,55.5166],[59.6549,55.5919],[59.4685,55.5948],[59.3358,55.6316],[59.2986,55.7015],[59.3205,55.7614],[59.2251,55.8498],[59.2459,55.9508],[59.1926,56.0252],[59.2865,56.0347],[59.319,56.1289],[59.0423,56.1687],[58.9803,56.0758],[58.7131,56.0956],[58.5815,56.1661],[58.3836,56.0816],[58.1643,56.1395],[57.9139,56.1073],[57.8937,56.1416],[57.6862,56.1366],[57.6458,56.093],[57.5161,56.0972],[57.4671,56.1342],[57.5058,56.1996],[57.4068,56.2721],[57.4084,56.3399]]]},"properties":{"osm_id":77677,"name":"Башкортостан","iso":"RU-BA","kind":"region","label":[56.5797,54.0521]}},
{"type":"Feature","geometry":{"type":"Polygon","coordinates":[[[41.7144,45.9824],[41.7019,46.0521],[41.6378,46.1761],[41.7385,46.1858],[41.8626,46.1442],[41.9111,46.2551],[41.9623,46.298],[42.1704,46.2978],[42.1642,46.3827],[42.1007,46.3745],[42.0446,46.5342],[42.2004,46.5584],[42.3971,46.5111],[42.5985,46.3839],[42.7691,46.3687],[42.7811,46.4028],[42.9317,46.4469],[43.3392,46.1671],[43.5383,46.1572],[43.6303,46.1754],[43.751,46.3612],[43.8097,46.3811],[43.8897,46.3138],[43.9239,46.3873],[43.9306,46.535],[43.8128,46.5719],[43.882,46.6235],[43.9131,46.7159],[44.034,46.765],[44.0868,46.8355],[44.1569,46.8232],[44.2485,46.8897],[44.3242,47.1424],[44.3122,47.4779],[44.2329,47.4785],[44.2341,47.5491],[44.1351,47.5449],[44.1326,47.4135],[43.9641,47.4002],[43.9257,47.3287],[43.9395,47.2588],[43.7959,47.2688],[43.7879,47.3554],[43.7112,47.4742],[43.5872,47.4857],[43.3146,47.4476],[43.1553,47.466],[43.1503,47.5327],[43.0526,47.5437],[42.9255,47.5191],[42.8464,47.6717],[42.7591,47.7612],[42.7202,47.8759],[42.6296,47.9088],[42.5252,48.0186],[42.3916,48.0093],[42.2161,48.0327],[42.0273,48.0252],[42.0198,48.0873],[42.1291,48.1409],[42.0628,48.2656],[42.181,48.2769],[42.0857,48.4157],[42.3087,48.5153],[42.437,48.5033],[42.7045,48.5869],[42.667,48.7262],[42.7451,48.7743],[42.7478,48.8225],[42.6817,48.8774],[42.6816,48.9376],[42.5004,49.0101],[42.4032,49.0025],[42.3504,49.0504],[42.3398,49.1393],[42.1893,49.1223],[42.0211,49.1338],[42.0781,49.341],[42.038,49.4031],[42.0819,49.5119],[42.1844,49.6757],[42.1363,49.7329],[41.8769,49.9075],[41.7514,49.9185],[41.6174,49.9596],[41.6108,50.0415],[41.4938,50.0812],[41.401,50.2028],[41.2889,50.1632],[41.3837,50.1139],[41.2978,50.0215],[41.1929,50.0118],[41.0821,49.9434],[41.0471,49.8092],[40.921,49.7005],[40.7959,49.7012],[40.779,49.6672],[40.637,49.673],[40.5493,49.581],[40.3746,49.5876],[40.2775,49.6284],[40.1355,49.6171],[40.1704,49.5689],[40.0391,49.5206],[40.0296,49.4541],[40.2005,49.3458],[40.1864,49.2812],[40.0773,49.1869],[40.0321,49.1799],[39.9385,49.0827],[39.6932,49.0506],[39.7764,48.9208],[39.8529,48.8908],[40.0585,48.904],[40.0798,48.87],[39.9761,48.7935],[39.7998,48.8423],[39.7047,48.7078],[39.6674,48.6208],[39.7203,48.5849],[39.8554,48.5602],[39.851,48.4677],[39.8977,48.448],[39.9467,48.3541],[39.841,48.3289],[40.0207,48.2536],[39.943,48.2292],[39.8764,48.1188],[39.8834,48.041],[39.8164,48.0008],[39.7948,47.8711],[39.7378,47.8276],[39.5656,47.8365],[39.3876,47.8713],[39.2419,47.8674],[39.1098,47.8425],[39.0831,47.8697],[38.843,47.8654],[38.7893,47.8156],[38.7726,47.6851],[38.6688,47.6988],[38.6165,47.6446],[38.4567,47.6442],[38.3507,47.6167],[38.2849,47.5442],[38.3026,47.3916],[38.221,47.3054],[38.3363,47.3063],[38.3245,47.2566],[38.2328,47.229],[38.2299,47.1195],[38.3381,46.9808],[38.6597,47.003],[38.6857,46.8262],[38.8959,46.8265],[38.902,46.6345],[39.0154,46.6336],[39.0723,46.599],[39.2088,46.6206],[39.2618,46.7082],[39.2626,46.7943],[39.8408,46.7891],[40.0632,46.7719],[40.1163,46.7182],[40.1167,46.6461],[40.0644,46.628],[40.0646,46.5428],[40.2215,46.5378],[40.286,46.4484],[40.2723,46.3145],[40.3241,46.283],[40.5373,46.2727],[40.7435,46.2855],[40.7445,46.2291],[40.9257,46.23],[40.9791,46.1179],[41.0695,46.1133],[41.1218,46.0596],[41.1609,45.9517],[41.3931,45.9524],[41.3928,45.9972],[41.7144,45.9824]]]},"properties":{"osm_id":85606,"name":"Ростовская область","iso":"RU-ROS","kind":"region","label":[41.2725,48.0831]}},
{"type":"Feature","geometry":{"type":"Polygon","coordinates":[[[158.5434,66.3352],[158.4483,66.2729],[158.4323,66.2034],[158.5007,66.0935],[158.2877,66.1007],[158.1883,66.1426],[158.041,66.1172],[157.7449,66.0995],[157.6214,66.0227],[157.4447,66.0002],[157.4587,65.9366],[157.3352,65.8918],[157.0839,65.9146],[156.9674,65.9605],[157.0025,66.0126],[156.7666,66.1225],[156.6443,66.148],[156.427,66.0383],[156.3461,66.0611],[155.9485,66.0678],[155.8129,66.1474],[155.659,66.122],[155.3724,66.1296],[155.2645,66.1819],[154.9463,66.1106],[154.8017,66.1749],[154.5891,66.2191],[154.3945,66.1828],[154.365,66.1034],[154.4157,65.9502],[154.2668,65.8063],[153.9567,65.873],[153.6787,65.8424],[153.5326,65.7996],[153.484,65.7471],[153.5771,65.6898],[153.4423,65.4853],[153.5899,65.4074],[153.4942,65.3464],[153.1917,65.2977],[153.1835,65.2702],[152.9088,65.2507],[152.6615,65.1685],[152.6302,65.0605],[152.5193,64.9766],[152.5757,64.8149],[152.6517,64.8096],[152.8449,64.7032],[152.7265,64.6244],[152.3584,64.5086],[152.4355,64.4678],[152.4474,64.3955],[152.1421,64.3794],[152.0478,64.4679],[151.9202,64.4747],[151.482,64.4209],[151.3706,64.3673],[151.0022,64.3339],[150.6384,64.3371],[150.6751,64.2687],[150.6424,64.17],[150.4319,64.2045],[150.2336,64.2132],[150.0168,64.3509],[150.1291,64.4693],[149.9775,64.5444],[149.8425,64.563],[149.5814,64.4717],[149.5018,64.4053],[149.3395,64.3768],[149.1952,64.3818],[149.1643,64.4264],[148.926,64.4299],[148.705,64.4032],[148.384,64.5303],[148.0875,64.394],[148.2574,64.2998],[148.2961,64.2361],[148.1597,64.1025],[148.1766,64.0234],[148.0691,63.9954],[148.0188,63.9365],[147.7882,63.9546],[147.6515,64.0678],[147.7328,64.1152],[147.6425,64.1793],[147.3545,64.1183],[147.3205,64.0467],[147.2203,64.042],[147.0118,64.1335],[146.6924,64.1508],[146.4199,64.1985],[146.3313,64.0676],[146.2318,64.015],[146.1692,63.93],[146.0145,63.9165],[145.5821,63.8249],[145.6549,63.7871],[145.674,63.6738],[145.6053,63.643],[145.4916,63.5133],[145.383,63.3049],[145.2577,63.2435],[145.2518,63.148],[145.4095,62.8667],[145.3527,62.7472],[145.4415,62.6296],[145.4338,62.5304],[145.227,62.5041],[145.1497,62.3987],[145.2096,62.3029],[145.1292,62.2485],[144.8775,62.1333],[144.7365,62.0954],[144.7374,62.0457],[144.9896,62.0512],[145.0464,61.9972],[145.2872,62.0028],[145.4497,61.9526],[145.6411,61.9828],[145.6634,62.0346],[145.9868,61.992],[146.2377,61.9001],[146.3463,61.8418],[146.3872,61.7438],[146.5955,61.6373],[146.5926,61.5476],[146.7398,61.4686],[146.7435,61.3763],[146.6999,61.303],[146.7575,61.2099],[146.6889,61.0942],[146.7052,60.9498],[146.4993,60.9403],[146.5178,60.8469],[146.4475,60.7543],[146.444,60.6711],[146.3361,60.6527],[146.1606,60.7414],[145.9203,60.6558],[145.9309,60.6191],[145.7136,60.595],[145.6551,60.5288],[145.5289,60.4948],[145.5301,60.4222],[145.6373,60.4146],[145.5744,60.3356],[145.637,60.2648],[145.857,60.1705],[145.9789,60.2025],[146.2173,60.2086],[146.3724,60.2506],[146.4846,60.1928],[146.5004,60.1233],[146.6891,60.0873],[146.7021,59.9716],[146.8016,59.9053],[146.9422,59.9519],[147.0393,59.9479],[147.1183,59.8862],[147.2168,59.7353],[147.1292,59.697],[147.1475,59.5019],[147.111,59.4092],[146.937,59.3877],[146.9499,59.1511],[147.1512,59.1191],[147.2753,59.0763],[147.4698,59.0397],[147.8216,59.0597],[148.5776,59.0515],[148.7738,58.9432],[149.0174,58.9151],[150.4073,58.8035],[150.6723,58.8062],[150.9834,58.7659],[151.0645,58.7003],[151.1906,58.6542],[151.341,58.6375],[151.6899,58.6422],[152.1524,58.6924],[152.4051,58.7639],[152.6495,58.7108],[152.9716,58.7089],[153.1971,58.7752],[153.295,58.8837],[153.4349,58.8941],[153.6235,58.9528],[153.741,58.8976],[153.9216,58.8571],[154.1726,58.8588],[154.4169,58.8974],[154.5941,58.9474],[154.81,58.9274],[155.1088,58.9736],[155.5705,58.9953],[155.8224,59.063],[155.8991,59.1287],[155.9945,59.339],[155.9443,59.4359],[155.7793,59.5191],[155.1052,59.6826],[154.9753,59.7011],[154.8831,59.9006],[154.8866,59.9547],[154.9831,60.051],[155.1764,60.1854],[155.6305,60.3382],[155.9625,60.4917],[156.1774,60.5533],[156.3086,60.6685],[156.3653,60.8306],[156.4363,60.8926],[156.5968,60.9613],[156.8541,61.0214],[156.9891,61.0833],[157.0617,61.1582],[157.0636,61.2915],[157.1768,61.391],[157.5178,61.4965],[157.9178,61.5362],[158.1526,61.5345],[158.7665,61.6152],[159.0728,61.6138],[159.1889,61.5464],[159.3327,61.2241],[159.3905,60.875],[159.7686,60.4983],[159.911,60.4116],[160.2043,60.3724],[160.4968,60.4383],[160.7523,60.467],[161.0757,60.3945],[161.3548,60.5325],[162.0021,60.8668],[162.2491,61.3311],[162.4692,61.6668],[162.4765,61.7994],[162.2969,61.944],[162.4914,61.955],[162.5255,62.0834],[162.2509,62.1246],[162.1644,62.1673],[162.4002,62.2401],[162.6936,62.2539],[162.7879,62.3127],[162.7824,62.4535],[162.6818,62.5716],[162.8274,62.6612],[162.6591,62.6908],[162.5433,62.8411],[162.2801,62.9041],[162.3026,63.0642],[162.7539,63.1661],[162.7695,63.3244],[162.6565,63.3653],[162.9335,63.4485],[162.971,63.4804],[162.9961,63.6245],[162.8687,63.6698],[162.8579,63.7237],[162.7407,63.7496],[162.7239,63.8216],[162.8588,63.8507],[162.9539,63.9229],[162.8227,64.0101],[162.8,64.104],[162.8657,64.1639],[163.1792,64.1585],[163.2221,64.2546],[163.3398,64.3009],[163.4106,64.4422],[163.2371,64.5115],[163.1772,64.6193],[163.2652,64.6938],[162.9597,64.658],[162.737,64.6674],[162.6557,64.7356],[162.0025,64.7996],[161.8008,64.8402],[161.7474,64.983],[161.6756,65.0208],[161.4452,65.0744],[161.3173,65.1463],[161.0218,65.1727],[160.884,65.1405],[160.6749,65.1435],[160.5055,65.2112],[160.3096,65.3417],[160.211,65.362],[160.2344,65.4345],[160.016,65.5261],[159.833,65.513],[159.7521,65.5762],[159.4877,65.6429],[159.2489,65.6622],[159.0388,65.7243],[158.902,65.7373],[159.0384,66.0015],[159.264,66.1545],[159.1158,66.2264],[158.783,66.2659],[158.7231,66.316],[158.5434,66.3352]]]},"properties":{"osm_id":151228,"name":"Магаданская область","iso":"RU-MAG","kind":"region","label":[154.1119,62.4883]}},
{"type":"Feature","geometry":{"type":"Polygon","coordinates":[[[41.7928,55.1014],[41.9983,54.9953],[42.2272,54.9589],[42.4453,55.0255],[42.4944,54.9077],[42.4423,54.8254],[42.4336,54.7936],[42.4443,54.7984],[42.6662,54.8061],[42.8298,54.7644],[43.0871,54.7781],[43.1692,54.8978],[43.2894,54.9541],[43.5908,54.9027],[43.6182,54.8544],[43.7348,54.8205],[43.9578,54.8061],[43.9211,54.7397],[44.096,54.7341],[44.0684,54.6486],[44.3711,54.5836],[44.405,54.5346],[44.5584,54.5321],[44.6267,54.5562],[44.6858,54.485],[44.7698,54.5209],[44.9082,54.4634],[45.0876,54.4734],[45.1017,54.5434],[45.0095,54.5568],[45.0874,54.6524],[45.0183,54.7053],[45.112,54.8001],[45.2207,54.7798],[45.2307,54.8773],[45.4268,54.8855],[45.4229,55.0382],[45.5698,55.1015],[45.5931,55.1658],[45.7277,55.1846],[45.7234,54.9914],[45.849,55.0111],[45.9602,54.9969],[46.062,55.0477],[46.0288,55.1488],[46.0782,55.221],[46.2267,55.2947],[46.2007,55.3408],[46.2566,55.3992],[46.3835,55.421],[46.3911,55.4619],[46.2919,55.5088],[46.1079,55.5307],[46.0394,55.6305],[45.9619,55.6298],[45.9175,55.6994],[45.9529,55.7577],[46.1004,55.7986],[46.0793,55.9486],[46.1853,56.0316],[46.0595,56.0683],[46.0665,56.173],[45.9636,56.1644],[45.8975,56.2198],[45.9637,56.4287],[45.7666,56.4256],[45.6619,56.4609],[45.6271,56.568],[45.6682,56.6114],[45.8873,56.6258],[45.9338,56.6761],[45.9414,56.8594],[46.0987,56.8632],[46.2717,56.9029],[46.3148,56.9452],[46.5939,56.9303],[46.7215,56.9634],[46.7974,57.0429],[46.8382,57.1771],[46.8087,57.2682],[46.6832,57.3409],[46.761,57.3666],[46.84,57.5062],[47.0219,57.4878],[47.2647,57.5612],[47.4814,57.5152],[47.5352,57.6893],[47.6056,57.7411],[47.578,57.8104],[47.6171,57.8592],[47.7718,57.8887],[47.6991,57.9406],[47.2969,58.0157],[46.5865,58.0278],[46.435,58.0046],[46.3449,58.0622],[45.9233,58.0566],[45.7497,58.0291],[45.7436,57.9676],[45.6241,57.9228],[45.5255,57.9592],[45.5089,58.0285],[45.2935,58.0321],[45.2236,58.0887],[44.869,58.0767],[44.801,57.9599],[44.8808,57.8819],[44.739,57.6974],[44.5971,57.7009],[44.5009,57.6557],[44.5029,57.6121],[44.3653,57.5283],[44.0171,57.4326],[43.8534,57.4175],[43.6745,57.4896],[43.6319,57.5472],[43.4962,57.6039],[43.3074,57.483],[43.3029,57.4288],[43.2031,57.315],[43.1844,57.2556],[43.1018,57.1987],[43.0992,57.096],[43.2147,56.9786],[43.2508,56.895],[43.1168,56.8343],[42.8708,56.8094],[42.7974,56.6917],[42.8984,56.6458],[42.9249,56.5694],[42.8532,56.5529],[42.9014,56.4699],[42.6498,56.4686],[42.6142,56.4067],[42.7739,56.3318],[42.7836,56.2206],[42.8718,56.1382],[42.6891,56.0878],[42.7143,55.9895],[42.5039,55.8784],[42.3933,55.7885],[42.2957,55.7732],[42.1367,55.6818],[42.0642,55.6122],[42.0943,55.4888],[42.1669,55.444],[42.0167,55.3774],[41.9725,55.2866],[41.8605,55.2411],[41.7928,55.1014]]]},"properties":{"osm_id":72195,"name":"Нижегородская область","iso":"RU-NIZ","kind":"region","label":[44.7741,56.2766]}},
{"type":"Feature","geometry":{"type":"Polygon","coordinates":[[[44.2925,43.8097],[44.2674,43.7453],[44.2972,43.6895],[44.4302,43.6838],[44.4754,43.5829],[44.4139,43.4527],[44.3213,43.4505],[44.1764,43.3483],[44.1463,43.4377],[44.0374,43.3526],[44.0982,43.2672],[44.0023,43.212],[43.9402,43.2865],[43.8607,43.2704],[43.8299,43.3242],[43.7034,43.1312],[43.652,43.1012],[43.6232,43.0106],[43.5717,42.9432],[43.4358,42.965],[43.3985,42.8969],[43.561,42.8677],[43.8078,42.7214],[43.7593,42.6563],[43.7695,42.5891],[43.8658,42.59],[43.9594,42.551],[44.01,42.5903],[44.2328,42.6287],[44.2492,42.6804],[44.3195,42.7228],[44.3942,42.7064],[44.68,42.7559],[44.6337,42.8773],[44.7508,42.8426],[44.8537,42.8356],[44.8817,42.9151],[44.9539,42.9466],[44.9575,43.049],[44.8314,43.1399],[44.6787,43.2115],[44.5707,43.2361],[44.5777,43.4136],[44.4887,43.4363],[44.5033,43.5879],[44.6311,43.6141],[44.7952,43.5967],[44.8474,43.5647],[44.8323,43.6821],[44.8034,43.807],[44.5969,43.8287],[44.4725,43.8012],[44.2925,43.8097]]]},"properties":{"osm_id":110032,"name":"Северная Осетия — Алания","iso":"RU-SE","kind":"region","label":[44.1795,43.1911]}},
{"type":"Feature","geometry":{"type":"Polygon","coordinates":[[[42.6783,43.8097],[42.6814,43.716],[42.6026,43.6562],[42.4561,43.6211],[42.4744,43.5299],[42.4028,43.3928],[42.4138,43.257],[42.4477,43.2198],[42.6665,43.136],[42.698,43.1721],[42.853,43.1789],[42.9901,43.1191],[43.0509,43.0192],[43.1849,42.9387],[43.3985,42.8969],[43.4358,42.965],[43.5717,42.9432],[43.6232,43.0106],[43.652,43.1012],[43.7034,43.1312],[43.8299,43.3242],[43.8607,43.2704],[43.9402,43.2865],[44.0023,43.212],[44.0982,43.2672],[44.0374,43.3526],[44.1463,43.4377],[44.1764,43.3483],[44.3213,43.4505],[44.4139,43.4527],[44.4754,43.5829],[44.4302,43.6838],[44.2972,43.6895],[44.2674,43.7453],[44.2925,43.8097],[44.2686,43.9182],[44.1439,43.9285],[44.144,43.9702],[43.9873,43.9707],[43.9222,44.0203],[43.7705,43.9275],[43.7447,43.8188],[43.4739,43.8656],[43.4117,43.8581],[43.3161,43.7989],[43.225,43.959],[43.1461,43.9595],[43.1477,43.8956],[42.9732,43.8978],[42.8661,43.8677],[42.8547,43.8019],[42.6783,43.8097]]]},"properties":{"osm_id":109879,"name":"Кабардино-Балкария","iso":"RU-KB","kind":"region","label":[43.4363,43.4549]}},
{"type":"Feature","geometry":{"type":"Polygon","coordinates":[[[46.8011,52.6208],[46.7997,52.6698],[46.9401,52.722],[46.9709,52.8097],[46.8939,52.8905],[46.9179,52.9204],[46.9295,53.1708],[46.8642,53.1777],[46.9082,53.3626],[46.7918,53.3727],[46.6498,53.4688],[46.5043,53.4811],[46.4507,53.5396],[46.4445,53.6503],[46.3765,53.6704],[46.2794,53.7903],[46.1727,53.7967],[46.1853,53.912],[46.0611,53.9791],[45.937,54.0043],[45.8136,53.9757],[45.6338,53.9138],[45.4154,53.8979],[45.3426,53.8693],[45.1831,53.9682],[45.0958,53.9523],[44.8315,53.9633],[44.6033,53.8716],[44.6038,53.799],[44.7314,53.706],[44.5867,53.6662],[44.4598,53.6635],[44.4141,53.6979],[44.1487,53.7044],[43.9275,53.7707],[43.9248,53.8737],[43.7464,53.9595],[43.6145,53.9668],[43.5364,54.0146],[43.4589,53.9789],[43.3116,54.0241],[43.1001,53.9282],[43.18,53.8345],[43.0474,53.8565],[42.9321,53.7957],[42.8376,53.8142],[42.6657,53.8013],[42.4986,53.7348],[42.351,53.8537],[42.1436,53.8028],[42.0817,53.748],[42.1269,53.7084],[42.1095,53.5153],[42.2555,53.4853],[42.3016,53.4258],[42.2524,53.3689],[42.3796,53.3274],[42.421,53.2717],[42.568,53.1825],[42.7588,53.0166],[42.9526,52.9336],[43.1936,52.7173],[43.2203,52.6368],[43.0242,52.4874],[43.0813,52.4047],[43.0397,52.3706],[43.1172,52.3788],[43.1433,52.4384],[43.3017,52.434],[43.3362,52.3752],[43.5125,52.4011],[43.6731,52.3923],[43.7795,52.4275],[43.9105,52.3964],[44.0336,52.3278],[44.3168,52.3156],[44.4018,52.4071],[44.5351,52.4234],[44.6133,52.4807],[44.8531,52.4477],[45.0277,52.3161],[45.1483,52.4185],[45.353,52.3965],[45.6215,52.4777],[45.7707,52.4575],[45.7941,52.4163],[45.9621,52.3972],[46.0043,52.5079],[46.1417,52.5461],[46.1669,52.6079],[46.2676,52.6096],[46.3259,52.6808],[46.489,52.6814],[46.5716,52.7022],[46.7442,52.6114],[46.8011,52.6208]]]},"properties":{"osm_id":72182,"name":"Пензенская область","iso":"RU-PNZ","kind":"region","label":[44.5316,53.161]}},
{"type":"Feature","geometry":{"type":"Polygon","coordinates":[[[42.351,53.8537],[42.4986,53.7348],[42.6657,53.8013],[42.8376,53.8142],[42.9321,53.7957],[43.0474,53.8565],[43.18,53.8345],[43.1001,53.9282],[43.3116,54.0241],[43.4589,53.9789],[43.5364,54.0146],[43.6145,53.9668],[43.7464,53.9595],[43.9248,53.8737],[43.9275,53.7707],[44.1487,53.7044],[44.4141,53.6979],[44.4598,53.6635],[44.5867,53.6662],[44.7314,53.706],[44.6038,53.799],[44.6033,53.8716],[44.8315,53.9633],[45.0958,53.9523],[45.1831,53.9682],[45.3426,53.8693],[45.4154,53.8979],[45.6338,53.9138],[45.8136,53.9757],[45.8974,54.0635],[46.0642,54.1709],[46.3428,54.1915],[46.3858,54.2336],[46.6845,54.3043],[46.7149,54.3967],[46.5359,54.3991],[46.525,54.6552],[46.4217,54.6883],[46.4428,54.7616],[46.382,54.8305],[46.4106,54.8741],[46.2491,54.9793],[46.062,55.0477],[45.9602,54.9969],[45.849,55.0111],[45.7234,54.9914],[45.7277,55.1846],[45.5931,55.1658],[45.5698,55.1015],[45.4229,55.0382],[45.4268,54.8855],[45.2307,54.8773],[45.2207,54.7798],[45.112,54.8001],[45.0183,54.7053],[45.0874,54.6524],[45.0095,54.5568],[45.1017,54.5434],[45.0876,54.4734],[44.9082,54.4634],[44.7698,54.5209],[44.6858,54.485],[44.6267,54.5562],[44.5584,54.5321],[44.405,54.5346],[44.3711,54.5836],[44.0684,54.6486],[44.096,54.7341],[43.9211,54.7397],[43.9578,54.8061],[43.7348,54.8205],[43.6182,54.8544],[43.5908,54.9027],[43.2894,54.9541],[43.1692,54.8978],[43.0871,54.7781],[42.8298,54.7644],[42.6662,54.8061],[42.4443,54.7984],[42.4336,54.7936],[42.4423,54.8254],[42.3881,54.7807],[42.4266,54.719],[42.5445,54.6754],[42.6513,54.5876],[42.5682,54.5056],[42.5674,54.4427],[42.6292,54.376],[42.5118,54.3569],[42.3959,54.2546],[42.5855,54.1782],[42.4175,54.1034],[42.262,54.0877],[42.4447,53.9961],[42.351,53.8537]]]},"properties":{"osm_id":72196,"name":"Мордовия","iso":"RU-MO","kind":"region","label":[44.4469,54.4167]}},
{"type":"Feature","geometry":{"type":"Polygon","coordinates":[[[130.6299,48.882],[130.6758,48.8451],[130.6068,48.775],[130.5221,48.6258],[130.6064,48.5737],[130.6084,48.5019],[130.7582,48.4973],[130.7306,48.4438],[130.7663,48.3585],[130.8356,48.3017],[130.7649,48.2474],[130.7522,48.1901],[130.6537,48.1077],[130.6907,48.0402],[130.864,47.9362],[130.9516,47.815],[130.9575,47.7203],[131.0895,47.6832],[131.2546,47.7348],[131.4248,47.7434],[131.5475,47.7266],[131.5666,47.6652],[131.6767,47.7014],[131.859,47.6722],[131.9828,47.6698],[132.0591,47.699],[132.2528,47.7081],[132.3092,47.7568],[132.539,47.7134],[132.6016,47.7433],[132.6025,47.8151],[132.6815,47.885],[132.7196,47.9603],[132.8199,47.9399],[132.8688,47.9978],[133.0013,48.0372],[133.0605,48.1151],[133.1434,48.1321],[133.3004,48.0998],[133.3915,48.1236],[133.5566,48.1303],[133.5802,48.1886],[133.7116,48.1874],[133.7207,48.2416],[134.0556,48.3458],[134.14,48.3382],[134.1883,48.3837],[134.4087,48.3882],[134.4707,48.4219],[134.6881,48.4081],[134.7662,48.364],[134.8417,48.3908],[134.9367,48.5142],[134.9924,48.5274],[134.9775,48.6028],[134.8598,48.6146],[134.7357,48.5704],[134.5851,48.6091],[134.461,48.6809],[134.4079,48.7462],[134.2522,48.709],[134.2181,48.6588],[134.0465,48.6354],[133.8536,48.6656],[133.7591,48.7415],[133.5893,48.7295],[133.4634,48.8291],[133.2814,48.8485],[133.2245,48.962],[133.2786,49.0304],[133.0801,49.1713],[133.0552,49.2146],[132.8109,49.2364],[132.7833,49.3301],[132.6332,49.2865],[132.5958,49.3115],[132.4832,49.2661],[132.3696,49.3128],[132.4076,49.3691],[132.2741,49.463],[132.11,49.4938],[132.0632,49.4109],[131.9944,49.378],[131.987,49.2563],[131.8848,49.2732],[131.8195,49.3333],[131.652,49.3061],[131.5572,49.2481],[131.4199,49.2553],[131.1318,49.2405],[131.0785,49.1877],[131.0173,49.0358],[131.0228,48.968],[130.8644,48.9941],[130.7415,48.9609],[130.6299,48.882]]]},"properties":{"osm_id":147167,"name":"Еврейская автономная область","iso":"RU-YEV","kind":"region","label":[132.7569,48.5753]}},
{"type":"Feature","geometry":{"type":"Polygon","coordinates":[[[39.402,56.771],[39.489,56.7461],[39.5655,56.7957],[39.6666,56.8034],[39.847,56.7631],[39.8966,56.7067],[39.8624,56.5945],[39.9518,56.5223],[39.9493,56.4669],[40.1027,56.4802],[40.2255,56.4398],[40.2674,56.4881],[40.4584,56.5349],[40.4906,56.5837],[40.7672,56.5944],[40.8889,56.5143],[41.0322,56.4904],[41.6774,56.4966],[41.9485,56.4816],[41.9794,56.3736],[42.1173,56.3685],[42.2185,56.4405],[42.389,56.4487],[42.6142,56.4067],[42.6498,56.4686],[42.9014,56.4699],[42.8532,56.5529],[42.9249,56.5694],[42.8984,56.6458],[42.7974,56.6917],[42.8708,56.8094],[43.1168,56.8343],[43.2508,56.895],[43.2147,56.9786],[43.0992,57.096],[43.1018,57.1987],[43.1844,57.2556],[43.2031,57.315],[43.3029,57.4288],[42.8933,57.3713],[42.8272,57.4172],[42.865,57.4705],[42.8366,57.5429],[42.8775,57.6621],[42.7479,57.6883],[42.687,57.6218],[42.47,57.6235],[42.3542,57.5715],[42.1377,57.5629],[41.9303,57.6346],[41.8957,57.6934],[41.6041,57.7391],[41.5762,57.6308],[41.63,57.5381],[41.5674,57.4525],[41.3126,57.4148],[41.1394,57.4093],[41.0183,57.3182],[40.8617,57.3423],[40.6354,57.2916],[40.5526,57.3094],[40.4305,57.2858],[40.2625,57.2863],[40.1931,57.2039],[40.0315,57.2087],[39.9479,57.1702],[39.8459,57.1709],[39.7384,57.0835],[39.5628,57.035],[39.5534,56.9599],[39.4374,56.9016],[39.374,56.82],[39.402,56.771]]]},"properties":{"osm_id":85617,"name":"Ивановская область","iso":"RU-IVA","kind":"region","label":[41.3493,57.0464]}},
{"type":"Feature","geometry":{"type":"Polygon","coordinates":[[[40.4305,57.2858],[40.5526,57.3094],[40.6354,57.2916],[40.8617,57.3423],[41.0183,57.3182],[41.1394,57.4093],[41.3126,57.4148],[41.5674,57.4525],[41.63,57.5381],[41.5762,57.6308],[41.6041,57.7391],[41.8957,57.6934],[41.9303,57.6346],[42.1377,57.5629],[42.3542,57.5715],[42.47,57.6235],[42.687,57.6218],[42.7479,57.6883],[42.8775,57.6621],[42.8366,57.5429],[42.865,57.4705],[42.8272,57.4172],[42.8933,57.3713],[43.3029,57.4288],[43.3074,57.483],[43.4962,57.6039],[43.6319,57.5472],[43.6745,57.4896],[43.8534,57.4175],[44.0171,57.4326],[44.3653,57.5283],[44.5029,57.6121],[44.5009,57.6557],[44.5971,57.7009],[44.739,57.6974],[44.8808,57.8819],[44.801,57.9599],[44.869,58.0767],[45.2236,58.0887],[45.2935,58.0321],[45.5089,58.0285],[45.5255,57.9592],[45.6241,57.9228],[45.7436,57.9676],[45.7497,58.0291],[45.9233,58.0566],[46.3449,58.0622],[46.3352,58.1656],[46.4162,58.215],[46.3968,58.3724],[46.5793,58.3991],[46.5605,58.4805],[46.6611,58.5703],[47.0179,58.6186],[47.0021,58.6908],[47.0771,58.7566],[47.2297,58.7721],[47.2736,58.9079],[47.3192,58.9283],[47.4929,58.8953],[47.5916,58.9739],[47.5187,59.0608],[47.2094,59.2012],[47.2477,59.3526],[47.0489,59.3693],[47.1178,59.599],[46.7972,59.6236],[46.7898,59.5931],[46.4089,59.6186],[46.4063,59.4964],[46.3689,59.3425],[46.1658,59.3537],[46.0203,59.3239],[45.979,59.1716],[45.3405,59.216],[45.3339,59.1839],[45.0563,59.1983],[45.0396,59.1218],[44.1902,59.1701],[44.2078,59.2257],[44.0907,59.2341],[43.9482,59.2081],[43.9008,59.2394],[43.696,59.2606],[43.6109,59.1898],[43.4207,59.2913],[43.2842,59.243],[43.1752,59.263],[43.0522,59.2112],[42.7921,59.174],[42.6924,59.2235],[42.6364,59.3282],[42.3484,59.3046],[42.2028,59.3275],[42.2163,59.4085],[42.0349,59.4295],[41.9865,59.3929],[41.9514,59.2611],[42.0987,59.2498],[42.0903,59.1559],[42.0013,59.1047],[41.7144,59.0849],[41.5252,59.0413],[41.349,58.9519],[41.2682,58.992],[41.1757,58.9336],[41.2588,58.8382],[41.1559,58.8031],[41.2301,58.741],[41.0522,58.6068],[40.9301,58.5763],[41.0192,58.5417],[41.0483,58.4418],[41.1935,58.341],[41.0368,58.284],[40.9664,58.2024],[40.8826,58.1767],[40.8971,58.1111],[40.8091,58.0066],[40.6747,57.9826],[40.5977,57.8971],[40.6512,57.799],[40.6471,57.7275],[40.7181,57.6621],[40.632,57.5688],[40.5248,57.593],[40.4056,57.4935],[40.4445,57.4381],[40.4305,57.2858]]]},"properties":{"osm_id":85963,"name":"Костромская область","iso":"RU-KOS","kind":"region","label":[44.0148,58.4479]}},
{"type":"Feature","geometry":{"type":"Polygon","coordinates":[[[50.7682,51.773],[51.0335,51.9235],[51.1269,51.9261],[51.2623,52.019],[51.3914,52.0693],[51.4617,52.2252],[51.4078,52.2254],[51.3845,52.3577],[51.461,52.3656],[51.4732,52.4287],[51.5482,52.4621],[51.4517,52.5688],[51.5071,52.5946],[51.5232,52.6768],[51.6168,52.6458],[51.7243,52.6532],[51.7665,52.8003],[51.715,52.8763],[51.8385,52.8652],[51.8871,52.9498],[52.0418,52.9646],[52.05,53.0906],[52.1623,53.0878],[52.1269,53.2332],[52.2119,53.3808],[52.0952,53.4645],[52.0927,53.5418],[52.1888,53.5559],[52.2779,53.7414],[52.3435,53.7928],[52.4077,53.9501],[52.3719,53.9719],[52.4789,54.0705],[52.3811,54.0785],[52.2942,54.1495],[52.3626,54.1912],[52.4294,54.3109],[52.5683,54.3401],[52.5061,54.3737],[52.5021,54.4591],[52.2429,54.4397],[52.1259,54.3792],[51.9459,54.4486],[51.9379,54.5165],[51.7773,54.5569],[51.6335,54.565],[51.5132,54.5954],[51.3836,54.5881],[51.365,54.656],[51.1688,54.6521],[51.0744,54.5402],[51.0084,54.5494],[50.9544,54.3921],[50.8228,54.3635],[50.6484,54.3851],[50.5213,54.3249],[50.3867,54.4849],[50.3075,54.4427],[50.2231,54.4922],[50.0925,54.5066],[50.1038,54.4237],[50.1913,54.3604],[50.2425,54.2839],[50.1927,54.1446],[50.2237,54.0689],[50.114,54.0197],[49.9277,53.8894],[50.0356,53.8801],[50.0227,53.8183],[49.8504,53.832],[49.8166,53.8898],[49.7033,53.8302],[49.3116,53.8725],[48.9956,53.8749],[48.9948,53.7066],[48.8513,53.706],[48.7819,53.7325],[48.6069,53.7203],[48.5354,53.7561],[48.4846,53.6444],[48.3684,53.6428],[48.4065,53.5638],[48.3694,53.4739],[48.0985,53.4858],[47.9352,53.3669],[48.0569,53.268],[48.2492,53.0656],[48.3638,53.0554],[48.3598,52.9573],[48.5228,52.9494],[48.5798,52.8644],[48.4286,52.8144],[48.3756,52.7682],[48.3494,52.662],[48.5192,52.6766],[48.5744,52.6273],[48.693,52.6395],[48.727,52.543],[48.8342,52.542],[48.9123,52.4685],[49.1715,52.4998],[49.3521,52.4647],[49.348,52.3987],[49.5202,52.3958],[49.6379,52.3401],[49.6594,52.2822],[49.7423,52.2489],[49.7981,52.1727],[49.9996,52.1729],[50.1596,52.0907],[50.2154,52.0362],[50.3523,51.982],[50.5201,51.9938],[50.7017,51.933],[50.7014,51.8197],[50.7682,51.773]]]},"properties":{"osm_id":72194,"name":"Самарская область","iso":"RU-SAM","kind":"region","label":[50.2494,53.2251]}},
{"type":"Feature","geometry":{"type":"Polygon","coordinates":[[[33.5071,54.0163],[33.4543,54.083],[33.5729,54.1239],[33.6294,54.1872],[33.6042,54.2424],[33.6888,54.3223],[33.6292,54.3709],[33.6342,54.4774],[33.7607,54.5649],[33.9855,54.5799],[34.1816,54.5201],[34.4159,54.5137],[34.5207,54.5986],[34.5116,54.6777],[34.6277,54.6609],[34.8114,54.6992],[34.9067,54.7677],[34.8668,54.8889],[35.0326,54.9414],[35.2733,55.119],[35.3342,55.2718],[35.2741,55.3311],[35.3388,55.5384],[35.3869,55.5946],[35.3041,55.7344],[35.3282,55.7949],[35.1993,55.8891],[35.1485,55.9575],[35.0652,55.9809],[34.845,55.9587],[34.745,55.9779],[34.6315,55.9132],[34.5232,55.9392],[34.3815,56.0227],[34.3221,55.9945],[34.1583,56.0631],[34.0855,56.0268],[33.9155,56.0671],[33.8217,55.9621],[33.6719,55.9542],[33.6481,55.8445],[33.4871,55.7608],[33.196,55.7028],[33.1172,55.6365],[32.988,55.6668],[32.8428,55.6534],[32.7651,55.6786],[32.4034,55.6927],[32.2486,55.6696],[32.0915,55.6873],[32.034,55.7661],[31.8444,55.7757],[31.7768,55.6989],[31.653,55.7348],[31.4838,55.7183],[31.311,55.7422],[31.2031,55.7277],[31.1207,55.7579],[30.9251,55.6226],[30.959,55.501],[30.9011,55.4733],[30.9347,55.3999],[30.8302,55.3345],[30.9235,55.2007],[30.9962,55.1443],[31.0279,55.0623],[30.9084,54.949],[30.8348,54.9075],[30.7516,54.8095],[30.9534,54.7432],[31.0957,54.6615],[31.2104,54.6321],[31.0932,54.5295],[31.1083,54.4921],[31.2358,54.4639],[31.3227,54.3406],[31.3135,54.2485],[31.5033,54.1572],[31.8784,54.0877],[31.8117,53.8536],[31.8672,53.7825],[31.9897,53.8041],[32.208,53.7996],[32.4607,53.7377],[32.499,53.6811],[32.4258,53.6074],[32.4779,53.5489],[32.7571,53.4582],[32.7628,53.4243],[32.8818,53.4355],[32.8625,53.5087],[32.9524,53.6057],[33.143,53.7254],[33.2184,53.7929],[33.2988,53.8166],[33.2474,53.8885],[33.2803,53.9386],[33.4087,53.9463],[33.5071,54.0163]]]},"properties":{"osm_id":81996,"name":"Смоленская область","iso":"RU-SMO","kind":"region","label":[33.0733,54.7379]}},
{"type":"Feature","geometry":{"type":"Polygon","coordinates":[[[46.062,55.0477],[46.2491,54.9793],[46.4106,54.8741],[46.382,54.8305],[46.4428,54.7616],[46.6584,54.6731],[46.7391,54.6863],[46.8001,54.6382],[46.8925,54.6454],[47.0794,54.7052],[47.1119,54.6744],[47.2678,54.6734],[47.3848,54.76],[47.3621,54.828],[47.4091,54.8806],[47.5605,54.8447],[47.7226,54.8589],[47.7754,54.961],[47.9612,54.9477],[48.0278,55.0359],[48.0379,55.1086],[48.1077,55.1459],[48.0162,55.2848],[47.9116,55.3223],[47.7837,55.2387],[47.6872,55.234],[47.6698,55.3524],[47.7805,55.333],[47.9675,55.4814],[48.108,55.5241],[48.0204,55.6044],[48.0815,55.6923],[48.2223,55.6874],[48.3105,55.7818],[48.3956,55.8299],[48.2198,55.875],[48.1831,55.9359],[47.9737,55.963],[47.8928,56.118],[47.4248,56.157],[47.3798,56.2272],[47.3925,56.323],[47.1506,56.3155],[46.9109,56.2104],[46.7996,56.1915],[46.6561,56.0987],[46.5816,56.1324],[46.4731,56.1229],[46.2387,56.0654],[46.1853,56.0316],[46.0793,55.9486],[46.1004,55.7986],[45.9529,55.7577],[45.9175,55.6994],[45.9619,55.6298],[46.0394,55.6305],[46.1079,55.5307],[46.2919,55.5088],[46.3911,55.4619],[46.3835,55.421],[46.2566,55.3992],[46.2007,55.3408],[46.2267,55.2947],[46.0782,55.221],[46.0288,55.1488],[46.062,55.0477]]]},"properties":{"osm_id":80513,"name":"Чувашия","iso":"RU-CU","kind":"region","label":[47.1659,55.478]}},
{"type":"Feature","geometry":{"type":"Polygon","coordinates":[[[53.5006,54.0561],[53.3468,54.0013],[53.2872,54.0874],[53.1331,54.0769],[52.9549,54.235],[53.0976,54.2344],[53.1552,54.2883],[53.0819,54.3175],[52.9812,54.268],[52.9342,54.3084],[52.6964,54.3608],[52.5683,54.3401],[52.4294,54.3109],[52.3626,54.1912],[52.2942,54.1495],[52.3811,54.0785],[52.4789,54.0705],[52.3719,53.9719],[52.4077,53.9501],[52.3435,53.7928],[52.2779,53.7414],[52.1888,53.5559],[52.0927,53.5418],[52.0952,53.4645],[52.2119,53.3808],[52.1269,53.2332],[52.1623,53.0878],[52.05,53.0906],[52.0418,52.9646],[51.8871,52.9498],[51.8385,52.8652],[51.715,52.8763],[51.7665,52.8003],[51.7243,52.6532],[51.6168,52.6458],[51.5232,52.6768],[51.5071,52.5946],[51.4517,52.5688],[51.5482,52.4621],[51.4732,52.4287],[51.461,52.3656],[51.3845,52.3577],[51.4078,52.2254],[51.4617,52.2252],[51.3914,52.0693],[51.2623,52.019],[51.1269,51.9261],[51.0335,51.9235],[50.7682,51.773],[50.8714,51.7535],[50.8936,51.6814],[51.0846,51.6664],[51.2721,51.6849],[51.3802,51.6412],[51.3803,51.5634],[51.2856,51.5319],[51.2865,51.4878],[51.4315,51.4749],[51.64,51.5385],[51.6558,51.4486],[51.8136,51.497],[51.7705,51.5832],[51.8941,51.6834],[52.0901,51.6584],[52.2387,51.7238],[52.3348,51.7432],[52.4504,51.6233],[52.5049,51.5059],[52.5813,51.4765],[52.7718,51.5035],[53.0049,51.4733],[53.255,51.5119],[53.4212,51.4811],[53.4409,51.4374],[53.5534,51.4259],[53.6208,51.3424],[53.5958,51.3057],[53.663,51.2302],[53.9341,51.1856],[54.137,51.1082],[54.1602,51.0127],[54.288,50.9023],[54.5182,50.8546],[54.4136,50.6207],[54.5448,50.5277],[54.6142,50.5387],[54.7195,50.6062],[54.6784,50.7178],[54.6976,50.8927],[54.5563,50.928],[54.5478,51.0006],[54.7265,51.0405],[54.8939,50.9201],[55.1295,50.8796],[55.0562,50.8194],[55.1464,50.7968],[55.3837,50.6536],[55.5026,50.6699],[55.5341,50.6135],[55.6614,50.5602],[56.0545,50.6948],[56.1372,50.7536],[56.133,50.8306],[56.1813,50.9381],[56.2981,50.9019],[56.4604,50.9651],[56.4482,51.0569],[56.51,51.0798],[56.6338,50.9853],[56.7508,50.982],[56.6997,51.075],[56.7802,51.0938],[56.8875,51.0603],[57.1463,51.0877],[57.1848,51.115],[57.3237,50.9446],[57.5121,50.8785],[57.5591,50.9359],[57.7514,50.9397],[57.7719,51.1384],[57.8669,51.0994],[58.0205,51.095],[58.1772,51.066],[58.2058,51.1294],[58.3405,51.1457],[58.384,51.0749],[58.5206,51.0849],[58.6423,50.9875],[58.5786,50.9398],[58.5936,50.8693],[58.7744,50.8147],[58.8743,50.6998],[59.1139,50.6831],[59.418,50.6367],[59.4574,50.5434],[59.5167,50.5283],[59.8132,50.5355],[59.9098,50.6363],[59.9975,50.6748],[59.9727,50.7687],[60.0149,50.8221],[60.1879,50.8386],[60.1828,50.7784],[60.3252,50.6703],[60.809,50.6566],[61.449,50.8061],[61.5681,51.2378],[61.6898,51.256],[61.5497,51.3233],[61.5052,51.407],[61.203,51.4611],[60.9993,51.4677],[60.9108,51.5506],[60.9356,51.6153],[60.538,51.618],[60.4215,51.6474],[60.428,51.7984],[60.1618,51.8922],[60.0327,51.9135],[60.002,51.9933],[59.9077,52.0399],[59.9654,52.1518],[60.0606,52.1807],[60.1739,52.2603],[60.163,52.4001],[59.9183,52.422],[59.8242,52.4801],[59.6776,52.4087],[59.5476,52.4422],[59.2961,52.4798],[59.2274,52.4249],[59.2163,52.2975],[59.1657,52.2765],[59.0019,52.3619],[59.0019,52.4247],[58.8549,52.4258],[58.837,52.3558],[58.9454,52.3397],[58.9532,52.2871],[58.8847,52.2445],[58.7426,52.2587],[58.6167,52.1366],[58.6527,52.0788],[58.6556,51.893],[58.5747,51.827],[58.5749,51.7717],[58.3292,51.7702],[58.1647,51.7184],[58.1095,51.7919],[57.9552,51.7938],[57.9124,51.8358],[57.7544,51.8254],[57.7152,51.86],[57.6109,51.7851],[57.5737,51.7256],[57.3959,51.7273],[57.4073,51.6914],[57.3058,51.6071],[57.1605,51.5757],[57.0865,51.6878],[56.9933,51.7181],[56.8861,51.6771],[56.8923,51.6064],[56.7744,51.5851],[56.7711,51.6693],[56.6963,51.8058],[56.6109,51.8269],[56.7046,52.0601],[56.6224,52.1242],[56.4709,52.1688],[56.2682,52.1219],[56.2014,52.1402],[56.2379,52.2187],[56.3592,52.2805],[56.455,52.2981],[56.4234,52.4234],[56.3511,52.4969],[56.406,52.5597],[56.3326,52.5853],[56.2622,52.5459],[56.074,52.6213],[56.0064,52.5489],[55.8722,52.5345],[55.8482,52.4703],[55.8821,52.3962],[55.7705,52.3472],[55.6183,52.3719],[55.4962,52.4169],[55.4639,52.6246],[55.4036,52.6677],[55.34,52.7676],[55.4208,52.7908],[55.3496,52.8521],[55.2423,52.8178],[55.1252,52.865],[54.9565,53.1191],[54.9273,53.2122],[54.8153,53.266],[54.6604,53.2146],[54.5517,53.2632],[54.5476,53.3552],[54.402,53.3693],[54.3155,53.4039],[54.2537,53.3619],[54.0748,53.4417],[53.8508,53.684],[53.6448,53.7531],[53.5895,53.897],[53.5006,54.0561]]]},"properties":{"osm_id":77669,"name":"Оренбургская область","iso":"RU-ORE","kind":"region","label":[56.229,52.4305]}},
{"type":"Feature","geometry":{"type":"Polygon","coordinates":[[[41.7361,44.4737],[41.6337,44.3779],[41.744,44.2684],[41.7088,44.187],[41.6377,44.1174],[41.5508,44.0962],[41.4797,44.0009],[41.3933,43.9857],[41.2736,44.0182],[41.2911,44.0855],[41.0848,44.0947],[40.9549,44.1411],[40.9115,43.9771],[40.801,43.9133],[40.701,43.7413],[40.7138,43.5324],[40.9499,43.4197],[41.2209,43.3807],[41.288,43.337],[41.3628,43.3684],[41.4131,43.3243],[41.6216,43.222],[41.7455,43.2371],[41.8039,43.202],[41.8617,43.2406],[41.9701,43.2127],[42.2162,43.231],[42.3364,43.2193],[42.4138,43.257],[42.4028,43.3928],[42.4744,43.5299],[42.4561,43.6211],[42.6026,43.6562],[42.6814,43.716],[42.6783,43.8097],[42.6465,43.8272],[42.6602,43.9374],[42.5846,44.0261],[42.5026,44.0264],[42.4813,43.9804],[42.3762,43.9725],[42.3034,44.0291],[42.335,44.1338],[42.4408,44.1701],[42.6086,44.3118],[42.5534,44.3683],[42.479,44.325],[42.3414,44.3109],[42.2202,44.3483],[42.0303,44.3527],[41.9202,44.4127],[41.9246,44.4961],[41.7361,44.4737]]]},"properties":{"osm_id":109878,"name":"Карачаево-Черкесия","iso":"RU-KC","kind":"region","label":[41.6784,43.8422]}},
{"type":"Feature","geometry":{"type":"MultiPolygon","coordinates":[[[[74.9869,79.6592],[75.0346,79.5931],[75.2762,79.4964],[75.6241,79.4116],[76.2753,79.3111],[76.7474,79.284],[77.7484,79.2849],[78.158,79.3179],[78.5954,79.4239],[78.671,79.4962],[78.4789,79.6181],[78.1302,79.6832],[77.2142,79.8036],[76.5543,79.8638],[75.9044,79.8704],[75.5872,79.8475],[75.1872,79.7767],[74.9869,79.6592]]],[[[77.5768,80.7928],[77.8323,80.6498],[78.4504,80.5684],[79.0782,80.545],[79.8271,80.5499],[80.537,80.5901],[81.1545,80.6941],[81.4267,80.8428],[81.2294,80.9535],[80.9211,81.0114],[80.1393,81.0815],[79.3496,81.1003],[78.5376,81.0524],[78.1892,81.0136],[77.7591,80.9203],[77.5768,80.7928]]],[[[84.2631,60.8625],[84.3469,60.8021],[84.7915,60.3524],[84.7196,60.3054],[84.7383,60.2518],[84.616,60.1685],[84.6335,60.0298],[84.5811,59.9621],[84.7075,59.8921],[85.4994,59.8832],[85.9985,59.9471],[86.6365,59.9487],[87.078,59.8791],[87.1741,59.6825],[87.5142,59.6644],[87.9022,59.2562],[88.6265,59.2951],[88.5758,59.2122],[88.8287,59.0226],[88.3827,58.8931],[87.924,58.5113],[88.017,58.2143],[88.1067,58.1128],[88.6873,58.0362],[88.859,57.9552],[89.2964,57.949],[89.358,57.9037],[89.3552,57.6157],[89.2115,57.5941],[89.1303,57.6153],[89.0636,57.4576],[88.8651,57.4436],[88.7342,57.208],[88.6225,57.2093],[88.517,57.0904],[88.7146,57.0923],[88.5966,56.802],[88.674,56.6801],[88.6631,56.6198],[88.5009,56.6219],[88.5934,56.4307],[88.6965,56.4182],[88.6951,56.3664],[88.8625,56.3732],[89.0403,56.3008],[89.0373,56.2013],[89.1274,56.1849],[89.268,56.0709],[89.2416,55.9928],[89.3031,55.8965],[89.4007,55.8563],[89.3368,55.7664],[88.9026,55.6453],[88.6702,55.5165],[88.6013,55.4274],[88.7341,55.4312],[88.8709,55.3936],[88.9004,55.3404],[89.0114,55.3236],[89.0099,55.2337],[89.0865,55.1898],[89.0641,55.1201],[89.1673,55.1248],[89.372,55.0426],[89.5803,55.0879],[89.6644,55.0007],[89.7244,55.0685],[89.8815,55.0823],[89.983,55.1213],[90.1181,55.1088],[90.2169,55.1536],[90.2439,55.0789],[90.4992,55.0608],[90.5298,54.9898],[90.5063,54.907],[90.7792,54.9121],[90.7805,54.8713],[90.9457,54.8481],[90.9187,54.6536],[91.2602,54.5066],[91.2509,54.4148],[91.4165,54.2796],[91.5295,54.1241],[91.5641,54.0191],[91.4274,53.8617],[91.4877,53.737],[91.5679,53.7086],[91.5674,53.5969],[91.6251,53.5339],[91.9035,53.4261],[91.9237,53.3496],[91.844,53.2974],[91.7385,53.1777],[91.5759,53.1392],[91.45,53.1357],[91.4193,53.0891],[91.5052,52.9937],[91.3874,52.8339],[91.2634,52.7106],[91.2579,52.6367],[91.1186,52.6336],[90.895,52.601],[90.72,52.4697],[90.6884,52.3697],[90.5899,52.311],[90.4885,52.1956],[90.633,52.0937],[90.7144,52.0903],[90.8182,51.968],[90.8493,51.9004],[91.0724,51.9519],[91.1792,51.9024],[91.3553,51.8915],[91.5479,51.9089],[91.6351,51.8795],[91.8044,51.8866],[91.9141,51.8246],[92.082,51.7733],[92.2552,51.8227],[92.481,51.7907],[92.6447,51.8122],[92.6938,51.8509],[92.8906,51.8436],[92.9577,51.9158],[93.119,51.9665],[93.1465,52.0156],[93.2372,52.0377],[93.3378,52.1281],[93.4722,52.171],[93.6588,52.1995],[93.6871,52.3164],[93.7654,52.3811],[93.7541,52.4277],[93.9434,52.5662],[93.9992,52.6493],[94.0931,52.6763],[94.0936,52.7385],[94.1672,52.8338],[94.2969,52.8983],[94.3992,52.9149],[94.4932,52.8917],[94.5833,52.9965],[94.6023,53.1656],[94.7165,53.2408],[94.6183,53.3311],[94.7203,53.3763],[94.9546,53.4049],[95.0359,53.3661],[95.2128,53.4682],[95.2841,53.4101],[95.4051,53.3656],[95.4393,53.3996],[95.6481,53.4548],[95.7245,53.515],[95.9671,53.4913],[96.0333,53.457],[96.1035,53.5045],[96.2321,53.5171],[96.2411,53.6195],[96.4403,53.5358],[96.6277,53.5569],[96.6883,53.6463],[96.4851,53.6916],[96.3401,53.8373],[96.1871,53.9078],[96.0607,54.0252],[96.0992,54.061],[95.9107,54.1211],[95.8038,54.2285],[95.6847,54.2375],[95.6472,54.2939],[95.751,54.4219],[95.9217,54.3993],[95.9743,54.4954],[96.0651,54.5745],[96.2101,54.5365],[96.3381,54.5555],[96.4864,54.5159],[96.5388,54.5298],[96.5809,54.6266],[96.5661,54.6906],[96.71,54.8694],[96.6917,54.9464],[96.5934,55.0302],[96.6729,55.0664],[96.6678,55.154],[96.7199,55.2681],[96.9408,55.3118],[96.8475,55.4317],[96.8103,55.5692],[96.8544,55.5998],[96.751,55.6625],[96.7861,55.7896],[96.8441,55.8393],[96.99,55.8518],[96.9907,56.0039],[97.0637,56.0042],[97.1319,56.1125],[97.3012,56.0744],[97.3595,56.0321],[97.4729,56.1954],[97.5742,56.1873],[97.557,56.3763],[97.88,56.3754],[97.8799,56.5341],[97.7784,56.5936],[97.7581,56.7024],[97.7864,56.7976],[97.5289,56.7904],[97.4786,56.8831],[97.6671,56.9612],[97.5306,56.9698],[97.3433,57.0315],[97.9532,57.8286],[98.4914,57.7964],[98.6448,57.7725],[98.7592,57.7946],[98.9131,57.7114],[99.0866,57.7781],[99.2045,57.761],[99.4585,57.8088],[99.4989,57.8838],[99.6255,57.9906],[99.6817,58.0827],[99.812,58.0575],[99.9609,58.083],[100.091,58.0686],[100.0806,57.9452],[100.1477,57.8706],[100.375,57.7288],[100.3228,57.6844],[100.5156,57.494],[100.682,57.4563],[100.7399,57.4058],[100.9559,57.4746],[100.9483,57.5716],[100.8171,57.6335],[100.9074,57.7751],[100.8558,57.8508],[100.9739,57.8642],[101.1041,57.9624],[101.1669,58.0442],[101.1066,58.1014],[101.2001,58.129],[101.3715,58.2343],[101.4999,58.2317],[101.64,58.3257],[101.6831,58.3971],[101.8055,58.4553],[102.1022,58.489],[102.2764,58.5607],[102.3428,58.6512],[102.5692,58.7394],[102.5526,58.8981],[102.4499,58.9398],[102.4026,59.0835],[102.4979,59.1861],[102.8316,59.205],[102.9394,59.2987],[103.0186,59.3184],[103.2177,59.2379],[103.3927,59.0299],[103.5594,58.9991],[103.5931,58.9445],[103.7817,58.909],[103.8923,58.9226],[103.9832,58.871],[103.9504,58.7883],[104.1996,58.7758],[104.2519,58.7168],[104.4566,58.6101],[104.6074,58.6222],[104.8047,58.6748],[104.8756,58.7497],[104.7546,58.8072],[104.7674,58.8449],[104.9114,58.9527],[105.097,59.0158],[105.1155,59.0497],[105.3017,59.0756],[105.3596,59.1216],[105.304,59.2454],[105.2149,59.2689],[105.2357,59.443],[105.1949,59.4769],[104.9938,59.4608],[104.8571,59.5496],[104.7621,59.6848],[104.8907,59.7656],[104.9912,59.7642],[104.9805,59.8414],[105.1618,59.8715],[105.4327,59.8578],[105.4108,59.9521],[105.4936,59.9915],[105.4225,60.1529],[105.4546,60.2536],[105.3062,60.2923],[105.2161,60.2765],[104.9776,60.2891],[104.6769,60.4249],[104.6524,60.5062],[104.5029,60.6274],[104.6093,60.7243],[104.5099,60.7829],[104.4684,60.8506],[104.6092,60.8854],[104.6263,61.0791],[104.6906,61.0863],[104.8526,61.1918],[105.0224,61.1974],[104.9184,61.3252],[104.91,61.3954],[105.2833,61.4251],[105.3591,61.5394],[105.5931,61.6004],[105.7124,61.6621],[105.8114,61.6299],[105.9799,61.6905],[105.8974,61.8418],[106.1112,61.9574],[106.3948,62.0422],[106.4556,62.2344],[106.3669,62.2773],[106.4319,62.3967],[106.5431,62.3963],[106.7284,62.4948],[106.6725,62.5565],[106.7731,62.6387],[106.4725,62.6976],[106.5125,62.7911],[106.4371,62.8626],[106.193,62.921],[106.1306,63.0375],[106.1849,63.086],[106.3539,63.1075],[106.4315,63.2138],[106.3445,63.2451],[106.3558,63.302],[106.6579,63.3255],[106.7266,63.4097],[106.5946,63.4544],[106.4714,63.5424],[106.6581,63.6272],[106.6024,63.7227],[106.6971,63.8245],[106.7888,63.8688],[106.7304,63.935],[106.619,63.9751],[106.6952,64.0363],[107.07,63.9293],[107.307,63.9776],[107.3771,63.9368],[107.5656,63.8974],[107.6312,63.9814],[107.7387,64.0158],[107.8993,63.9978],[108.2054,64.0037],[108.3891,64.0488],[108.2468,64.2502],[108.0868,64.2468],[108.0589,64.1879],[107.8922,64.1964],[107.6413,64.3107],[107.3699,64.2611],[107.2565,64.3454],[107.1334,64.351],[106.8858,64.4403],[106.7405,64.4228],[106.6525,64.5295],[106.5541,64.4602],[106.0866,64.4305],[106.1338,64.4854],[105.9856,64.5341],[105.7927,64.5272],[105.7095,64.6022],[105.8695,64.6751],[105.8159,64.7606],[105.9245,64.9004],[106.0318,64.9187],[106.0709,64.9804],[105.9505,65.0399],[106.1613,65.0931],[106.4194,65.229],[106.4395,65.3195],[106.5449,65.3794],[106.7761,65.3872],[106.9679,65.5083],[106.6996,65.5427],[106.6311,65.6077],[106.401,65.6977],[106.4533,65.7167],[106.4644,65.9324],[106.5176,66.001],[106.3737,66.0932],[106.3274,66.1579],[106.2013,66.1496],[106.1068,66.2023],[106.0953,66.3371],[106.1419,66.4039],[106.332,66.4738],[106.233,66.5655],[106.2437,66.6899],[106.0845,66.7798],[105.9846,66.8019],[106.0796,66.8958],[105.698,66.9256],[105.5105,67.0175],[105.8715,67.0298],[106.0657,67.1177],[106.0682,67.1671],[106.3411,67.2012],[106.5043,67.276],[106.6774,67.2515],[106.822,67.3341],[106.8745,67.6675],[106.8704,67.8358],[106.9207,68.2542],[106.9056,68.859],[106.1429,69.4094],[106.3442,69.4782],[106.4874,69.5812],[106.6307,69.528],[106.8574,69.5233],[107.6065,69.6605],[107.8443,69.6864],[108.2487,69.8544],[108.8002,69.8305],[108.9446,69.7706],[109.2011,69.7546],[109.3831,69.826],[109.4001,69.9581],[109.5256,69.9916],[109.3033,70.1445],[109.3043,70.2099],[109.5756,70.2524],[109.6438,70.3728],[110.0626,70.3979],[110.1336,70.4651],[110.0924,70.5376],[110.1234,70.6357],[110.508,70.7243],[110.5108,70.7656],[110.8104,70.7851],[111.0342,70.8408],[111.3259,70.8562],[111.4788,70.9288],[111.9463,70.9789],[112.0305,71.0531],[112.1841,71.0133],[112.356,71.0712],[112.5996,71.1092],[112.5209,71.1762],[112.6757,71.201],[112.7197,71.2548],[112.4693,71.2766],[112.2206,71.3779],[112.0005,71.4023],[112.0007,72.1244],[111.8955,72.1286],[111.5823,72.2263],[111.667,72.2575],[111.5748,72.3244],[111.3205,72.322],[111.0306,72.396],[111.3044,72.4974],[111.1787,72.5578],[110.863,72.6024],[110.7224,72.6781],[110.642,72.8554],[110.8899,72.9511],[110.6614,72.9866],[110.8608,73.0553],[110.7455,73.1029],[110.8502,73.1607],[110.4682,73.1505],[110.3483,73.1977],[110.6244,73.2563],[110.4228,73.3384],[110.4762,73.3992],[110.6468,73.4296],[110.8169,73.5481],[111.2803,73.6097],[111.1926,73.6605],[110.8038,73.7099],[110.9917,73.8129],[111.235,73.8229],[111.883,73.9898],[111.8736,74.1051],[111.6695,74.1426],[111.1402,74.1898],[110.5529,74.2992],[110.5302,74.3381],[111.0591,74.4435],[112.368,74.6517],[112.9093,74.8708],[113.5666,74.8938],[114.2192,75.1233],[114.4637,75.2847],[114.5534,75.4396],[114.4916,75.5514],[114.7061,75.7512],[114.7116,75.9465],[114.3653,76.1392],[114.296,76.4235],[114.0271,76.5447],[113.4154,76.6554],[113.1147,76.7595],[112.8737,76.8036],[111.9425,76.8829],[111.6158,76.9449],[110.9382,76.9862],[109.6951,76.9566],[108.9924,77.0956],[108.6187,77.3841],[108.481,77.4479],[108.4354,77.9436],[108.7288,78.0842],[108.74,78.1691],[108.4643,78.2939],[107.2349,78.5351],[106.4353,78.648],[106.3685,78.7844],[106.1414,78.9064],[105.2969,79.1534],[104.6684,79.3119],[103.4967,79.5468],[103.0479,79.5967],[101.2897,79.8066],[100.862,80.0018],[100.2504,80.1668],[99.8691,80.219],[98.7071,80.3034],[99.345,80.6072],[99.4052,80.6923],[99.3049,80.7899],[99.0989,80.8621],[97.8887,81.0981],[97.0617,81.3509],[96.5017,81.4377],[95.8245,81.4734],[94.8738,81.4464],[94.3233,81.3963],[92.6204,81.2878],[92.2176,81.3553],[91.4751,81.4168],[90.9198,81.4256],[90.198,81.399],[89.3476,81.3308],[88.8833,81.1971],[88.8933,81.0932],[89.2128,80.9724],[89.6225,80.9101],[90.5557,80.8418],[91.5405,80.8493],[90.4382,80.494],[90.31,80.4164],[90.3044,80.3019],[89.8797,80.1245],[89.8266,80.0589],[90.0403,79.7854],[89.5182,79.6243],[89.499,79.4973],[89.9937,79.3785],[90.5592,79.3189],[91.4215,79.0116],[91.7444,78.9494],[92.3712,78.8801],[92.7588,78.8622],[94.6598,78.8412],[95.402,78.7999],[96.5713,78.7107],[96.8667,78.6496],[96.9744,78.3058],[97.2422,78.1803],[98.394,77.9371],[96.8301,77.5578],[95.9889,77.3491],[95.5429,77.2578],[94.9793,77.1901],[94.605,77.1026],[93.8209,76.8895],[93.1928,76.6814],[91.6742,76.2592],[91.0285,76.2245],[88.9549,75.8944],[87.889,75.9009],[87.4536,75.8496],[87.2187,75.7544],[85.6118,75.4297],[85.4478,75.3798],[84.6204,75.01],[83.6314,74.785],[83.4622,74.669],[83.4909,74.5613],[82.3295,74.3309],[82.0549,74.287],[81.7536,74.1737],[80.2042,73.7593],[79.0645,73.7043],[77.7299,73.6395],[77.7647,73.0251],[78.0856,72.6695],[78.6499,72.4703],[78.4786,72.3546],[78.5086,72.2937],[78.6533,72.2486],[78.7521,72.1696],[79.1401,72.0647],[79.3734,72.0407],[79.8218,72.0322],[80.3786,71.8779],[80.0734,71.8243],[80.1453,71.7594],[80.1419,71.6715],[79.9707,71.6036],[79.8244,71.5858],[79.3667,71.6062],[79.3136,71.4543],[79.1337,71.3933],[79.2202,71.3074],[79.4339,71.2961],[79.997,71.1165],[80.584,71.0432],[80.6387,70.8331],[80.7131,70.8104],[80.6498,70.6874],[80.8171,70.6217],[80.7235,70.5068],[80.6177,70.4539],[80.4142,70.4605],[80.0235,70.3316],[79.8786,70.2619],[79.7551,70.2757],[79.5074,70.1118],[79.3242,70.0903],[79.1651,70.0218],[79.1097,69.9327],[78.9625,69.8788],[78.995,69.8066],[79.1175,69.7887],[79.1329,69.6854],[79.4168,69.6612],[79.5108,69.6291],[79.6473,69.4742],[79.9178,69.3523],[80.2367,69.366],[80.4326,69.3311],[80.7622,69.3064],[80.7959,69.2696],[81.0102,69.2095],[81.3417,69.2828],[81.4345,69.2484],[81.6765,69.3166],[81.641,69.4136],[81.822,69.4271],[81.9612,69.3525],[81.8053,69.2537],[81.8517,69.1935],[82.1385,69.1623],[82.3959,69.1739],[82.461,69.0773],[82.3156,69.0538],[82.4937,68.9716],[82.5945,68.807],[82.8007,68.7592],[82.8727,68.6743],[82.6488,68.6088],[82.621,68.5478],[82.714,68.4052],[82.5522,68.1671],[82.3478,68.124],[82.3961,67.9674],[82.3356,67.9333],[81.9739,67.9595],[81.7728,67.9471],[81.7287,67.9002],[81.8554,67.7976],[82.0941,67.721],[82.0301,67.6436],[82.2602,67.5446],[82.3974,67.5218],[82.261,67.4303],[82.2833,67.3071],[82.1328,67.219],[82.7306,67.0033],[83.1449,66.8303],[83.2678,66.6983],[83.2753,66.6425],[83.0905,66.5947],[83.0762,66.4629],[83.1199,66.4025],[83.2381,66.3829],[83.5392,66.1874],[83.3563,66.1194],[83.2694,66.0492],[83.311,65.9863],[83.5487,65.9024],[83.4735,65.8145],[83.5634,65.762],[83.7622,65.7894],[83.9665,65.7923],[84.1515,65.6948],[84.2792,65.6842],[84.2827,65.6176],[84.5094,65.4774],[84.4934,65.3903],[84.5671,65.317],[84.5424,65.2444],[84.3835,65.2019],[84.2884,65.1041],[84.3218,64.9201],[84.4388,64.9063],[84.8465,64.9447],[85.0322,64.9101],[84.9596,64.8359],[85.1311,64.7963],[85.3145,64.7899],[85.5279,64.8522],[85.7358,64.8236],[85.8337,64.7843],[85.8194,64.6799],[85.9073,64.5741],[85.8043,64.4969],[85.9216,64.4316],[86.0073,64.2721],[85.9336,64.132],[85.967,64.0485],[85.7521,64.0019],[85.482,63.9143],[85.3647,63.8488],[85.3016,63.6476],[85.0784,63.5339],[85.2817,63.5199],[85.4174,63.4372],[85.4194,63.3653],[85.6884,63.3725],[85.7056,63.3385],[85.5679,63.2837],[85.499,63.153],[85.6198,63.0345],[85.503,62.9816],[85.5151,62.8986],[85.3671,62.8791],[85.2142,62.7985],[85.0992,62.6412],[84.8997,62.5575],[84.9226,62.4761],[84.6981,62.3905],[84.4409,62.1957],[84.492,62.0985],[84.5194,61.9278],[84.6779,61.8081],[84.8409,61.773],[84.919,61.7899],[85.0969,61.752],[85.2778,61.6737],[85.4066,61.6871],[85.4929,61.6172],[85.7128,61.5726],[85.8425,61.5939],[85.9611,61.5451],[85.9653,61.4592],[85.7982,61.4541],[85.6407,61.3671],[85.6966,61.2838],[84.7351,61.0143],[84.6417,60.9979],[84.2631,60.8625]]],[[[78.4609,74.5881],[78.5099,74.504],[78.73,74.4096],[79.0335,74.3504],[79.5054,74.3142],[79.8078,74.3255],[80.0541,74.3641],[80.2582,74.4422],[80.3632,74.5413],[80.3608,74.6158],[80.2155,74.7026],[79.8096,74.7984],[79.5781,74.831],[79.2076,74.8391],[78.8123,74.7951],[78.5255,74.6872],[78.4609,74.5881]]],[[[80.8111,75.3119],[80.851,75.2186],[80.9993,75.1259],[81.529,74.943],[81.7801,74.8902],[82.0323,74.8695],[82.4251,74.8824],[82.7595,74.9434],[82.8877,75],[82.9653,75.186],[83.1381,75.2987],[83.0314,75.4506],[83.0099,75.5861],[82.7129,75.6763],[82.9649,75.7184],[83.6277,75.7422],[83.8561,75.7835],[84.0721,75.8866],[84.0408,76.0155],[83.8972,76.0773],[83.5366,76.1378],[82.584,76.1867],[81.9988,76.1505],[81.4512,76.1395],[81.2117,76.1007],[80.8522,75.9569],[80.8747,75.8554],[81.2064,75.7486],[81.6688,75.6746],[81.4053,75.6313],[80.9407,75.4793],[80.8111,75.3119]]],[[[81.3055,77.5347],[81.3753,77.4348],[81.751,77.3208],[82.2482,77.2791],[82.7947,77.266],[83.1299,77.2896],[83.3974,77.3403],[83.5562,77.4093],[83.5456,77.5223],[83.0661,77.6702],[82.435,77.7247],[81.9742,77.7203],[81.5457,77.6616],[81.3055,77.5347]]],[[[87.8061,77.0778],[87.8566,76.9974],[88.1386,76.8734],[88.412,76.8176],[88.9391,76.7752],[89.4052,76.7901],[89.9117,76.7698],[90.2503,76.7948],[90.5505,76.8553],[90.6995,76.9315],[91.0028,77.0126],[91.0913,77.0844],[91.529,77.1608],[91.6747,77.2463],[91.6414,77.3722],[91.7352,77.4036],[92.2034,77.4037],[92.5306,77.436],[92.9189,77.533],[93.0098,77.6624],[92.8777,77.7334],[92.5148,77.8146],[92.158,77.8518],[91.721,77.8547],[91.2705,77.8096],[91.0343,77.7475],[90.9197,77.6581],[90.9689,77.5659],[90.8755,77.5185],[90.5804,77.5199],[90.0693,77.4709],[89.6918,77.4993],[89.1045,77.487],[88.6616,77.4225],[88.3558,77.2971],[87.9888,77.2165],[87.8061,77.0778]]],[[[92.6773,78.1828],[92.7852,78.076],[93.0613,77.9989],[93.6781,77.9422],[94.1547,77.9571],[94.6194,78.0355],[94.7799,78.121],[94.772,78.2347],[94.6667,78.3135],[94.2592,78.3985],[93.8921,78.4215],[93.5089,78.4143],[93.0926,78.3663],[92.8245,78.2965],[92.6773,78.1828]]]]},"properties":{"osm_id":190090,"name":"Красноярский край","iso":"RU-KYA","kind":"region","label":[94.8632,66.6232]}},
{"type":"Feature","geometry":{"type":"Polygon","coordinates":[[[99.2304,52.9633],[99.3685,53.0332],[99.3731,53.1019],[99.5296,53.106],[99.7186,53.1506],[99.8421,53.1974],[99.8524,53.2877],[99.9804,53.3291],[100.2857,53.3638],[100.3313,53.2905],[100.4207,53.2481],[100.3406,53.1673],[100.3774,53.1037],[100.4898,53.0569],[100.6558,52.9215],[100.8133,52.8651],[100.9164,52.7829],[101.0534,52.7645],[101.2152,52.697],[101.2935,52.6441],[101.41,52.634],[101.4547,52.5762],[101.6302,52.4803],[101.7829,52.3689],[101.9307,52.3173],[101.9248,52.2238],[102.0067,52.2119],[102.156,52.2838],[102.3001,52.2307],[102.3877,52.2686],[102.5666,52.2206],[102.5695,52.1633],[102.7635,51.9953],[102.8549,51.9714],[102.9175,51.9121],[103.0694,51.8965],[103.0747,51.8575],[103.2254,51.8061],[103.1834,51.7283],[103.2309,51.6692],[103.1816,51.6174],[103.2384,51.5704],[103.2422,51.5039],[103.4926,51.4634],[103.6241,51.4806],[103.8014,51.4348],[103.8101,51.1303],[104.0667,51.2052],[104.1943,51.2828],[104.4188,51.2896],[104.4867,51.3221],[104.5668,51.2857],[104.6699,51.3357],[104.5962,51.6294],[105.0011,51.6887],[105.2924,51.745],[105.5529,51.8324],[105.7818,51.9619],[106.1733,52.3625],[107.0016,52.7175],[108.0127,53.2337],[108.2974,53.6735],[108.4515,53.8485],[108.6356,54.0012],[109.0001,54.3339],[109.0677,54.4259],[108.6645,54.5377],[108.6336,54.5859],[108.7119,54.667],[108.7188,54.9009],[108.6945,55.0615],[108.7681,55.1432],[108.7832,55.2329],[108.6749,55.2947],[108.6392,55.4886],[108.7027,55.4985],[108.6814,55.6049],[108.7756,55.6109],[108.8095,55.7046],[108.7852,55.7724],[108.8229,55.8474],[108.9706,55.9391],[109.202,55.907],[109.2665,55.9611],[109.0877,56.0148],[108.9534,56.0284],[108.923,56.1248],[108.8165,56.2285],[108.6517,56.2411],[108.5488,56.3321],[108.6182,56.4134],[108.7402,56.505],[108.6817,56.558],[108.9049,56.5807],[109.1443,56.6795],[109.2315,56.6508],[109.4274,56.7379],[109.5441,56.7413],[109.6104,56.6965],[109.7691,56.7083],[109.8877,56.7956],[109.8534,56.8496],[109.9152,56.926],[110.0158,56.9754],[110.2136,56.9296],[110.2685,56.9521],[110.5081,56.8952],[110.6283,56.8368],[110.7121,56.8808],[110.8424,56.8406],[110.9821,56.8744],[111.1617,56.823],[111.2445,56.8925],[111.3422,56.8958],[111.3914,57.0311],[111.5262,57.1309],[111.6107,57.0987],[111.6142,57.0124],[111.6801,57.0004],[111.8305,56.9127],[111.8718,56.9479],[112.0847,56.9558],[112.2153,56.8575],[112.4046,56.8574],[112.5498,56.9454],[112.7381,56.9481],[112.6791,56.8572],[112.7342,56.7597],[112.8738,56.723],[112.8678,56.6858],[113.0779,56.6826],[113.3651,56.626],[113.4827,56.6816],[113.7926,56.6106],[113.858,56.5187],[114.0964,56.6234],[114.1524,56.6971],[114.4049,56.6683],[114.5486,56.6966],[114.7946,56.7052],[114.829,56.8169],[115.0068,56.9712],[115.0685,57.1116],[115.2543,57.1191],[115.329,57.0959],[115.6691,57.1348],[115.845,57.2483],[116.0283,57.2228],[116.1539,57.2304],[116.2519,57.1388],[116.1061,57.0991],[116.0664,57.0572],[115.8222,57.0024],[115.7297,56.9622],[115.829,56.9458],[116.1156,56.8192],[116.23,56.8292],[116.3157,56.8717],[116.5192,56.7741],[116.7545,56.7386],[117.0074,56.8261],[117.161,56.8416],[117.1767,56.8956],[117.2766,56.9392],[117.3965,56.8488],[117.4641,56.851],[117.549,56.9572],[117.6549,56.9956],[117.6777,57.0885],[117.5762,57.1651],[117.7548,57.2376],[117.7791,57.3184],[117.632,57.3223],[117.5438,57.2722],[117.446,57.264],[117.4514,57.3495],[117.3438,57.3652],[117.3328,57.4544],[117.2551,57.5339],[117.276,57.6317],[117.1397,57.6656],[117.1816,57.7697],[117.0765,57.8272],[117.1699,57.8547],[117.3462,57.8648],[117.3944,57.9432],[117.3808,58.016],[117.4112,58.1439],[117.4501,58.1755],[117.5937,58.1749],[117.4644,58.3111],[117.7203,58.415],[118.0004,58.4229],[118.1084,58.3947],[118.2483,58.398],[118.4053,58.2797],[118.5783,58.2326],[118.6822,58.1786],[118.7896,58.2256],[119.1174,58.2379],[119.1387,58.2925],[119.0633,58.3635],[119.1313,58.4879],[118.9919,58.5616],[118.7768,58.6114],[118.8624,58.7343],[118.8741,58.8269],[118.7547,58.9064],[118.8725,58.9649],[118.8215,59.0508],[118.7138,59.0498],[118.6708,59.1866],[118.8174,59.3296],[118.7488,59.3451],[118.7652,59.4202],[118.362,59.526],[118.3461,59.615],[118.2399,59.6404],[118.034,59.6293],[117.9687,59.4973],[117.8263,59.4455],[117.7833,59.5583],[117.6452,59.5406],[117.4979,59.4926],[117.4386,59.5252],[117.2492,59.5139],[117.1121,59.6098],[117.2055,59.6814],[117.2238,59.8742],[117.0964,59.8693],[117.0143,59.9126],[117.0775,59.9726],[117.3472,60.0242],[117.2122,60.0542],[117.1038,60.0277],[116.9372,60.1965],[116.6085,60.2951],[116.6236,60.3497],[116.541,60.39],[116.3246,60.3747],[116.2702,60.4082],[116.0134,60.4665],[115.8724,60.5231],[115.6966,60.549],[115.3695,60.4919],[115.3008,60.5138],[115.096,60.4132],[115.1452,60.366],[114.9868,60.2145],[114.9002,60.1852],[114.7747,60.2025],[114.6512,60.1791],[114.4966,60.0696],[114.5295,59.9836],[114.2972,59.8907],[114.2167,59.7846],[114.097,59.7653],[113.9697,59.6909],[113.7612,59.6171],[113.5913,59.5948],[113.6145,59.5152],[113.4634,59.4323],[113.432,59.3787],[113.5272,59.3429],[113.4291,59.2478],[113.1096,59.1508],[112.9315,59.1569],[112.8051,59.127],[112.7519,59.0519],[112.5316,59.0751],[112.5992,58.9923],[112.5247,58.8941],[112.4415,58.9181],[112.4478,59.1362],[112.5057,59.2382],[112.6438,59.2813],[112.5363,59.3454],[112.3619,59.3104],[112.2754,59.3731],[112.3406,59.4256],[112.2513,59.5284],[112.0937,59.4287],[112.0789,59.3925],[111.8989,59.3037],[111.7902,59.298],[111.6498,59.2238],[111.4511,59.2924],[111.2972,59.2776],[111.2177,59.2037],[111.0423,59.2225],[110.7205,59.2809],[110.5486,59.1833],[110.6036,59.1404],[110.4747,59.0464],[110.3993,59.0572],[110.2394,58.9999],[110.0235,59.0016],[109.9776,59.0241],[109.8119,59.0043],[109.7274,59.0906],[109.6175,59.0833],[109.6253,59.1674],[109.5054,59.1965],[109.4526,59.313],[109.2917,59.3165],[109.2398,59.3815],[109.3429,59.4172],[109.2523,59.4669],[109.4018,59.5844],[109.5434,59.6673],[109.4748,59.7676],[109.5633,59.8442],[109.6626,59.876],[109.6747,59.9867],[109.7551,60.027],[109.6926,60.0767],[109.7403,60.2486],[109.8152,60.2738],[109.8047,60.3364],[109.9488,60.4169],[109.9071,60.4614],[110.1382,60.5969],[110.0993,60.6944],[110.2886,60.702],[110.2619,60.8446],[110.4579,60.9816],[110.5423,61.0878],[110.5239,61.1797],[110.3813,61.2013],[110.2221,61.1683],[110.1113,61.2779],[109.9972,61.3147],[109.7618,61.3317],[109.8392,61.4252],[109.8089,61.4779],[109.8595,61.5668],[109.6928,61.6646],[109.6002,61.7455],[109.6423,61.9277],[109.7241,62.0012],[109.8158,62.0228],[109.8867,62.126],[110.0046,62.186],[109.9186,62.2601],[109.9868,62.3196],[109.8899,62.3705],[109.9109,62.437],[109.6679,62.4354],[109.4309,62.4736],[109.2984,62.5216],[109.2516,62.5974],[109.3865,62.6089],[109.3785,62.6621],[109.4786,62.6916],[109.5191,62.7994],[109.6805,62.8399],[109.4945,62.9564],[109.5115,63.0532],[109.4578,63.1113],[109.4057,63.3727],[109.3198,63.3939],[109.2044,63.4783],[109.187,63.5316],[109.0781,63.5777],[108.9269,63.5756],[108.6983,63.6195],[108.4963,63.6367],[108.1697,63.6007],[108.2995,63.7171],[108.2874,63.8375],[108.3607,63.8618],[108.4965,63.8232],[108.7312,63.8429],[108.7981,63.8923],[108.7112,63.9381],[108.7643,64.0094],[108.6133,64.069],[108.525,64.1489],[108.5031,64.3065],[108.3611,64.2648],[108.2641,64.2775],[108.0868,64.2468],[108.2468,64.2502],[108.3891,64.0488],[108.2054,64.0037],[107.8993,63.9978],[107.7387,64.0158],[107.6312,63.9814],[107.5656,63.8974],[107.3771,63.9368],[107.307,63.9776],[107.07,63.9293],[106.6952,64.0363],[106.619,63.9751],[106.7304,63.935],[106.7888,63.8688],[106.6971,63.8245],[106.6024,63.7227],[106.6581,63.6272],[106.4714,63.5424],[106.5946,63.4544],[106.7266,63.4097],[106.6579,63.3255],[106.3558,63.302],[106.3445,63.2451],[106.4315,63.2138],[106.3539,63.1075],[106.1849,63.086],[106.1306,63.0375],[106.193,62.921],[106.4371,62.8626],[106.5125,62.7911],[106.4725,62.6976],[106.7731,62.6387],[106.6725,62.5565],[106.7284,62.4948],[106.5431,62.3963],[106.4319,62.3967],[106.3669,62.2773],[106.4556,62.2344],[106.3948,62.0422],[106.1112,61.9574],[105.8974,61.8418],[105.9799,61.6905],[105.8114,61.6299],[105.7124,61.6621],[105.5931,61.6004],[105.3591,61.5394],[105.2833,61.4251],[104.91,61.3954],[104.9184,61.3252],[105.0224,61.1974],[104.8526,61.1918],[104.6906,61.0863],[104.6263,61.0791],[104.6092,60.8854],[104.4684,60.8506],[104.5099,60.7829],[104.6093,60.7243],[104.5029,60.6274],[104.6524,60.5062],[104.6769,60.4249],[104.9776,60.2891],[105.2161,60.2765],[105.3062,60.2923],[105.4546,60.2536],[105.4225,60.1529],[105.4936,59.9915],[105.4108,59.9521],[105.4327,59.8578],[105.1618,59.8715],[104.9805,59.8414],[104.9912,59.7642],[104.8907,59.7656],[104.7621,59.6848],[104.8571,59.5496],[104.9938,59.4608],[105.1949,59.4769],[105.2357,59.443],[105.2149,59.2689],[105.304,59.2454],[105.3596,59.1216],[105.3017,59.0756],[105.1155,59.0497],[105.097,59.0158],[104.9114,58.9527],[104.7674,58.8449],[104.7546,58.8072],[104.8756,58.7497],[104.8047,58.6748],[104.6074,58.6222],[104.4566,58.6101],[104.2519,58.7168],[104.1996,58.7758],[103.9504,58.7883],[103.9832,58.871],[103.8923,58.9226],[103.7817,58.909],[103.5931,58.9445],[103.5594,58.9991],[103.3927,59.0299],[103.2177,59.2379],[103.0186,59.3184],[102.9394,59.2987],[102.8316,59.205],[102.4979,59.1861],[102.4026,59.0835],[102.4499,58.9398],[102.5526,58.8981],[102.5692,58.7394],[102.3428,58.6512],[102.2764,58.5607],[102.1022,58.489],[101.8055,58.4553],[101.6831,58.3971],[101.64,58.3257],[101.4999,58.2317],[101.3715,58.2343],[101.2001,58.129],[101.1066,58.1014],[101.1669,58.0442],[101.1041,57.9624],[100.9739,57.8642],[100.8558,57.8508],[100.9074,57.7751],[100.8171,57.6335],[100.9483,57.5716],[100.9559,57.4746],[100.7399,57.4058],[100.682,57.4563],[100.5156,57.494],[100.3228,57.6844],[100.375,57.7288],[100.1477,57.8706],[100.0806,57.9452],[100.091,58.0686],[99.9609,58.083],[99.812,58.0575],[99.6817,58.0827],[99.6255,57.9906],[99.4989,57.8838],[99.4585,57.8088],[99.2045,57.761],[99.0866,57.7781],[98.9131,57.7114],[98.7592,57.7946],[98.6448,57.7725],[98.4914,57.7964],[97.9532,57.8286],[97.3433,57.0315],[97.5306,56.9698],[97.6671,56.9612],[97.4786,56.8831],[97.5289,56.7904],[97.7864,56.7976],[97.7581,56.7024],[97.7784,56.5936],[97.8799,56.5341],[97.88,56.3754],[97.557,56.3763],[97.5742,56.1873],[97.4729,56.1954],[97.3595,56.0321],[97.3012,56.0744],[97.1319,56.1125],[97.0637,56.0042],[96.9907,56.0039],[96.99,55.8518],[96.8441,55.8393],[96.7861,55.7896],[96.751,55.6625],[96.8544,55.5998],[96.8103,55.5692],[96.8475,55.4317],[96.9408,55.3118],[96.7199,55.2681],[96.6678,55.154],[96.6729,55.0664],[96.5934,55.0302],[96.6917,54.9464],[96.71,54.8694],[96.5661,54.6906],[96.5809,54.6266],[96.5388,54.5298],[96.4864,54.5159],[96.3381,54.5555],[96.2101,54.5365],[96.0651,54.5745],[95.9743,54.4954],[95.9217,54.3993],[95.751,54.4219],[95.6472,54.2939],[95.6847,54.2375],[95.8038,54.2285],[95.9107,54.1211],[96.0992,54.061],[96.0607,54.0252],[96.1871,53.9078],[96.3401,53.8373],[96.4851,53.6916],[96.6883,53.6463],[96.7423,53.7268],[96.8964,53.7254],[97.0099,53.653],[97.2977,53.5799],[97.4566,53.4555],[97.6032,53.4253],[97.5895,53.3767],[97.8661,53.3467],[98.0028,53.2495],[98.1924,53.246],[98.3154,53.1864],[98.3121,53.0948],[98.6371,53.1012],[98.6658,53.1537],[99.0142,53.1022],[98.9998,53.0274],[99.2304,52.9633]]]},"properties":{"osm_id":145454,"name":"Иркутская область","iso":"RU-IRK","kind":"region","label":[107.3928,57.7258]}},
{"type":"Feature","geometry":{"type":"MultiPolygon","coordinates":[[[[162.5311,69.869],[161.1906,69.8888],[160.6543,69.9227],[160.5375,70.0991],[160.6643,70.1952],[160.6758,70.2958],[160.6125,70.4096],[160.4285,70.6029],[160.8047,70.5985],[161.0716,70.6304],[161.1985,70.5347],[161.5068,70.4673],[161.9242,70.4743],[162.0847,70.4409],[162.3683,70.4206],[162.653,70.4371],[162.8754,70.4784],[163.0627,70.5669],[163.0941,70.6808],[162.8817,70.7976],[162.5151,70.8474],[162.2744,70.8505],[162.1262,70.9793],[161.7613,71.1082],[161.509,71.1295],[161.2917,71.122],[160.9659,71.0574],[160.5017,71.1131],[160.1562,71.0894],[159.9058,71.0094],[159.823,70.8938],[159.3082,71.0282],[158.6744,71.1424],[157.972,71.2179],[157.0622,71.275],[156.4068,71.2672],[155.7538,71.2665],[155.3984,71.2326],[154.3324,71.1506],[153.6116,71.0635],[152.9846,71.0186],[152.8122,71.0175],[152.2776,71.3639],[151.675,71.6807],[151.3993,71.7474],[150.8319,71.8161],[150.7259,71.9502],[150.4841,72.1219],[149.9951,72.2934],[149.4984,72.392],[148.8029,72.4838],[148.4435,72.518],[147.6151,72.5266],[147.1992,72.5116],[146.5196,72.6316],[145.7208,72.716],[144.3814,72.8406],[144.3204,73.2204],[144.3081,73.4296],[144.2458,73.5159],[144.0337,73.641],[143.7702,73.7478],[143.3502,73.868],[143.0957,73.9588],[142.6507,74.0322],[141.8377,74.1949],[141.8021,74.2598],[142.9561,74.622],[144.1217,74.7045],[144.5102,74.7717],[145.3854,75.0425],[145.4903,75.1108],[145.8372,75.0099],[146.2808,74.9434],[146.7742,74.8283],[147.189,74.7839],[147.638,74.6391],[147.9662,74.588],[148.6061,74.5395],[149.2946,74.5308],[149.7312,74.5512],[150.3626,74.6286],[150.9453,74.6797],[151.2148,74.7319],[151.3813,74.8109],[151.4651,74.944],[151.6765,75.0452],[151.7414,75.1418],[151.5685,75.2573],[151.2416,75.3229],[149.6036,75.4544],[148.5872,75.594],[148.1872,75.5991],[147.1234,75.7182],[146.5845,75.787],[146.1118,75.767],[145.8234,75.7119],[145.2419,75.8389],[144.8037,75.8948],[144.3044,75.9961],[143.9479,76.0353],[143.4473,76.05],[143.1047,76.0262],[142.4609,76.2312],[141.8139,76.3464],[140.7587,76.4776],[140.3037,76.4958],[138.9469,76.3994],[138.587,76.3915],[138.1007,76.3345],[137.6986,76.2656],[137.5017,76.2085],[137.1191,76.1419],[136.853,76.0675],[136.6353,75.945],[135.9799,76.0622],[135.6723,76.0708],[135.2091,76.027],[135.0288,75.9781],[134.8758,75.8776],[134.7973,75.6853],[134.8394,75.5915],[134.7004,75.4456],[134.7436,75.3413],[134.9122,75.2485],[135.3552,75.1746],[135.8487,75.1666],[136.2153,75.1958],[136.5475,75.0195],[136.7705,74.9261],[137.2,74.8283],[137.3139,74.7484],[137.5594,74.6411],[137.8783,74.5732],[138.3508,74.5342],[138.6615,74.4673],[139.4483,74.1361],[139.5105,73.9806],[139.0779,73.4038],[139.2189,73.2674],[139.4809,73.1792],[139.9228,72.9004],[139.5081,72.7482],[139.2102,72.668],[138.739,72.4746],[138.5986,72.393],[138.2916,72.1226],[138.0453,72.0588],[137.8429,71.9687],[137.2643,71.8121],[136.2334,71.8516],[135.697,71.8429],[135.1957,71.7998],[134.8603,71.753],[134.56,71.6873],[134.2318,71.5756],[133.9204,71.6279],[133.7061,71.7155],[133.8927,71.7985],[133.9593,71.919],[133.8613,71.9998],[133.5374,72.1257],[133.232,72.1648],[133.0322,72.1687],[132.573,72.138],[132.2375,72.0746],[131.9732,71.9517],[131.6905,71.7383],[131.5767,71.6118],[131.3781,71.3001],[130.8138,71.1921],[130.7475,71.2022],[130.6682,71.485],[130.6652,71.5886],[130.5302,71.7043],[130.2444,71.7911],[130.2869,72.2277],[130.3308,72.3721],[130.2455,73.004],[130.0782,73.1293],[128.6482,73.6087],[128.2575,73.6891],[127.8142,73.7247],[126.3123,73.8632],[125.4641,74.037],[124.9599,74.1269],[124.581,74.1348],[124.331,74.1186],[123.3684,74.1878],[123.0215,74.1827],[122.7836,74.152],[122.5511,74.0835],[122.4272,73.9877],[122.3936,73.8244],[122.5707,73.7161],[122.4606,73.5324],[122.5729,73.3119],[121.7009,73.2382],[121.4117,73.1606],[121.1163,73.138],[120.9411,73.2629],[120.6798,73.3267],[120.2937,73.3733],[120.048,73.3834],[119.4378,73.6488],[119.1575,73.7114],[118.715,73.76],[118.1174,73.7783],[117.5574,73.7778],[116.7865,73.8629],[116.3645,73.8661],[115.7557,73.9065],[115.3357,73.9076],[114.9868,73.881],[114.5419,73.789],[114.0252,73.787],[113.8757,73.9162],[113.584,74.039],[113.7757,74.0843],[114.113,74.2555],[114.2108,74.3761],[114.1505,74.4895],[113.7096,74.7371],[113.5666,74.8938],[112.9093,74.8708],[112.368,74.6517],[111.0591,74.4435],[110.5302,74.3381],[110.5529,74.2992],[111.1402,74.1898],[111.6695,74.1426],[111.8736,74.1051],[111.883,73.9898],[111.235,73.8229],[110.9917,73.8129],[110.8038,73.7099],[111.1926,73.6605],[111.2803,73.6097],[110.8169,73.5481],[110.6468,73.4296],[110.4762,73.3992],[110.4228,73.3384],[110.6244,73.2563],[110.3483,73.1977],[110.4682,73.1505],[110.8502,73.1607],[110.7455,73.1029],[110.8608,73.0553],[110.6614,72.9866],[110.8899,72.9511],[110.642,72.8554],[110.7224,72.6781],[110.863,72.6024],[111.1787,72.5578],[111.3044,72.4974],[111.0306,72.396],[111.3205,72.322],[111.5748,72.3244],[111.667,72.2575],[111.5823,72.2263],[111.8955,72.1286],[112.0007,72.1244],[112.0005,71.4023],[112.2206,71.3779],[112.4693,71.2766],[112.7197,71.2548],[112.6757,71.201],[112.5209,71.1762],[112.5996,71.1092],[112.356,71.0712],[112.1841,71.0133],[112.0305,71.0531],[111.9463,70.9789],[111.4788,70.9288],[111.3259,70.8562],[111.0342,70.8408],[110.8104,70.7851],[110.5108,70.7656],[110.508,70.7243],[110.1234,70.6357],[110.0924,70.5376],[110.1336,70.4651],[110.0626,70.3979],[109.6438,70.3728],[109.5756,70.2524],[109.3043,70.2099],[109.3033,70.1445],[109.5256,69.9916],[109.4001,69.9581],[109.3831,69.826],[109.2011,69.7546],[108.9446,69.7706],[108.8002,69.8305],[108.2487,69.8544],[107.8443,69.6864],[107.6065,69.6605],[106.8574,69.5233],[106.6307,69.528],[106.4874,69.5812],[106.3442,69.4782],[106.1429,69.4094],[106.9056,68.859],[106.9207,68.2542],[106.8704,67.8358],[106.8745,67.6675],[106.822,67.3341],[106.6774,67.2515],[106.5043,67.276],[106.3411,67.2012],[106.0682,67.1671],[106.0657,67.1177],[105.8715,67.0298],[105.5105,67.0175],[105.698,66.9256],[106.0796,66.8958],[105.9846,66.8019],[106.0845,66.7798],[106.2437,66.6899],[106.233,66.5655],[106.332,66.4738],[106.1419,66.4039],[106.0953,66.3371],[106.1068,66.2023],[106.2013,66.1496],[106.3274,66.1579],[106.3737,66.0932],[106.5176,66.001],[106.4644,65.9324],[106.4533,65.7167],[106.401,65.6977],[106.6311,65.6077],[106.6996,65.5427],[106.9679,65.5083],[106.7761,65.3872],[106.5449,65.3794],[106.4395,65.3195],[106.4194,65.229],[106.1613,65.0931],[105.9505,65.0399],[106.0709,64.9804],[106.0318,64.9187],[105.9245,64.9004],[105.8159,64.7606],[105.8695,64.6751],[105.7095,64.6022],[105.7927,64.5272],[105.9856,64.5341],[106.1338,64.4854],[106.0866,64.4305],[106.5541,64.4602],[106.6525,64.5295],[106.7405,64.4228],[106.8858,64.4403],[107.1334,64.351],[107.2565,64.3454],[107.3699,64.2611],[107.6413,64.3107],[107.8922,64.1964],[108.0589,64.1879],[108.0868,64.2468],[108.2641,64.2775],[108.3611,64.2648],[108.5031,64.3065],[108.525,64.1489],[108.6133,64.069],[108.7643,64.0094],[108.7112,63.9381],[108.7981,63.8923],[108.7312,63.8429],[108.4965,63.8232],[108.3607,63.8618],[108.2874,63.8375],[108.2995,63.7171],[108.1697,63.6007],[108.4963,63.6367],[108.6983,63.6195],[108.9269,63.5756],[109.0781,63.5777],[109.187,63.5316],[109.2044,63.4783],[109.3198,63.3939],[109.4057,63.3727],[109.4578,63.1113],[109.5115,63.0532],[109.4945,62.9564],[109.6805,62.8399],[109.5191,62.7994],[109.4786,62.6916],[109.3785,62.6621],[109.3865,62.6089],[109.2516,62.5974],[109.2984,62.5216],[109.4309,62.4736],[109.6679,62.4354],[109.9109,62.437],[109.8899,62.3705],[109.9868,62.3196],[109.9186,62.2601],[110.0046,62.186],[109.8867,62.126],[109.8158,62.0228],[109.7241,62.0012],[109.6423,61.9277],[109.6002,61.7455],[109.6928,61.6646],[109.8595,61.5668],[109.8089,61.4779],[109.8392,61.4252],[109.7618,61.3317],[109.9972,61.3147],[110.1113,61.2779],[110.2221,61.1683],[110.3813,61.2013],[110.5239,61.1797],[110.5423,61.0878],[110.4579,60.9816],[110.2619,60.8446],[110.2886,60.702],[110.0993,60.6944],[110.1382,60.5969],[109.9071,60.4614],[109.9488,60.4169],[109.8047,60.3364],[109.8152,60.2738],[109.7403,60.2486],[109.6926,60.0767],[109.7551,60.027],[109.6747,59.9867],[109.6626,59.876],[109.5633,59.8442],[109.4748,59.7676],[109.5434,59.6673],[109.4018,59.5844],[109.2523,59.4669],[109.3429,59.4172],[109.2398,59.3815],[109.2917,59.3165],[109.4526,59.313],[109.5054,59.1965],[109.6253,59.1674],[109.6175,59.0833],[109.7274,59.0906],[109.8119,59.0043],[109.9776,59.0241],[110.0235,59.0016],[110.2394,58.9999],[110.3993,59.0572],[110.4747,59.0464],[110.6036,59.1404],[110.5486,59.1833],[110.7205,59.2809],[111.0423,59.2225],[111.2177,59.2037],[111.2972,59.2776],[111.4511,59.2924],[111.6498,59.2238],[111.7902,59.298],[111.8989,59.3037],[112.0789,59.3925],[112.0937,59.4287],[112.2513,59.5284],[112.3406,59.4256],[112.2754,59.3731],[112.3619,59.3104],[112.5363,59.3454],[112.6438,59.2813],[112.5057,59.2382],[112.4478,59.1362],[112.4415,58.9181],[112.5247,58.8941],[112.5992,58.9923],[112.5316,59.0751],[112.7519,59.0519],[112.8051,59.127],[112.9315,59.1569],[113.1096,59.1508],[113.4291,59.2478],[113.5272,59.3429],[113.432,59.3787],[113.4634,59.4323],[113.6145,59.5152],[113.5913,59.5948],[113.7612,59.6171],[113.9697,59.6909],[114.097,59.7653],[114.2167,59.7846],[114.2972,59.8907],[114.5295,59.9836],[114.4966,60.0696],[114.6512,60.1791],[114.7747,60.2025],[114.9002,60.1852],[114.9868,60.2145],[115.1452,60.366],[115.096,60.4132],[115.3008,60.5138],[115.3695,60.4919],[115.6966,60.549],[115.8724,60.5231],[116.0134,60.4665],[116.2702,60.4082],[116.3246,60.3747],[116.541,60.39],[116.6236,60.3497],[116.6085,60.2951],[116.9372,60.1965],[117.1038,60.0277],[117.2122,60.0542],[117.3472,60.0242],[117.0775,59.9726],[117.0143,59.9126],[117.0964,59.8693],[117.2238,59.8742],[117.2055,59.6814],[117.1121,59.6098],[117.2492,59.5139],[117.4386,59.5252],[117.4979,59.4926],[117.6452,59.5406],[117.7833,59.5583],[117.8263,59.4455],[117.9687,59.4973],[118.034,59.6293],[118.2399,59.6404],[118.3461,59.615],[118.362,59.526],[118.7652,59.4202],[118.7488,59.3451],[118.8174,59.3296],[118.6708,59.1866],[118.7138,59.0498],[118.8215,59.0508],[118.8725,58.9649],[118.7547,58.9064],[118.8741,58.8269],[118.8624,58.7343],[118.7768,58.6114],[118.9919,58.5616],[119.1313,58.4879],[119.0633,58.3635],[119.1387,58.2925],[119.1174,58.2379],[119.1572,58.1749],[119.164,58.0315],[119.0973,57.9199],[119.1045,57.834],[119.0455,57.7656],[119.167,57.7184],[119.1807,57.5911],[119.2221,57.5057],[119.3432,57.6199],[119.5045,57.5958],[119.4206,57.5187],[119.3999,57.437],[119.5933,57.2948],[119.6585,57.1689],[119.5724,57.0765],[119.6883,56.9868],[119.7824,56.9869],[119.8561,56.8961],[120.0354,56.9099],[120.3294,57.0211],[120.5404,57.0447],[120.7828,57.0285],[120.9055,57.0605],[121.1252,56.998],[121.3957,56.9871],[121.5195,56.9201],[121.6835,56.7596],[121.8356,56.7404],[121.9895,56.7625],[122.1639,56.7462],[122.2955,56.6407],[122.4608,56.5996],[122.5723,56.4871],[122.7902,56.5087],[122.9019,56.5566],[123.1941,56.4407],[123.4343,56.419],[123.7521,56.4265],[123.9208,56.3879],[124.0341,56.2552],[124.1211,56.2308],[124.2128,56.1562],[124.2016,56.0904],[124.3943,56.0526],[124.395,55.981],[124.5059,55.8846],[124.6398,55.9377],[124.7617,55.8699],[124.9111,55.8419],[125.2533,55.9078],[125.4201,55.8699],[125.4452,55.8179],[125.5659,55.7393],[125.6168,55.7794],[125.8036,55.8066],[125.9938,55.7674],[126.0878,55.668],[126.0967,55.5899],[126.236,55.6083],[126.3617,55.5969],[126.4144,55.56],[126.5332,55.5937],[126.5438,55.6407],[126.6928,55.6667],[126.7873,55.6274],[126.9262,55.6299],[126.979,55.7001],[127.1349,55.6928],[127.1851,55.7157],[127.3215,55.6878],[127.3401,55.6195],[127.4588,55.578],[127.5412,55.6072],[127.5546,55.666],[127.7337,55.7313],[127.8018,55.6669],[127.9244,55.662],[128.1097,55.6861],[128.3031,55.69],[128.4905,55.5824],[128.7966,55.4897],[129.0555,55.5077],[129.1018,55.5398],[129.1006,55.631],[129.1453,55.7061],[129.585,55.7615],[129.9078,55.7775],[130.0011,55.7133],[130.1266,55.7127],[130.2878,55.741],[130.5051,55.7272],[130.6223,55.7619],[130.7363,55.7538],[130.8501,55.7125],[130.9528,55.7122],[130.9646,55.8],[130.8602,55.9151],[130.9782,56.0868],[130.9913,56.1676],[131.1114,56.2418],[131.1397,56.2983],[131.0974,56.384],[131.2221,56.5208],[131.4083,56.5092],[131.4921,56.5659],[131.6925,56.5263],[131.7008,56.6905],[131.8317,56.7427],[131.708,56.896],[131.606,56.9558],[131.4302,57.1383],[131.3335,57.1869],[131.2023,57.2033],[131.2553,57.2988],[131.5088,57.2682],[131.6142,57.3135],[131.6067,57.4282],[131.7806,57.5379],[131.7229,57.5686],[131.8491,57.6229],[131.9422,57.6167],[132.0684,57.6817],[132.051,57.7313],[131.8065,57.871],[131.7985,57.9349],[131.707,57.951],[131.6186,58.0111],[131.6447,58.079],[131.5232,58.1161],[131.4952,58.1705],[131.5584,58.2116],[131.8287,58.1667],[131.9679,58.0817],[132.0688,58.0504],[132.1048,58.1221],[131.9985,58.1504],[132.1114,58.2784],[132.2286,58.3317],[132.1399,58.5149],[132.3865,58.5613],[132.5465,58.6597],[132.5331,58.8194],[132.5587,58.8716],[132.6681,58.9101],[132.7772,58.887],[132.8449,58.9932],[132.765,59.0074],[132.989,59.159],[133.171,59.2414],[133.2719,59.2267],[133.4641,59.304],[133.5725,59.251],[133.7475,59.2283],[133.8566,59.2572],[134.0774,59.256],[134.1837,59.2185],[134.3657,59.2023],[134.4774,59.1445],[134.5625,59.2031],[134.7164,59.2047],[134.7331,59.1578],[134.8425,59.1366],[134.9886,59.1649],[135.1933,59.1144],[135.3024,59.2027],[135.2609,59.234],[135.4378,59.397],[135.6131,59.4878],[135.8264,59.5261],[135.9476,59.4588],[136.0899,59.4196],[136.3174,59.4238],[136.6729,59.3459],[136.8212,59.3884],[137.2983,59.4956],[137.3598,59.5419],[137.5014,59.5581],[137.4498,59.6131],[137.4912,59.6808],[137.632,59.7513],[137.9743,59.7723],[138.0809,59.7508],[138.0222,59.6695],[138.0728,59.6402],[138.2187,59.6541],[138.2197,59.8146],[138.1757,59.8268],[138.2627,60.0691],[138.2117,60.102],[138.2397,60.1729],[138.2132,60.2778],[138.3186,60.3194],[138.3165,60.4913],[138.3968,60.6207],[138.3975,60.723],[138.2112,60.8683],[138.2735,60.9567],[138.3465,60.9795],[138.3247,61.0617],[138.6511,61.227],[138.6491,61.2973],[138.7349,61.3369],[138.9266,61.3176],[139.0395,61.3456],[139.0914,61.4351],[139.2803,61.4277],[139.3893,61.4865],[139.5538,61.4736],[139.7328,61.6592],[139.9376,61.804],[139.9801,61.8615],[139.9525,61.9365],[140.1163,61.9688],[140.276,62.0378],[140.2564,62.0909],[140.3291,62.1542],[140.2913,62.2349],[140.3436,62.3755],[140.4121,62.4134],[140.6118,62.4095],[140.7223,62.4531],[140.7403,62.5103],[141.0711,62.4825],[141.1265,62.4063],[141.3223,62.3875],[141.4946,62.287],[141.5611,62.1555],[141.7322,62.0772],[141.854,62.0842],[141.9577,62.0395],[142.1817,62.045],[142.2955,61.9613],[142.5872,61.9342],[142.7837,61.9614],[142.9557,61.8962],[143.1177,62.0286],[143.1383,62.1059],[143.231,62.1176],[143.2855,62.05],[143.407,62.0217],[143.4801,62.0531],[143.6091,62.036],[143.6983,61.9042],[143.7792,61.9547],[143.9188,61.9596],[143.9995,61.8952],[143.9463,61.7551],[144.2567,61.7446],[144.6084,61.9356],[144.583,61.9732],[144.7374,62.0457],[144.7365,62.0954],[144.8775,62.1333],[145.1292,62.2485],[145.2096,62.3029],[145.1497,62.3987],[145.227,62.5041],[145.4338,62.5304],[145.4415,62.6296],[145.3527,62.7472],[145.4095,62.8667],[145.2518,63.148],[145.2577,63.2435],[145.383,63.3049],[145.4916,63.5133],[145.6053,63.643],[145.674,63.6738],[145.6549,63.7871],[145.5821,63.8249],[146.0145,63.9165],[146.1692,63.93],[146.2318,64.015],[146.3313,64.0676],[146.4199,64.1985],[146.6924,64.1508],[147.0118,64.1335],[147.2203,64.042],[147.3205,64.0467],[147.3545,64.1183],[147.6425,64.1793],[147.7328,64.1152],[147.6515,64.0678],[147.7882,63.9546],[148.0188,63.9365],[148.0691,63.9954],[148.1766,64.0234],[148.1597,64.1025],[148.2961,64.2361],[148.2574,64.2998],[148.0875,64.394],[148.384,64.5303],[148.705,64.4032],[148.926,64.4299],[149.1643,64.4264],[149.1952,64.3818],[149.3395,64.3768],[149.5018,64.4053],[149.5814,64.4717],[149.8425,64.563],[149.9775,64.5444],[150.1291,64.4693],[150.0168,64.3509],[150.2336,64.2132],[150.4319,64.2045],[150.6424,64.17],[150.6751,64.2687],[150.6384,64.3371],[151.0022,64.3339],[151.3706,64.3673],[151.482,64.4209],[151.9202,64.4747],[152.0478,64.4679],[152.1421,64.3794],[152.4474,64.3955],[152.4355,64.4678],[152.3584,64.5086],[152.7265,64.6244],[152.8449,64.7032],[152.6517,64.8096],[152.5757,64.8149],[152.5193,64.9766],[152.6302,65.0605],[152.6615,65.1685],[152.9088,65.2507],[153.1835,65.2702],[153.1917,65.2977],[153.4942,65.3464],[153.5899,65.4074],[153.4423,65.4853],[153.5771,65.6898],[153.484,65.7471],[153.5326,65.7996],[153.6787,65.8424],[153.9567,65.873],[154.2668,65.8063],[154.4157,65.9502],[154.365,66.1034],[154.3945,66.1828],[154.5891,66.2191],[154.8017,66.1749],[154.9463,66.1106],[155.2645,66.1819],[155.3724,66.1296],[155.659,66.122],[155.8129,66.1474],[155.9485,66.0678],[156.3461,66.0611],[156.427,66.0383],[156.6443,66.148],[156.7666,66.1225],[157.0025,66.0126],[156.9674,65.9605],[157.0839,65.9146],[157.3352,65.8918],[157.4587,65.9366],[157.4447,66.0002],[157.6214,66.0227],[157.7449,66.0995],[158.041,66.1172],[158.1883,66.1426],[158.2877,66.1007],[158.5007,66.0935],[158.4323,66.2034],[158.4483,66.2729],[158.5434,66.3352],[158.3689,66.4303],[158.5044,66.4629],[158.535,66.5484],[158.6362,66.5664],[158.7112,66.6891],[158.9349,66.7687],[158.7873,66.8939],[158.8154,66.9404],[158.7118,67.0384],[158.3984,67.1002],[158.0932,67.2277],[157.8114,67.3083],[157.9077,67.4205],[157.7931,67.449],[157.7306,67.518],[157.8101,67.6746],[157.9375,67.718],[158.1177,67.7019],[158.3642,67.7248],[158.2495,67.8245],[158.106,67.8217],[158.1036,67.914],[158.2134,67.9405],[158.3724,68.0762],[158.647,68.1274],[158.9018,68.103],[159.2632,68.1909],[159.3967,68.1902],[159.8275,68.2482],[160.0638,68.2671],[160.5215,68.2449],[160.7317,68.248],[161.0288,68.2844],[161.3273,68.3686],[161.6484,68.3749],[161.7106,68.3455],[161.9567,68.3597],[162.3937,68.2746],[162.548,68.333],[162.6166,68.4373],[162.5638,68.4833],[162.7517,68.584],[162.7096,68.6582],[162.6032,68.6875],[162.5916,68.7776],[162.7331,68.7691],[162.7994,68.8229],[162.7265,68.9285],[162.5795,68.9612],[162.5319,69.1056],[162.7725,69.1814],[162.5137,69.3278],[162.5436,69.373],[162.3495,69.4064],[162.4321,69.4542],[162.3223,69.5285],[162.4523,69.6235],[162.5311,69.869]]],[[[115.2122,74.2995],[115.278,74.2135],[115.5196,74.1248],[115.7869,74.0869],[116.139,74.0789],[116.6396,74.1471],[116.8387,74.2146],[116.9273,74.339],[116.8216,74.4412],[116.6537,74.5025],[116.2871,74.5593],[115.7489,74.5493],[115.5133,74.5045],[115.2704,74.3929],[115.2122,74.2995]]],[[[134.7046,74.2396],[134.7223,74.138],[134.8626,74.0355],[135.4505,73.8096],[135.7619,73.7169],[136.0292,73.684],[136.3281,73.6836],[136.7114,73.7401],[136.9189,73.8144],[137.013,73.8884],[136.9621,74.0408],[136.6178,74.2029],[136.1563,74.3534],[135.9085,74.4033],[135.4574,74.441],[135.0982,74.4186],[134.8694,74.3686],[134.7046,74.2396]]],[[[147.6181,76.6426],[147.7464,76.534],[148.0011,76.472],[148.2961,76.4418],[149.3078,76.4324],[149.6571,76.4615],[150.0474,76.5666],[150.3509,76.7218],[150.2408,76.8601],[150.0071,76.9181],[149.5673,76.9551],[149.2462,76.9499],[148.4875,76.9077],[147.9252,76.803],[147.6868,76.7184],[147.6181,76.6426]]],[[[151.6387,75.7002],[151.7051,75.6325],[151.9086,75.5616],[152.2785,75.514],[152.5581,75.5111],[152.9723,75.5556],[153.2602,75.6714],[153.2673,75.7488],[153.081,75.8486],[153.11,75.9053],[153.4758,75.9707],[153.6224,76.0379],[153.6597,76.2292],[153.5323,76.3003],[153.1321,76.3744],[152.7099,76.3846],[152.1291,76.3407],[151.8029,76.2385],[151.7085,76.1517],[151.9131,76.0105],[152.3114,75.9153],[152.0695,75.8939],[151.7327,75.8072],[151.6387,75.7002]]],[[[155.5793,77.0746],[155.7115,76.971],[155.9626,76.9103],[156.3392,76.8754],[157.0637,76.9027],[157.3116,76.9481],[157.5178,77.0444],[157.4412,77.1876],[157.0332,77.2857],[156.6469,77.3099],[156.0961,77.2814],[155.6576,77.1707],[155.5793,77.0746]]],[[[157.1548,76.7847],[157.352,76.67],[157.5447,76.6257],[157.9918,76.5836],[158.3627,76.5914],[158.8138,76.6636],[159.0021,76.7597],[158.9115,76.889],[158.6528,76.9559],[158.375,76.986],[157.9276,76.9961],[157.4368,76.9458],[157.2597,76.8947],[157.1548,76.7847]]]]},"properties":{"osm_id":151234,"name":"Республика Саха (Якутия)","iso":"RU-SA","kind":"region","label":[134.3066,66.3985]}},
{"type":"Feature","geometry":{"type":"Polygon","coordinates":[[[29.8957,58.45],[29.7474,58.4237],[29.551,58.4798],[29.5796,58.5336],[29.3309,58.6128],[29.2833,58.6961],[29.0559,58.7398],[28.9735,58.8051],[28.7658,58.8248],[28.622,58.8646],[28.3735,58.8784],[28.2943,58.8262],[28.2023,58.9348],[27.9907,59.0155],[27.918,59.0212],[27.7383,58.9778],[27.357,58.7873],[27.5532,58.3662],[27.4868,58.3037],[27.4913,58.2244],[27.6018,58.1174],[27.6213,58.0052],[27.7538,57.8975],[27.7073,57.8421],[27.5539,57.8319],[27.5056,57.7663],[27.3764,57.6678],[27.4048,57.6126],[27.3196,57.5792],[27.3461,57.53],[27.5007,57.5402],[27.5666,57.5147],[27.5159,57.4245],[27.6037,57.4155],[27.8667,57.2963],[27.8168,57.1424],[27.7571,57.131],[27.7696,57.0052],[27.664,56.8357],[27.8705,56.8675],[27.9432,56.8015],[27.8985,56.7525],[28.0126,56.6724],[28.0415,56.5932],[28.1274,56.5821],[28.0945,56.513],[28.1937,56.441],[28.1656,56.3746],[28.2397,56.2713],[28.1574,56.1436],[28.3762,56.0602],[28.4579,56.1024],[28.6199,56.0994],[28.7365,55.9691],[28.8092,55.9688],[29.0882,56.0341],[29.214,55.989],[29.396,55.9735],[29.412,55.901],[29.3605,55.7985],[29.5153,55.7016],[29.6231,55.7802],[29.8063,55.7834],[29.895,55.8627],[29.9759,55.8716],[30.1071,55.8313],[30.239,55.8718],[30.3695,55.8084],[30.4815,55.8127],[30.5336,55.7504],[30.734,55.6546],[30.7801,55.5883],[30.9251,55.6226],[31.1207,55.7579],[31.2031,55.7277],[31.311,55.7422],[31.4838,55.7183],[31.4069,55.8059],[31.4159,55.8919],[31.3495,55.945],[31.508,56.0549],[31.4494,56.1334],[31.4669,56.2585],[31.2285,56.3398],[31.2297,56.4084],[31.0124,56.493],[31.0646,56.6211],[30.8879,56.6452],[30.7514,56.7745],[30.976,56.9118],[30.9788,56.9699],[30.8491,56.9322],[30.6757,57.0042],[30.6875,57.149],[30.6302,57.1739],[30.7457,57.2632],[30.541,57.3041],[30.4642,57.3501],[30.4234,57.4242],[30.5428,57.5466],[30.6806,57.6441],[30.5188,57.6425],[30.4523,57.688],[30.5432,57.8639],[30.2892,57.9106],[30.2003,57.8948],[30.0715,57.9588],[29.8851,57.969],[29.9293,58.0409],[29.6715,58.1348],[29.6856,58.2107],[29.9166,58.3105],[29.8957,58.45]]]},"properties":{"osm_id":155262,"name":"Псковская область","iso":"RU-PSK","kind":"region","label":[29.4177,57.3047]}},
{"type":"Feature","geometry":{"type":"Polygon","coordinates":[[[38.684,44.9514],[38.8157,44.9439],[38.8619,44.8988],[39.0908,44.8172],[39.1458,44.8359],[39.5563,44.8069],[39.6457,44.8881],[39.475,44.9877],[39.5147,45.0473],[39.6524,45.0337],[39.6962,44.9516],[39.8851,45.023],[39.9339,44.8839],[40.029,44.747],[39.9101,44.713],[39.9291,44.5903],[39.8848,44.5551],[39.8791,44.3965],[39.9599,44.3486],[39.9898,44.2613],[40.0795,44.2341],[40.0569,44.1376],[39.9932,44.0763],[39.8966,44.1239],[39.8652,44.1836],[39.7618,44.1488],[39.8304,44.0821],[39.7778,43.9617],[39.8515,43.9242],[39.9531,43.9338],[40.0933,43.8452],[40.1837,43.8738],[40.2169,43.7791],[40.3657,43.7733],[40.4204,43.8826],[40.4129,43.9419],[40.4767,43.9591],[40.4308,44.0366],[40.4295,44.1142],[40.3598,44.2467],[40.4829,44.3154],[40.4349,44.4215],[40.3496,44.5479],[40.3403,44.627],[40.4018,44.655],[40.3732,44.7175],[40.43,44.7625],[40.5686,44.7389],[40.5684,44.6544],[40.6437,44.6358],[40.6612,44.4827],[40.7757,44.465],[40.7244,44.5576],[40.7335,44.6082],[40.6538,44.6869],[40.5795,44.8553],[40.5278,44.9335],[40.3889,45.034],[40.2905,45.062],[40.227,45.1178],[40.0692,45.0965],[39.9074,45.0938],[39.6879,45.1548],[39.6286,45.2166],[39.5443,45.1871],[39.3761,45.0566],[39.2231,44.9903],[39.1189,44.9984],[39.0599,44.9743],[38.8977,45.0538],[38.7859,45.0046],[38.6859,45.0392],[38.684,44.9514]]]},"properties":{"osm_id":253256,"name":"Адыгея","iso":"RU-AD","kind":"region","label":[39.8819,44.4897]}},
{"type":"Feature","geometry":{"type":"Polygon","coordinates":[[[41.1609,45.9517],[41.1218,46.0596],[41.0695,46.1133],[40.9791,46.1179],[40.9257,46.23],[40.7445,46.2291],[40.7435,46.2855],[40.5373,46.2727],[40.3241,46.283],[40.2723,46.3145],[40.286,46.4484],[40.2215,46.5378],[40.0646,46.5428],[40.0644,46.628],[40.1167,46.6461],[40.1163,46.7182],[40.0632,46.7719],[39.8408,46.7891],[39.2626,46.7943],[39.2618,46.7082],[39.2088,46.6206],[39.0723,46.599],[39.0154,46.6336],[38.902,46.6345],[38.8959,46.8265],[38.6857,46.8262],[38.6597,47.003],[38.3381,46.9808],[38.1409,46.861],[37.6201,46.8299],[37.4376,46.7158],[37.4568,46.6237],[37.5122,46.5664],[37.5718,46.4429],[37.6962,46.3037],[37.8833,46.2056],[37.7761,46.1545],[37.6676,46.0006],[37.6319,45.886],[37.4351,45.8065],[37.3594,45.7272],[37.3405,45.5397],[37.292,45.515],[37.1531,45.5654],[37.0418,45.5791],[36.8873,45.6331],[36.6684,45.6266],[36.6816,45.4566],[36.6635,45.3599],[36.603,45.3094],[36.5942,45.2525],[36.5305,45.1992],[36.6097,44.9407],[36.7909,44.923],[37.0352,44.8451],[37.1147,44.7478],[37.1487,44.6636],[37.3189,44.5527],[37.5421,44.4835],[37.7535,44.4709],[37.9096,44.3908],[38.0553,44.2688],[38.2629,44.1983],[38.4603,44.1686],[38.6023,44.1296],[38.7048,44.0426],[38.7974,44.0021],[39.204,43.7203],[39.3879,43.5471],[39.5418,43.42],[39.6414,43.3689],[39.6811,43.3122],[39.7999,43.2395],[39.8845,43.2244],[40.0086,43.3855],[40.0907,43.5556],[40.2614,43.5856],[40.4778,43.5491],[40.5663,43.5192],[40.6618,43.563],[40.7138,43.5324],[40.701,43.7413],[40.801,43.9133],[40.9115,43.9771],[40.9549,44.1411],[41.0848,44.0947],[41.2911,44.0855],[41.2736,44.0182],[41.3933,43.9857],[41.4797,44.0009],[41.5508,44.0962],[41.6377,44.1174],[41.7088,44.187],[41.744,44.2684],[41.6337,44.3779],[41.7361,44.4737],[41.5897,44.5159],[41.552,44.6182],[41.4949,44.5957],[41.4271,44.7085],[41.5599,44.7384],[41.6522,44.9053],[41.654,44.9863],[41.4565,44.9883],[41.3514,45.0914],[41.3535,45.2231],[41.0361,45.2253],[40.9804,45.4225],[40.9225,45.4471],[40.9232,45.5169],[40.846,45.5169],[40.848,45.6942],[41.1672,45.6744],[41.1694,45.7597],[41.2721,45.7588],[41.2335,45.8314],[41.1612,45.8798],[41.1609,45.9517]],[[38.684,44.9514],[38.6859,45.0392],[38.7859,45.0046],[38.8977,45.0538],[39.0599,44.9743],[39.1189,44.9984],[39.2231,44.9903],[39.3761,45.0566],[39.5443,45.1871],[39.6286,45.2166],[39.6879,45.1548],[39.9074,45.0938],[40.0692,45.0965],[40.227,45.1178],[40.2905,45.062],[40.3889,45.034],[40.5278,44.9335],[40.5795,44.8553],[40.6538,44.6869],[40.7335,44.6082],[40.7244,44.5576],[40.7757,44.465],[40.6612,44.4827],[40.6437,44.6358],[40.5684,44.6544],[40.5686,44.7389],[40.43,44.7625],[40.3732,44.7175],[40.4018,44.655],[40.3403,44.627],[40.3496,44.5479],[40.4349,44.4215],[40.4829,44.3154],[40.3598,44.2467],[40.4295,44.1142],[40.4308,44.0366],[40.4767,43.9591],[40.4129,43.9419],[40.4204,43.8826],[40.3657,43.7733],[40.2169,43.7791],[40.1837,43.8738],[40.0933,43.8452],[39.9531,43.9338],[39.8515,43.9242],[39.7778,43.9617],[39.8304,44.0821],[39.7618,44.1488],[39.8652,44.1836],[39.8966,44.1239],[39.9932,44.0763],[40.0569,44.1376],[40.0795,44.2341],[39.9898,44.2613],[39.9599,44.3486],[39.8791,44.3965],[39.8848,44.5551],[39.9291,44.5903],[39.9101,44.713],[40.029,44.747],[39.9339,44.8839],[39.8851,45.023],[39.6962,44.9516],[39.6524,45.0337],[39.5147,45.0473],[39.475,44.9877],[39.6457,44.8881],[39.5563,44.8069],[39.1458,44.8359],[39.0908,44.8172],[38.8619,44.8988],[38.8157,44.9439],[38.684,44.9514]]]},"properties":{"osm_id":108082,"name":"Краснодарский край","iso":"RU-KDA","kind":"region","label":[39.1372,45.1137]}},
{"type":"Feature","geometry":{"type":"MultiPolygon","coordinates":[[[[47.8268,45.2623],[47.9336,45.2683],[47.9619,45.1769],[48.3065,45.0083],[48.3065,45.0543],[48.0976,45.169],[48.056,45.3014],[48.2428,45.4505],[48.3338,45.4616],[48.4933,45.4218],[48.6769,45.4026],[48.8486,45.4345],[48.9587,45.4984],[49.071,45.6889],[49.1894,45.7573],[49.4171,45.846],[49.6139,45.9748],[49.8861,46.0458],[49.7017,46.1867],[49.5067,46.1933],[49.2626,46.2942],[49.1627,46.3836],[49.0449,46.3966],[49.0018,46.4276],[48.8197,46.4854],[48.788,46.5409],[48.7024,46.5631],[48.545,46.5633],[48.5487,46.7111],[48.7133,46.7209],[48.7506,46.6855],[48.92,46.6934],[48.996,46.7431],[48.9153,46.8806],[48.7102,47.0958],[48.5194,47.4118],[48.4516,47.4117],[48.3189,47.5514],[48.2094,47.6916],[48.1117,47.7449],[47.6523,47.758],[47.4153,47.8383],[47.3852,47.6813],[47.1944,47.7608],[47.1218,47.8317],[47.181,47.8539],[47.0499,47.9978],[47.2005,48.0549],[47.0909,48.1032],[47.1248,48.1581],[47.123,48.2685],[46.7476,48.3535],[46.4932,48.4326],[46.622,48.6677],[46.3082,48.8212],[46.0384,48.8636],[45.9454,48.8431],[45.9321,48.7864],[45.8059,48.6828],[45.7075,48.6733],[45.6425,48.6225],[45.4978,48.5757],[45.2661,48.5223],[45.4176,48.4926],[45.3034,48.4478],[45.2086,48.5106],[45.0147,48.4249],[44.961,48.2709],[45.1676,48.222],[45.2661,48.1055],[45.3794,48.0998],[45.5504,47.9938],[45.6985,48.0323],[45.7566,48.0013],[45.7139,47.9312],[45.7397,47.8312],[45.784,47.8144],[45.8413,47.7202],[45.8999,47.717],[45.9217,47.6447],[46.008,47.5648],[46.2672,47.4207],[46.3989,47.4133],[46.6855,47.6017],[46.7611,47.6076],[46.8731,47.5489],[46.6693,47.482],[46.5363,47.4034],[46.7392,47.0739],[46.8171,46.9922],[46.9622,46.9742],[46.9788,46.8742],[46.9572,46.7154],[46.8662,46.6196],[46.9503,46.5245],[46.9647,46.4455],[46.8647,46.4572],[46.663,46.4409],[46.5609,46.3543],[46.5047,46.3758],[46.4008,46.3206],[46.5012,46.2809],[46.4493,46.1776],[46.4549,45.9654],[46.3106,45.963],[46.2954,45.9144],[46.4119,45.816],[46.5498,45.798],[46.4777,45.7005],[46.6939,45.6485],[46.8141,45.5654],[46.969,45.6189],[47.1528,45.6099],[47.2841,45.6473],[47.296,45.6768],[47.4891,45.6453],[47.5001,45.5712],[47.5639,45.4955],[47.5514,45.4047],[47.8268,45.2623]]],[[[46.444,45.4527],[46.6252,45.4388],[46.6387,45.4805],[46.7906,45.4744],[46.8846,45.5237],[46.6601,45.5474],[46.6464,45.5046],[46.4573,45.4829],[46.444,45.4527]]]]},"properties":{"osm_id":112819,"name":"Астраханская область","iso":"RU-AST","kind":"region","label":[47.4235,46.9359]}},
{"type":"Feature","geometry":{"type":"Polygon","coordinates":[[[65.9505,58.6145],[66.0001,58.2487],[66.1849,58.011],[66.0415,57.9929],[65.9841,57.9449],[65.825,57.9326],[65.7948,57.8748],[65.5341,57.7621],[65.4068,57.8258],[64.8331,57.6483],[64.9661,57.6051],[64.8272,57.2931],[65.0051,57.2338],[64.9625,57.1567],[65.0562,56.9039],[65.2531,56.9205],[65.1697,56.764],[64.9271,56.7724],[65.0221,56.6435],[64.9895,56.5184],[65.0934,56.4411],[65.1368,56.3721],[65.122,56.3076],[65.2492,56.2765],[65.4542,56.2854],[65.6831,56.2697],[65.6728,56.2232],[65.778,56.1577],[65.8419,56.069],[66.021,55.9936],[66.1608,56.067],[66.3086,56.0495],[66.4518,55.9596],[66.6359,56.0061],[66.7639,55.9756],[67.303,55.9629],[67.2997,55.8888],[67.4036,55.7274],[67.6338,55.7141],[67.7943,55.7287],[67.9209,55.655],[68.1389,55.7288],[68.1738,55.7187],[68.1888,55.5891],[68.317,55.5694],[68.3219,55.5073],[68.6821,55.3879],[68.7107,55.3496],[68.7472,55.3784],[68.9283,55.3188],[68.9324,55.4418],[69.1554,55.3918],[69.1997,55.3304],[69.3328,55.3575],[69.4442,55.3418],[69.7095,55.3514],[69.8629,55.3],[69.9503,55.2099],[70.0579,55.2091],[70.2276,55.1472],[70.402,55.2156],[70.4607,55.2855],[70.4987,55.3308],[70.4396,55.4075],[70.567,55.4939],[70.6734,55.4905],[70.757,55.5847],[70.7101,55.6254],[70.5635,55.6507],[70.5317,55.6944],[70.6026,55.8372],[70.4717,55.8513],[70.4806,55.906],[70.8085,55.9026],[70.8674,55.9622],[70.9024,56.1123],[70.7322,56.2531],[70.9282,56.3171],[70.9275,56.3792],[70.8011,56.4513],[70.9841,56.4622],[71.0846,56.5242],[71.1205,56.653],[71.3699,56.6318],[71.3819,56.6789],[71.5537,56.6703],[71.5814,56.7435],[71.6773,56.7652],[71.605,56.9329],[71.2973,57.0852],[71.2294,57.1747],[71.1156,57.2024],[71.0529,57.2936],[71.065,57.3509],[70.7868,57.365],[70.7808,57.276],[70.6538,57.199],[70.6065,57.2801],[70.4588,57.2824],[70.3723,57.3294],[70.4182,57.4151],[70.5783,57.458],[70.6857,57.5155],[70.5989,57.5772],[70.5577,57.7187],[70.3923,57.7825],[70.4298,57.8415],[70.4304,57.9522],[70.8462,58.5217],[71.0488,58.5103],[71.193,58.4216],[71.3034,58.3908],[71.2378,58.3279],[71.206,58.113],[71.2619,58.0527],[71.9833,58.1155],[72.0902,58.086],[72.1672,58.0147],[72.8676,58.0014],[72.9478,58.0698],[73.1283,58.1553],[73.479,58.1439],[74.2196,58.1363],[74.4555,58.242],[74.6286,58.2883],[74.6614,58.345],[74.8061,58.4101],[74.9131,58.4309],[74.9511,58.4936],[75.1094,58.5757],[75.1993,58.6187],[75.1313,58.6639],[74.9977,58.699],[74.8946,58.6852],[74.799,58.7267],[74.1753,58.7261],[73.9911,58.8108],[73.8591,58.8068],[73.7188,58.8562],[73.4947,58.8246],[73.0248,58.8749],[73.1,58.9517],[72.9283,59.0531],[72.9756,59.1264],[72.9112,59.154],[72.5494,59.139],[72.4182,59.2103],[72.442,59.3002],[72.2319,59.4122],[72.1854,59.4663],[72.0251,59.5517],[71.8899,59.5551],[71.792,59.6359],[71.5448,59.6852],[71.4994,59.7418],[71.2585,59.7885],[71.1793,59.9071],[70.9995,59.8282],[70.7766,59.8698],[70.3963,59.8396],[70.1342,59.9499],[70.0011,59.9242],[69.6511,59.9098],[69.6227,59.968],[69.2698,59.9896],[69.1685,59.9663],[69.1433,59.8824],[69.309,59.7696],[69.0514,59.6896],[68.7326,59.5696],[68.5735,59.5886],[68.5014,59.4364],[68.3949,59.2982],[68.2614,59.2381],[68.0995,59.2032],[67.7841,59.2014],[67.6503,59.1604],[67.6119,59.1041],[67.2999,59.0241],[67.0537,58.9268],[66.9687,58.9722],[66.7725,58.9233],[66.7852,58.6565],[66.4559,58.6074],[66.2909,58.5945],[65.9505,58.6145]]]},"properties":{"osm_id":140291,"name":"Тюменская область","iso":"RU-TYU","kind":"region","label":[70.0132,57.5676]}},
{"type":"Feature","geometry":{"type":"Polygon","coordinates":[[[76.0947,57.2353],[76.1992,56.9482],[76.2637,56.8874],[76.2891,56.6971],[76.1361,56.6619],[76.0359,56.6083],[75.924,56.4456],[76.0853,56.4429],[76.0821,56.3253],[76.1725,56.2819],[76.3027,56.1556],[76.1386,56.1214],[76.014,56.1637],[75.9595,56.1151],[75.7316,56.1126],[75.6534,56.0369],[75.5314,56.0088],[75.2624,55.8441],[75.3467,55.8001],[75.3694,55.7407],[75.2302,55.7309],[75.1044,55.7564],[75.1155,55.686],[75.2454,55.6383],[75.1408,55.5839],[75.3217,55.498],[75.1623,55.4471],[75.0915,55.3766],[75.1776,55.3524],[75.2763,55.2429],[75.2533,55.1512],[75.3706,55.0684],[75.3801,54.9914],[75.3308,54.9136],[75.4928,54.8843],[75.546,54.8171],[75.6407,54.8097],[75.6864,54.7012],[75.8248,54.6664],[75.8045,54.5409],[75.6908,54.5481],[75.6893,54.1227],[76.2034,54.2603],[76.1868,54.3016],[76.2585,54.3586],[76.476,54.3183],[76.6761,54.3449],[76.7299,54.4186],[76.9291,54.4579],[76.8603,54.3611],[76.8785,54.3022],[76.7568,54.1617],[76.6447,54.1244],[76.4392,54.1672],[76.4351,54.1228],[76.5365,54.0005],[76.9222,53.8034],[77.3604,53.584],[77.9065,53.2914],[77.8891,53.3676],[77.9224,53.4484],[77.9104,53.5725],[78.1087,53.5761],[78.2324,53.6169],[78.2587,53.5088],[78.3632,53.4756],[78.4217,53.5123],[78.6447,53.5132],[78.6521,53.5823],[78.7922,53.6584],[78.9421,53.6766],[79.0406,53.6527],[79.258,53.6775],[79.3855,53.7102],[79.4218,53.6782],[79.6396,53.7437],[79.6237,53.7945],[79.759,53.8355],[79.8497,53.8911],[80.0932,53.9905],[80.0508,54.0447],[80.1916,54.0795],[80.2186,54.0315],[80.4598,54.1156],[80.5349,54.1695],[80.7971,54.2576],[80.812,54.3436],[80.9517,54.3755],[80.9789,54.3041],[81.0878,54.1961],[81.1267,54.1173],[81.3229,54.0918],[81.3841,54.0514],[81.4676,54.0757],[81.5657,54.0043],[81.8325,53.9643],[81.8362,53.8711],[81.7211,53.8433],[81.715,53.7766],[81.8524,53.7143],[81.9421,53.7136],[82.1388,53.6471],[82.3373,53.5279],[82.4863,53.4943],[82.5021,53.5473],[82.6663,53.6426],[82.6211,53.6693],[82.7604,53.75],[82.7145,53.7775],[83.0886,53.9906],[83.1978,54.0658],[83.3061,54.0649],[83.3492,53.9343],[83.4881,53.9785],[83.4759,54.0632],[83.5542,54.1093],[83.9015,54.0949],[84.1876,54.1722],[84.2787,54.1565],[84.3978,54.1779],[84.5479,54.1629],[84.576,54.2359],[84.7986,54.3447],[84.8442,54.3419],[85.116,54.4378],[84.9312,54.6088],[85.0041,54.6799],[84.9018,54.7271],[85.0027,54.8],[85.0881,54.8164],[84.9715,54.9448],[84.837,54.9969],[84.9056,55.0587],[84.927,55.1637],[84.8154,55.2277],[84.9127,55.2752],[84.8562,55.3739],[84.6919,55.3726],[84.6208,55.4042],[84.7556,55.4675],[84.7838,55.5242],[84.7417,55.6417],[84.54,55.7181],[84.6078,55.7996],[84.469,55.873],[84.5362,55.9222],[84.5712,56.0048],[84.4479,56.0416],[84.3426,55.981],[84.21,56.0599],[84.0864,56.0184],[83.9502,56.0151],[83.8068,55.8973],[83.7354,55.786],[83.5854,55.6708],[83.4157,55.7264],[83.3152,55.7033],[83.2108,55.7303],[83.377,55.9179],[83.2296,56.012],[83.2213,56.0862],[83.1289,56.1214],[83.2131,56.1947],[83.0648,56.2305],[83.193,56.328],[83.1442,56.3759],[83.2884,56.4428],[83.1087,56.5503],[83.0446,56.5201],[82.8631,56.535],[82.8184,56.4372],[82.3928,56.3817],[82.1599,56.3349],[81.9919,56.3335],[81.5734,56.2419],[81.2203,56.5376],[80.5441,56.4562],[80.2609,56.4326],[80.1354,56.518],[79.5886,56.9232],[79.1982,57.001],[78.4321,57.1173],[78.4475,57.1654],[77.7828,57.1741],[76.9479,57.1683],[76.6956,57.2128],[76.0947,57.2353]]]},"properties":{"osm_id":140294,"name":"Новосибирская область","iso":"RU-NVS","kind":"region","label":[80.102,55.2646]}},
{"type":"Feature","geometry":{"type":"Polygon","coordinates":[[[75.1094,58.5757],[74.9511,58.4936],[74.9131,58.4309],[74.8061,58.4101],[74.6614,58.345],[74.6286,58.2883],[74.4555,58.242],[74.2196,58.1363],[73.479,58.1439],[73.1283,58.1553],[72.9478,58.0698],[72.8676,58.0014],[72.1672,58.0147],[72.0902,58.086],[71.9833,58.1155],[71.2619,58.0527],[71.206,58.113],[71.2378,58.3279],[71.3034,58.3908],[71.193,58.4216],[71.0488,58.5103],[70.8462,58.5217],[70.4304,57.9522],[70.4298,57.8415],[70.3923,57.7825],[70.5577,57.7187],[70.5989,57.5772],[70.6857,57.5155],[70.5783,57.458],[70.4182,57.4151],[70.3723,57.3294],[70.4588,57.2824],[70.6065,57.2801],[70.6538,57.199],[70.7808,57.276],[70.7868,57.365],[71.065,57.3509],[71.0529,57.2936],[71.1156,57.2024],[71.2294,57.1747],[71.2973,57.0852],[71.605,56.9329],[71.6773,56.7652],[71.5814,56.7435],[71.5537,56.6703],[71.3819,56.6789],[71.3699,56.6318],[71.1205,56.653],[71.0846,56.5242],[70.9841,56.4622],[70.8011,56.4513],[70.9275,56.3792],[70.9282,56.3171],[70.7322,56.2531],[70.9024,56.1123],[70.8674,55.9622],[70.8085,55.9026],[70.4806,55.906],[70.4717,55.8513],[70.6026,55.8372],[70.5317,55.6944],[70.5635,55.6507],[70.7101,55.6254],[70.757,55.5847],[70.6734,55.4905],[70.567,55.4939],[70.4396,55.4075],[70.4987,55.3308],[70.4607,55.2855],[70.6205,55.2533],[70.7905,55.2893],[70.9225,55.1296],[70.9931,55.0736],[71.0082,54.9704],[70.9554,54.8883],[71.0967,54.6998],[71.2108,54.7004],[71.293,54.6678],[71.291,54.6064],[71.1935,54.6003],[71.1713,54.4612],[71.2297,54.3544],[70.998,54.336],[71.0732,54.2742],[71.0711,54.2058],[71.1785,54.0947],[71.2956,54.1842],[71.4904,54.1594],[71.4871,54.1012],[71.7203,54.1057],[71.752,54.2538],[71.9483,54.2434],[72.0735,54.1995],[72.192,54.3535],[72.2797,54.3163],[72.2991,54.1868],[72.4403,54.1204],[72.3971,54.0514],[72.4179,53.9985],[72.3696,53.9447],[72.4866,53.9008],[72.5452,53.9793],[72.7143,53.9509],[72.6802,54.0448],[72.5716,54.052],[72.6088,54.1369],[72.9939,54.0978],[73.0668,53.9855],[73.2761,53.9428],[73.5056,53.9384],[73.5188,54.0042],[73.6087,54.0075],[73.7036,54.066],[73.767,54.0538],[73.691,53.8565],[73.452,53.8763],[73.4491,53.8071],[73.3556,53.7664],[73.3224,53.6759],[73.2385,53.5673],[73.3972,53.5218],[73.3627,53.4679],[73.438,53.435],[73.6451,53.5528],[73.6664,53.613],[73.821,53.5782],[73.901,53.6511],[74.0717,53.6297],[74.2871,53.5601],[74.2913,53.4918],[74.3897,53.456],[74.4883,53.5756],[74.4213,53.5939],[74.4577,53.6913],[74.6349,53.6681],[74.6677,53.7561],[74.7571,53.7444],[74.7886,53.8282],[74.9818,53.8225],[75.0536,53.7956],[75.3772,53.9596],[75.4347,54.0098],[75.3756,54.0696],[75.5285,54.1149],[75.6893,54.1227],[75.6908,54.5481],[75.8045,54.5409],[75.8248,54.6664],[75.6864,54.7012],[75.6407,54.8097],[75.546,54.8171],[75.4928,54.8843],[75.3308,54.9136],[75.3801,54.9914],[75.3706,55.0684],[75.2533,55.1512],[75.2763,55.2429],[75.1776,55.3524],[75.0915,55.3766],[75.1623,55.4471],[75.3217,55.498],[75.1408,55.5839],[75.2454,55.6383],[75.1155,55.686],[75.1044,55.7564],[75.2302,55.7309],[75.3694,55.7407],[75.3467,55.8001],[75.2624,55.8441],[75.5314,56.0088],[75.6534,56.0369],[75.7316,56.1126],[75.9595,56.1151],[76.014,56.1637],[76.1386,56.1214],[76.3027,56.1556],[76.1725,56.2819],[76.0821,56.3253],[76.0853,56.4429],[75.924,56.4456],[76.0359,56.6083],[76.1361,56.6619],[76.2891,56.6971],[76.2637,56.8874],[76.1992,56.9482],[76.0947,57.2353],[75.9654,57.3937],[75.8483,57.3858],[75.7041,57.625],[75.55,57.6252],[75.5761,57.8788],[75.5658,57.9346],[75.0715,58.1168],[75.2425,58.2026],[75.0567,58.3392],[75.3768,58.4541],[75.1094,58.5757]]]},"properties":{"osm_id":140292,"name":"Омская область","iso":"RU-OMS","kind":"region","label":[73.3309,56.0054]}},
{"type":"Feature","geometry":{"type":"Polygon","coordinates":[[[87.1269,52.6153],[87.1687,52.6961],[87.0532,52.7049],[86.9463,52.7893],[86.9124,52.847],[87.0054,52.8927],[87.0323,53.0026],[87.0015,53.0627],[86.8571,53.0939],[86.7886,53.1384],[86.644,53.1814],[86.6306,53.25],[86.752,53.2482],[86.8747,53.3602],[86.869,53.4514],[86.5383,53.5271],[86.392,53.5985],[86.3004,53.83],[86.1856,53.8112],[86.1243,53.9809],[85.8713,54.0376],[85.7486,54.1633],[85.5385,54.2246],[85.4178,54.1855],[85.16,54.4531],[85.116,54.4378],[84.8442,54.3419],[84.7986,54.3447],[84.576,54.2359],[84.5479,54.1629],[84.3978,54.1779],[84.2787,54.1565],[84.1876,54.1722],[83.9015,54.0949],[83.5542,54.1093],[83.4759,54.0632],[83.4881,53.9785],[83.3492,53.9343],[83.3061,54.0649],[83.1978,54.0658],[83.0886,53.9906],[82.7145,53.7775],[82.7604,53.75],[82.6211,53.6693],[82.6663,53.6426],[82.5021,53.5473],[82.4863,53.4943],[82.3373,53.5279],[82.1388,53.6471],[81.9421,53.7136],[81.8524,53.7143],[81.715,53.7766],[81.7211,53.8433],[81.8362,53.8711],[81.8325,53.9643],[81.5657,54.0043],[81.4676,54.0757],[81.3841,54.0514],[81.3229,54.0918],[81.1267,54.1173],[81.0878,54.1961],[80.9789,54.3041],[80.9517,54.3755],[80.812,54.3436],[80.7971,54.2576],[80.5349,54.1695],[80.4598,54.1156],[80.2186,54.0315],[80.1916,54.0795],[80.0508,54.0447],[80.0932,53.9905],[79.8497,53.8911],[79.759,53.8355],[79.6237,53.7945],[79.6396,53.7437],[79.4218,53.6782],[79.3855,53.7102],[79.258,53.6775],[79.0406,53.6527],[78.9421,53.6766],[78.7922,53.6584],[78.6521,53.5823],[78.6447,53.5132],[78.4217,53.5123],[78.3632,53.4756],[78.2587,53.5088],[78.2324,53.6169],[78.1087,53.5761],[77.9104,53.5725],[77.9224,53.4484],[77.8891,53.3676],[77.9065,53.2914],[78.0257,53.161],[78.3057,52.8844],[78.7171,52.4289],[79.1872,51.9231],[79.7205,51.2172],[80.0757,50.7384],[80.0843,50.8296],[80.1863,50.828],[80.1936,50.9002],[80.3757,50.9272],[80.4826,50.9696],[80.482,51.1096],[80.4471,51.2069],[80.6342,51.2072],[80.6773,51.316],[80.909,51.2584],[80.9193,51.2191],[81.177,51.1617],[81.1016,51.061],[81.0604,50.9477],[81.4132,50.9756],[81.4354,50.8632],[81.4854,50.8238],[81.4492,50.7561],[81.5833,50.742],[81.7968,50.772],[81.8854,50.8043],[82.0128,50.7861],[82.0784,50.7508],[82.2224,50.7369],[82.3508,50.7756],[82.5675,50.7468],[82.7392,50.8504],[82.7328,50.9273],[82.911,50.9077],[83.202,50.9933],[83.4072,51.0132],[83.4475,50.9771],[83.6487,50.9548],[83.7116,50.8934],[83.8337,50.88],[83.9762,50.7799],[83.951,50.7464],[84.0813,50.64],[84.3936,50.7061],[84.4737,50.6871],[84.5804,50.83],[84.4708,50.8597],[84.4907,50.9481],[84.2222,50.9874],[84.1014,51.0423],[83.9785,51.0695],[83.9481,51.1445],[84.042,51.1537],[84.1207,51.0712],[84.1992,51.2383],[84.2565,51.2826],[84.3866,51.2658],[84.457,51.3161],[84.6397,51.3533],[84.7162,51.4268],[84.8514,51.4427],[84.9959,51.5144],[85.111,51.5241],[85.244,51.4992],[85.3259,51.5613],[85.4443,51.5634],[85.5029,51.7012],[85.7028,51.7325],[85.7713,51.8155],[85.7499,51.8672],[85.8536,51.8911],[85.8175,51.9712],[85.8863,52.0159],[85.922,52.1053],[86.2345,52.0403],[86.403,52.0362],[86.4765,52.1302],[86.6488,52.1057],[86.7402,52.1714],[86.7811,52.2946],[86.6936,52.2948],[86.6419,52.4027],[86.6687,52.5153],[86.7949,52.5148],[86.7815,52.6042],[87.011,52.6419],[87.1269,52.6153]]]},"properties":{"osm_id":144764,"name":"Алтайский край","iso":"RU-ALT","kind":"region","label":[82.5289,52.5466]}},
{"type":"Feature","geometry":{"type":"Polygon","coordinates":[[[48.4286,52.8144],[48.5798,52.8644],[48.5228,52.9494],[48.3598,52.9573],[48.3638,53.0554],[48.2492,53.0656],[48.0569,53.268],[47.9352,53.3669],[48.0985,53.4858],[48.3694,53.4739],[48.4065,53.5638],[48.3684,53.6428],[48.4846,53.6444],[48.5354,53.7561],[48.6069,53.7203],[48.7819,53.7325],[48.8513,53.706],[48.9948,53.7066],[48.9956,53.8749],[49.3116,53.8725],[49.7033,53.8302],[49.8166,53.8898],[49.8504,53.832],[50.0227,53.8183],[50.0356,53.8801],[49.9277,53.8894],[50.114,54.0197],[50.2237,54.0689],[50.1927,54.1446],[50.2425,54.2839],[50.1913,54.3604],[50.1038,54.4237],[50.0925,54.5066],[49.8481,54.5372],[49.7,54.5786],[49.5587,54.5648],[49.551,54.6681],[49.4797,54.6886],[49.4761,54.7785],[49.2836,54.8889],[49.1206,54.7982],[48.8818,54.796],[48.8817,54.6252],[48.4652,54.6252],[48.2495,54.718],[48.0216,54.7277],[47.9035,54.6964],[47.7174,54.7351],[47.6939,54.6582],[47.6166,54.5576],[47.5393,54.5304],[47.3556,54.6274],[47.2908,54.6743],[47.2678,54.6734],[47.1119,54.6744],[47.0794,54.7052],[46.8925,54.6454],[46.8001,54.6382],[46.7391,54.6863],[46.6584,54.6731],[46.4428,54.7616],[46.4217,54.6883],[46.525,54.6552],[46.5359,54.3991],[46.7149,54.3967],[46.6845,54.3043],[46.3858,54.2336],[46.3428,54.1915],[46.0642,54.1709],[45.8974,54.0635],[45.8136,53.9757],[45.937,54.0043],[46.0611,53.9791],[46.1853,53.912],[46.1727,53.7967],[46.2794,53.7903],[46.3765,53.6704],[46.4445,53.6503],[46.4507,53.5396],[46.5043,53.4811],[46.6498,53.4688],[46.7918,53.3727],[46.9082,53.3626],[46.8642,53.1777],[46.9295,53.1708],[46.9179,52.9204],[46.8939,52.8905],[46.9709,52.8097],[46.9401,52.722],[46.7997,52.6698],[46.8011,52.6208],[46.9808,52.6377],[46.9861,52.5861],[47.1326,52.5856],[47.2066,52.5475],[47.5403,52.6105],[47.6794,52.5977],[47.7225,52.5683],[47.8124,52.7363],[47.8971,52.7246],[47.9337,52.6466],[48.0638,52.676],[48.1148,52.7954],[48.197,52.7686],[48.4286,52.8144]]]},"properties":{"osm_id":72192,"name":"Ульяновская область","iso":"RU-ULY","kind":"region","label":[48.0201,53.7121]}},
{"type":"Feature","geometry":{"type":"Polygon","coordinates":[[[44.68,42.7559],[44.7528,42.7141],[44.8038,42.6147],[44.8862,42.7468],[44.9798,42.7449],[45.0866,42.7118],[45.1942,42.8048],[45.0868,42.8418],[45.0778,43.0083],[45.1952,43.1178],[45.1264,43.193],[45.1065,43.2813],[45.1374,43.4175],[45.1148,43.4532],[44.9565,43.4802],[44.8474,43.5647],[44.7952,43.5967],[44.6311,43.6141],[44.5033,43.5879],[44.4887,43.4363],[44.5777,43.4136],[44.5707,43.2361],[44.6787,43.2115],[44.8314,43.1399],[44.9575,43.049],[44.9539,42.9466],[44.8817,42.9151],[44.8537,42.8356],[44.7508,42.8426],[44.6337,42.8773],[44.68,42.7559]]]},"properties":{"osm_id":253252,"name":"Ингушетия","iso":"RU-IN","kind":"region","label":[44.8341,43.1187]}},
{"type":"Feature","geometry":{"type":"Polygon","coordinates":[[[44.8323,43.6821],[44.8474,43.5647],[44.9565,43.4802],[45.1148,43.4532],[45.1374,43.4175],[45.1065,43.2813],[45.1264,43.193],[45.1952,43.1178],[45.0778,43.0083],[45.0868,42.8418],[45.1942,42.8048],[45.0866,42.7118],[45.1584,42.7075],[45.3544,42.522],[45.4187,42.5514],[45.5715,42.5482],[45.6138,42.5054],[45.7751,42.4883],[46.0281,42.619],[46.0157,42.676],[46.1772,42.7359],[46.1232,42.8167],[46.34,42.8912],[46.427,42.8571],[46.4963,42.945],[46.4354,43.0841],[46.388,43.1481],[46.4244,43.2989],[46.3699,43.3417],[46.3276,43.4501],[46.4369,43.5376],[46.4176,43.5966],[46.5577,43.7602],[46.6302,43.7695],[46.6501,43.831],[46.5888,43.8703],[46.4511,43.8751],[46.4406,44.0029],[46.3363,43.9981],[46.2511,43.9459],[46.2182,43.8597],[46.0957,43.8607],[46.0721,43.9303],[45.7127,43.9625],[45.4889,44.01],[45.4398,44.0093],[45.438,43.8757],[45.202,43.8769],[45.2026,43.9575],[45.0533,43.9579],[45.0637,43.72],[44.9903,43.72],[44.9449,43.6716],[44.8323,43.6821]]]},"properties":{"osm_id":109877,"name":"Чеченская Республика","iso":"RU-CE","kind":"region","label":[45.7475,43.243]}},
{"type":"Feature","geometry":{"type":"Polygon","coordinates":[[[29.4258,60.1907],[29.5414,60.0425],[29.7164,59.8741],[30.0442,59.8373],[30.2839,59.7879],[30.2424,59.6708],[30.4676,59.6394],[30.488,59.6886],[30.6478,59.722],[30.6256,59.7955],[30.4954,59.8915],[30.4899,60.0187],[30.1474,60.1344],[30.0596,60.136],[29.7598,60.237],[29.4892,60.2244],[29.4258,60.1907]]]},"properties":{"osm_id":337422,"name":"Санкт-Петербург","iso":"RU-SPE","kind":"region","label":[30.0926,59.9393]}},
{"type":"Feature","geometry":{"type":"Polygon","coordinates":[[[34.7224,59.0849],[34.8346,59.1273],[34.8633,59.2156],[35.0386,59.254],[35.177,59.2612],[35.393,59.3809],[35.4316,59.4273],[35.3163,59.5203],[35.4937,59.5357],[35.4947,59.6519],[35.6056,59.6144],[35.6152,59.7124],[35.4074,59.7194],[35.375,59.8579],[35.4471,59.9168],[35.4464,59.9776],[35.3214,59.9808],[35.1555,60.1519],[35.1626,60.256],[35.238,60.2914],[35.2988,60.6014],[35.1755,60.7701],[35.242,60.8343],[35.4617,60.8569],[35.5262,60.9206],[35.6967,61.0035],[35.7013,61.2143],[35.3966,61.1403],[35.3521,61.1765],[35.382,61.2691],[35.1753,61.2393],[35.0777,61.2631],[34.7935,61.2893],[34.5457,61.2756],[34.4744,61.2336],[34.469,61.1613],[34.2445,61.2373],[33.6695,61.2332],[33.5518,61.2137],[33.4499,61.1546],[33.5891,61.0653],[33.738,61.131],[33.9202,61.089],[33.7854,60.937],[33.6079,60.9586],[33.5424,61.0043],[33.4217,60.9831],[33.4665,60.9276],[33.251,60.8743],[33.1577,60.7399],[32.9205,60.7108],[32.9133,60.6814],[31.9684,60.8314],[31.3888,60.9477],[30.943,61.026],[29.8782,61.1653],[29.5829,61.178],[29.5636,61.2249],[29.4245,61.2564],[29.3062,61.3293],[29.2334,61.2684],[28.8191,61.1216],[28.7138,61.0445],[28.6578,60.9511],[28.5246,60.9571],[28.1355,60.7409],[27.8734,60.6046],[27.7744,60.5336],[27.7258,60.3917],[27.4567,60.2233],[27.293,60.2002],[27.0687,60.1421],[26.9072,60.1367],[26.6679,60.0007],[26.44,59.9383],[26.6289,59.8222],[26.8167,59.6624],[27.0534,59.6185],[27.3853,59.6524],[27.8117,59.5456],[28.0408,59.4747],[28.21,59.3704],[28.1295,59.2909],[27.9542,59.2704],[27.8087,59.1297],[27.7383,58.9778],[27.918,59.0212],[27.9907,59.0155],[28.2023,58.9348],[28.2943,58.8262],[28.3735,58.8784],[28.622,58.8646],[28.7658,58.8248],[28.9735,58.8051],[29.0559,58.7398],[29.2833,58.6961],[29.3309,58.6128],[29.5796,58.5336],[29.551,58.4798],[29.7474,58.4237],[29.8957,58.45],[30.0565,58.4439],[30.1289,58.5274],[30.0726,58.6284],[30.1029,58.7244],[30.3426,58.7594],[30.4064,58.7029],[30.6642,58.7366],[30.7548,58.8564],[30.9224,58.9215],[30.9565,59.0154],[31.083,59.0908],[31.1661,59.0755],[31.2187,59.0083],[31.3711,59.0265],[31.4812,59.1016],[31.4752,59.1679],[31.5857,59.2356],[31.5292,59.2848],[31.5524,59.3691],[31.6831,59.3691],[31.7516,59.3245],[31.9066,59.376],[31.9494,59.4297],[32.1216,59.3708],[32.1997,59.2903],[32.2979,59.2788],[32.2825,59.2007],[32.4516,59.1081],[32.6538,59.1181],[32.7689,59.2108],[32.7324,59.2714],[32.8469,59.3486],[32.9707,59.3922],[33.1552,59.3839],[33.2621,59.3209],[33.3484,59.3853],[33.6303,59.3825],[33.622,59.3278],[33.7567,59.2933],[33.8001,59.2007],[33.936,59.2118],[34.0317,59.1484],[34.2842,59.1782],[34.512,59.1446],[34.7224,59.0849]],[[29.4258,60.1907],[29.4892,60.2244],[29.7598,60.237],[30.0596,60.136],[30.1474,60.1344],[30.4899,60.0187],[30.4954,59.8915],[30.6256,59.7955],[30.6478,59.722],[30.488,59.6886],[30.4676,59.6394],[30.2424,59.6708],[30.2839,59.7879],[30.0442,59.8373],[29.7164,59.8741],[29.5414,60.0425],[29.4258,60.1907]]]},"properties":{"osm_id":176095,"name":"Ленинградская область","iso":"RU-LEN","kind":"region","label":[31.0707,59.8733]}},
{"type":"Feature","geometry":{"type":"Polygon","coordinates":[[[46.7215,56.9634],[46.5939,56.9303],[46.3148,56.9452],[46.2717,56.9029],[46.0987,56.8632],[45.9414,56.8594],[45.9338,56.6761],[45.8873,56.6258],[45.6682,56.6114],[45.6271,56.568],[45.6619,56.4609],[45.7666,56.4256],[45.9637,56.4287],[45.8975,56.2198],[45.9636,56.1644],[46.0665,56.173],[46.0595,56.0683],[46.1853,56.0316],[46.2387,56.0654],[46.4731,56.1229],[46.5816,56.1324],[46.6561,56.0987],[46.7996,56.1915],[46.9109,56.2104],[47.1506,56.3155],[47.3925,56.323],[47.3798,56.2272],[47.4248,56.157],[47.8928,56.118],[47.9737,55.963],[48.1831,55.9359],[48.2198,55.875],[48.3956,55.8299],[48.4154,55.9149],[48.4741,55.9362],[48.6613,55.9374],[48.7143,56.0483],[48.818,56.0549],[48.8486,56.116],[48.9477,56.139],[48.9846,56.2005],[48.9224,56.2562],[49.0318,56.2847],[49.0516,56.3448],[49.2159,56.3901],[49.3123,56.3324],[49.4556,56.4255],[49.5494,56.4317],[49.5694,56.5029],[49.7561,56.5372],[49.7505,56.4629],[49.8611,56.4253],[49.9334,56.4969],[50.0399,56.485],[50.16,56.5306],[50.203,56.5833],[50.0814,56.6112],[50.061,56.6592],[50.1044,56.7923],[50.041,56.8522],[49.8272,56.8881],[49.6739,57.0473],[49.6021,57.078],[49.3916,57.0193],[49.2467,57.0436],[49.1385,57.1802],[49.2144,57.3096],[49.0364,57.297],[48.9494,57.0826],[48.8255,57.1658],[48.5811,57.1721],[48.4279,57.1132],[48.3289,57.1661],[48.1612,57.0529],[48.1335,56.9925],[47.9493,56.9867],[47.7689,57.0016],[47.6634,56.9838],[47.6024,56.9248],[47.4349,56.8829],[47.2638,56.8074],[47.1342,56.8073],[47.1019,56.9232],[46.8193,56.9211],[46.7215,56.9634]]]},"properties":{"osm_id":115114,"name":"Марий Эл","iso":"RU-ME","kind":"region","label":[47.9134,56.5862]}},
{"type":"Feature","geometry":{"type":"Polygon","coordinates":[[[50.0814,56.6112],[50.203,56.5833],[50.16,56.5306],[50.0399,56.485],[49.9334,56.4969],[49.8611,56.4253],[49.7505,56.4629],[49.7561,56.5372],[49.5694,56.5029],[49.5494,56.4317],[49.4556,56.4255],[49.3123,56.3324],[49.2159,56.3901],[49.0516,56.3448],[49.0318,56.2847],[48.9224,56.2562],[48.9846,56.2005],[48.9477,56.139],[48.8486,56.116],[48.818,56.0549],[48.7143,56.0483],[48.6613,55.9374],[48.4741,55.9362],[48.4154,55.9149],[48.3956,55.8299],[48.3105,55.7818],[48.2223,55.6874],[48.0815,55.6923],[48.0204,55.6044],[48.108,55.5241],[47.9675,55.4814],[47.7805,55.333],[47.6698,55.3524],[47.6872,55.234],[47.7837,55.2387],[47.9116,55.3223],[48.0162,55.2848],[48.1077,55.1459],[48.0379,55.1086],[48.0278,55.0359],[47.9612,54.9477],[47.7754,54.961],[47.7226,54.8589],[47.5605,54.8447],[47.4091,54.8806],[47.3621,54.828],[47.3848,54.76],[47.2678,54.6734],[47.2908,54.6743],[47.3556,54.6274],[47.5393,54.5304],[47.6166,54.5576],[47.6939,54.6582],[47.7174,54.7351],[47.9035,54.6964],[48.0216,54.7277],[48.2495,54.718],[48.4652,54.6252],[48.8817,54.6252],[48.8818,54.796],[49.1206,54.7982],[49.2836,54.8889],[49.4761,54.7785],[49.4797,54.6886],[49.551,54.6681],[49.5587,54.5648],[49.7,54.5786],[49.8481,54.5372],[50.0925,54.5066],[50.2231,54.4922],[50.3075,54.4427],[50.3867,54.4849],[50.5213,54.3249],[50.6484,54.3851],[50.8228,54.3635],[50.9544,54.3921],[51.0084,54.5494],[51.0744,54.5402],[51.1688,54.6521],[51.365,54.656],[51.3836,54.5881],[51.5132,54.5954],[51.6335,54.565],[51.7773,54.5569],[51.9379,54.5165],[51.9459,54.4486],[52.1259,54.3792],[52.2429,54.4397],[52.5021,54.4591],[52.5061,54.3737],[52.5683,54.3401],[52.6964,54.3608],[52.9342,54.3084],[52.9812,54.268],[53.0819,54.3175],[53.1552,54.2883],[53.0976,54.2344],[52.9549,54.235],[53.1331,54.0769],[53.2872,54.0874],[53.3468,54.0013],[53.5006,54.0561],[53.4235,54.2308],[53.4461,54.2586],[53.3969,54.3699],[53.4296,54.4312],[53.4325,54.5714],[53.6177,54.697],[53.5931,54.8097],[53.4834,54.969],[53.2695,55.0487],[53.1703,55.1052],[53.1578,55.1656],[53.3187,55.1622],[53.4097,55.225],[53.6166,55.2143],[53.6023,55.2626],[53.7228,55.3263],[53.8617,55.3658],[53.9786,55.4659],[54.0234,55.5384],[54.198,55.6435],[54.1715,55.7168],[54.04,55.8084],[53.9562,55.7805],[53.8647,55.8875],[53.7039,55.9279],[53.3481,55.8553],[53.2406,55.8722],[53.2,55.926],[53.4516,56.0186],[53.4557,56.0832],[53.5681,56.1257],[53.5753,56.237],[53.4471,56.2712],[53.3067,56.2504],[53.3703,56.1024],[53.3328,56.0621],[53.0641,56.1298],[52.9999,56.1776],[52.9687,56.2799],[53.0065,56.4292],[53.0988,56.5009],[52.9714,56.5355],[52.9241,56.4008],[52.778,56.3978],[52.5854,56.2217],[52.7376,56.2212],[52.8473,56.1877],[52.8834,56.1131],[52.7364,56.0067],[52.5587,56.0355],[52.4579,56.0822],[52.3198,56.0726],[52.2065,56.0203],[52.2343,55.9483],[52.0689,55.9024],[52.0553,55.9489],[51.813,55.927],[51.4174,55.9602],[51.3975,56.0319],[51.6436,56.1224],[51.444,56.1274],[51.3085,56.0687],[51.208,56.1231],[51.0325,56.1337],[50.9873,56.1878],[50.8773,56.1956],[50.8322,56.2406],[50.9173,56.2784],[50.8145,56.3469],[50.7528,56.3176],[50.631,56.3383],[50.4383,56.5506],[50.4305,56.6086],[50.1728,56.6503],[50.0814,56.6112]]]},"properties":{"osm_id":79374,"name":"Татарстан","iso":"RU-TA","kind":"region","label":[50.7514,55.3262]}},
{"type":"Feature","geometry":{"type":"Polygon","coordinates":[[[59.0423,56.1687],[59.319,56.1289],[59.2865,56.0347],[59.1926,56.0252],[59.2459,55.9508],[59.2251,55.8498],[59.3205,55.7614],[59.2986,55.7015],[59.3358,55.6316],[59.4685,55.5948],[59.6549,55.5919],[59.5789,55.5166],[59.2814,55.464],[59.1832,55.4684],[59.1443,55.4126],[59.16,55.3424],[58.7254,55.2897],[58.6929,55.151],[58.8065,55.0287],[58.7271,54.9679],[58.5977,54.9563],[58.4221,55.0179],[58.4297,55.0663],[58.3448,55.1499],[58.2632,55.1717],[58.1297,55.1271],[58.194,55.0717],[58.1283,55.0172],[58.1129,54.9436],[58.0051,54.9062],[57.9329,54.9486],[58.0327,55.0279],[58.0059,55.1414],[58.1177,55.1917],[58.0232,55.2765],[57.8829,55.3023],[57.6413,55.3015],[57.5301,55.337],[57.3939,55.3172],[57.2633,55.2192],[57.2415,55.1496],[57.1313,55.085],[57.2506,54.9409],[57.1566,54.8703],[57.2464,54.7696],[57.6037,54.678],[57.6268,54.6179],[57.7456,54.582],[57.7534,54.5027],[57.91,54.4183],[58.0124,54.3965],[58.1685,54.5024],[58.4227,54.559],[58.5993,54.4614],[58.7147,54.4782],[58.7391,54.5377],[58.9534,54.5848],[59.0665,54.6498],[59.2642,54.6185],[59.2888,54.6582],[59.5228,54.7798],[59.5368,54.8414],[59.618,54.9061],[59.8755,54.8384],[59.9469,54.7699],[59.8538,54.609],[59.6822,54.5224],[59.7399,54.4557],[59.6718,54.3397],[59.7551,54.3146],[59.7893,54.2443],[59.6624,54.1428],[59.5253,54.1861],[59.3257,54.1878],[59.1882,54.0036],[59.1088,53.9562],[59.0002,53.9516],[58.9077,53.8627],[58.9255,53.7848],[58.8913,53.7196],[58.9069,53.6425],[58.8134,53.5916],[58.9064,53.5477],[58.8972,53.4935],[58.9134,53.0561],[58.8391,53.024],[58.7608,52.8496],[58.8047,52.6951],[58.751,52.611],[58.824,52.5933],[58.7812,52.5204],[58.7961,52.4318],[58.8549,52.4258],[59.0019,52.4247],[59.0019,52.3619],[59.1657,52.2765],[59.2163,52.2975],[59.2274,52.4249],[59.2961,52.4798],[59.5476,52.4422],[59.6776,52.4087],[59.8242,52.4801],[59.9183,52.422],[60.163,52.4001],[60.1739,52.2603],[60.0606,52.1807],[59.9654,52.1518],[59.9077,52.0399],[60.002,51.9933],[60.1977,51.9909],[60.3395,52.0548],[60.5108,52.1564],[60.7167,52.1562],[60.7787,52.2264],[60.9521,52.2707],[61.0668,52.3471],[60.9922,52.4231],[60.9823,52.5079],[60.8418,52.5223],[60.8431,52.641],[60.7146,52.663],[60.7119,52.7644],[60.8344,52.7741],[60.9838,52.8851],[61.0762,52.9278],[61.1208,52.9867],[61.251,53.0362],[61.3907,52.9923],[61.469,53.0366],[61.6321,52.9541],[61.7018,52.9982],[61.8342,52.9929],[61.9608,52.9502],[62.1304,52.9901],[62.1193,53.1118],[61.916,53.1421],[61.7842,53.1846],[61.6739,53.2657],[61.6305,53.2232],[61.5271,53.2153],[61.4002,53.2739],[61.2262,53.2834],[61.177,53.3118],[61.1553,53.4055],[61.2167,53.4318],[61.2583,53.508],[61.4284,53.4555],[61.5652,53.5383],[61.5531,53.5931],[61.3912,53.6021],[61.3578,53.5614],[61.2146,53.5636],[61.1218,53.6151],[60.9003,53.6287],[61.1147,53.7209],[61.2272,53.7956],[61.1369,53.9045],[61.2938,54.0739],[61.4801,54.083],[61.4806,54.0301],[61.5691,54.0082],[61.7006,54.0189],[61.8571,53.9626],[62.0439,53.9485],[62.0061,54.0375],[62.3324,54.0321],[62.4467,53.9269],[62.5543,53.9337],[62.5973,53.9949],[62.5688,54.0465],[62.6691,54.0903],[62.9371,54.1164],[63.0512,54.1007],[63.1522,54.1229],[63.1527,54.1793],[63.3515,54.1941],[63.3427,54.2513],[63.1679,54.3083],[63.1251,54.3818],[63.1824,54.432],[63.2849,54.5814],[63.2263,54.6091],[63.2012,54.698],[62.9771,54.7047],[62.6717,54.624],[62.5503,54.652],[62.4412,54.7157],[62.3191,54.6709],[62.0779,54.6756],[62.0371,54.7643],[62.1188,54.8141],[61.9956,54.9807],[62.1472,55.0383],[62.2371,55.1086],[62.1608,55.2311],[62.0717,55.2593],[62.1611,55.3127],[62.1883,55.4454],[62.3195,55.4137],[62.4549,55.4672],[62.6201,55.4906],[62.5234,55.5903],[62.5259,55.7699],[62.3043,55.838],[62.3177,55.9476],[62.2386,55.9337],[62.2304,56.028],[62.0611,56.1308],[61.8437,56.1822],[61.7352,56.2864],[61.6193,56.3198],[61.5669,56.2835],[61.4335,56.3513],[61.3375,56.3154],[61.1543,56.3563],[61.0917,56.3193],[61.1859,56.2083],[61.1035,56.1817],[60.9639,56.191],[60.6994,56.2393],[60.6775,56.3093],[60.5748,56.3169],[60.553,56.2223],[60.3635,56.2336],[60.2554,56.1984],[60.0046,56.2209],[59.9103,56.2589],[59.7508,56.2249],[59.6366,56.2481],[59.7149,56.3238],[59.5719,56.3396],[59.2821,56.3288],[59.1994,56.2717],[59.1694,56.1989],[59.0423,56.1687]]]},"properties":{"osm_id":77687,"name":"Челябинская область","iso":"RU-CHE","kind":"region","label":[60.2414,54.1783]}},
{"type":"Feature","geometry":{"type":"Polygon","coordinates":[[[62.0611,56.1308],[62.2304,56.028],[62.2386,55.9337],[62.3177,55.9476],[62.3043,55.838],[62.5259,55.7699],[62.5234,55.5903],[62.6201,55.4906],[62.4549,55.4672],[62.3195,55.4137],[62.1883,55.4454],[62.1611,55.3127],[62.0717,55.2593],[62.1608,55.2311],[62.2371,55.1086],[62.1472,55.0383],[61.9956,54.9807],[62.1188,54.8141],[62.0371,54.7643],[62.0779,54.6756],[62.3191,54.6709],[62.4412,54.7157],[62.5503,54.652],[62.6717,54.624],[62.9771,54.7047],[63.2012,54.698],[63.2263,54.6091],[63.2849,54.5814],[63.1824,54.432],[63.1251,54.3818],[63.1679,54.3083],[63.3427,54.2513],[63.3515,54.1941],[63.4601,54.1975],[63.8036,54.2711],[63.9143,54.1981],[64.0213,54.2303],[63.9802,54.2746],[64.0964,54.3147],[64.1716,54.307],[64.3589,54.3368],[64.421,54.3265],[64.605,54.3917],[64.7376,54.3539],[64.9744,54.4241],[65.1212,54.3302],[65.2392,54.3758],[65.2013,54.4658],[65.2125,54.5318],[65.306,54.5684],[65.4948,54.5967],[65.6331,54.6408],[65.7473,54.6074],[65.8453,54.6972],[65.9818,54.717],[65.9986,54.6251],[66.3816,54.7038],[66.7821,54.7687],[67.2817,54.8258],[67.3334,54.8735],[67.5629,54.8443],[67.7729,54.8857],[67.8197,54.9713],[67.9104,54.9837],[68.0324,54.9504],[68.2341,54.9695],[68.2708,55.0851],[68.1893,55.1514],[68.2823,55.2051],[68.4453,55.1967],[68.6589,55.2357],[68.7107,55.3496],[68.6821,55.3879],[68.3219,55.5073],[68.317,55.5694],[68.1888,55.5891],[68.1738,55.7187],[68.1389,55.7288],[67.9209,55.655],[67.7943,55.7287],[67.6338,55.7141],[67.4036,55.7274],[67.2997,55.8888],[67.303,55.9629],[66.7639,55.9756],[66.6359,56.0061],[66.4518,55.9596],[66.3086,56.0495],[66.1608,56.067],[66.021,55.9936],[65.8419,56.069],[65.778,56.1577],[65.6728,56.2232],[65.6831,56.2697],[65.4542,56.2854],[65.2492,56.2765],[65.122,56.3076],[65.1368,56.3721],[65.0934,56.4411],[64.9895,56.5184],[65.0221,56.6435],[64.9271,56.7724],[64.7643,56.8125],[64.5456,56.7888],[64.4939,56.7456],[64.3279,56.7565],[64.3508,56.6821],[64.2222,56.5382],[64.1787,56.461],[63.829,56.4813],[63.7468,56.5374],[63.5943,56.5576],[63.5151,56.611],[63.4001,56.6099],[63.3134,56.5684],[63.1246,56.564],[62.9823,56.5982],[62.8722,56.546],[62.742,56.5579],[62.7247,56.5079],[62.6032,56.4909],[62.5688,56.5656],[62.4285,56.5269],[62.2546,56.3995],[62.2515,56.3409],[62.1468,56.2751],[62.0711,56.297],[62.0611,56.1308]]]},"properties":{"osm_id":140290,"name":"Курганская область","iso":"RU-KGN","kind":"region","label":[65.344,55.5151]}},
{"type":"Feature","geometry":{"type":"MultiPolygon","coordinates":[[[[139.3094,47.3109],[139.4096,47.5137],[139.5833,47.7452],[139.7525,47.8316],[139.9566,48.0251],[140.2714,48.2086],[140.4379,48.3537],[140.474,48.4352],[140.5086,48.7212],[140.6234,48.8209],[140.676,48.9082],[140.739,49.3504],[140.8442,49.5145],[140.8365,49.803],[140.8046,49.8772],[140.9455,49.9792],[140.9958,50.0669],[140.9563,50.1964],[140.8307,50.2758],[140.8456,50.3353],[140.7754,50.5392],[140.8059,50.6222],[140.7829,50.7021],[140.83,50.791],[140.9585,50.9146],[140.9994,51.058],[140.9812,51.1316],[141.0298,51.2018],[141.1132,51.2503],[141.1874,51.3404],[141.2136,51.4389],[141.4157,51.6201],[141.59,52.1266],[141.5917,52.2116],[141.5234,52.4283],[141.6367,53.1633],[141.7084,53.2383],[141.5917,53.3383],[141.4917,53.5565],[141.2534,53.6408],[140.9358,53.7261],[140.844,53.7672],[140.7599,53.8513],[140.6628,53.8962],[140.6564,54.0051],[140.6165,54.0608],[140.4532,54.1868],[140.2051,54.2763],[140.1492,54.3241],[140.1113,54.4472],[140.0265,54.5077],[139.5501,54.7381],[138.5738,55.2692],[137.8375,55.9205],[138.0222,56.0262],[138.2623,56.2199],[138.4571,56.2692],[138.5451,56.3284],[138.613,56.4374],[138.6223,56.539],[138.8406,56.6464],[138.9317,56.7328],[138.9482,56.8133],[139.1061,56.8578],[139.1896,56.9059],[139.3835,57.0795],[139.6471,57.1452],[139.845,57.2477],[139.9843,57.2587],[140.1387,57.3156],[140.2205,57.4062],[140.2096,57.5043],[140.2458,57.547],[140.4629,57.5659],[140.5476,57.5947],[140.7932,57.7274],[140.8745,57.8755],[141.0613,58.1641],[141.1928,58.2446],[141.5449,58.3477],[141.7869,58.4485],[141.9852,58.5639],[142.3885,58.9119],[142.6389,59.0231],[142.8774,59.07],[143.5591,59.1238],[143.8912,59.1987],[144.048,59.2005],[144.3821,59.1704],[145.0203,59.1688],[145.3938,59.186],[145.736,58.9894],[145.9343,58.9444],[146.1272,58.9458],[146.465,59.0016],[146.9499,59.1511],[146.937,59.3877],[147.111,59.4092],[147.1475,59.5019],[147.1292,59.697],[147.2168,59.7353],[147.1183,59.8862],[147.0393,59.9479],[146.9422,59.9519],[146.8016,59.9053],[146.7021,59.9716],[146.6891,60.0873],[146.5004,60.1233],[146.4846,60.1928],[146.3724,60.2506],[146.2173,60.2086],[145.9789,60.2025],[145.857,60.1705],[145.637,60.2648],[145.5744,60.3356],[145.6373,60.4146],[145.5301,60.4222],[145.5289,60.4948],[145.6551,60.5288],[145.7136,60.595],[145.9309,60.6191],[145.9203,60.6558],[146.1606,60.7414],[146.3361,60.6527],[146.444,60.6711],[146.4475,60.7543],[146.5178,60.8469],[146.4993,60.9403],[146.7052,60.9498],[146.6889,61.0942],[146.7575,61.2099],[146.6999,61.303],[146.7435,61.3763],[146.7398,61.4686],[146.5926,61.5476],[146.5955,61.6373],[146.3872,61.7438],[146.3463,61.8418],[146.2377,61.9001],[145.9868,61.992],[145.6634,62.0346],[145.6411,61.9828],[145.4497,61.9526],[145.2872,62.0028],[145.0464,61.9972],[144.9896,62.0512],[144.7374,62.0457],[144.583,61.9732],[144.6084,61.9356],[144.2567,61.7446],[143.9463,61.7551],[143.9995,61.8952],[143.9188,61.9596],[143.7792,61.9547],[143.6983,61.9042],[143.6091,62.036],[143.4801,62.0531],[143.407,62.0217],[143.2855,62.05],[143.231,62.1176],[143.1383,62.1059],[143.1177,62.0286],[142.9557,61.8962],[142.7837,61.9614],[142.5872,61.9342],[142.2955,61.9613],[142.1817,62.045],[141.9577,62.0395],[141.854,62.0842],[141.7322,62.0772],[141.5611,62.1555],[141.4946,62.287],[141.3223,62.3875],[141.1265,62.4063],[141.0711,62.4825],[140.7403,62.5103],[140.7223,62.4531],[140.6118,62.4095],[140.4121,62.4134],[140.3436,62.3755],[140.2913,62.2349],[140.3291,62.1542],[140.2564,62.0909],[140.276,62.0378],[140.1163,61.9688],[139.9525,61.9365],[139.9801,61.8615],[139.9376,61.804],[139.7328,61.6592],[139.5538,61.4736],[139.3893,61.4865],[139.2803,61.4277],[139.0914,61.4351],[139.0395,61.3456],[138.9266,61.3176],[138.7349,61.3369],[138.6491,61.2973],[138.6511,61.227],[138.3247,61.0617],[138.3465,60.9795],[138.2735,60.9567],[138.2112,60.8683],[138.3975,60.723],[138.3968,60.6207],[138.3165,60.4913],[138.3186,60.3194],[138.2132,60.2778],[138.2397,60.1729],[138.2117,60.102],[138.2627,60.0691],[138.1757,59.8268],[138.2197,59.8146],[138.2187,59.6541],[138.0728,59.6402],[138.0222,59.6695],[138.0809,59.7508],[137.9743,59.7723],[137.632,59.7513],[137.4912,59.6808],[137.4498,59.6131],[137.5014,59.5581],[137.3598,59.5419],[137.2983,59.4956],[136.8212,59.3884],[136.6729,59.3459],[136.3174,59.4238],[136.0899,59.4196],[135.9476,59.4588],[135.8264,59.5261],[135.6131,59.4878],[135.4378,59.397],[135.2609,59.234],[135.3024,59.2027],[135.1933,59.1144],[134.9886,59.1649],[134.8425,59.1366],[134.7331,59.1578],[134.7164,59.2047],[134.5625,59.2031],[134.4774,59.1445],[134.3657,59.2023],[134.1837,59.2185],[134.0774,59.256],[133.8566,59.2572],[133.7475,59.2283],[133.5725,59.251],[133.4641,59.304],[133.2719,59.2267],[133.171,59.2414],[132.989,59.159],[132.765,59.0074],[132.8449,58.9932],[132.7772,58.887],[132.6681,58.9101],[132.5587,58.8716],[132.5331,58.8194],[132.5465,58.6597],[132.3865,58.5613],[132.1399,58.5149],[132.2286,58.3317],[132.1114,58.2784],[131.9985,58.1504],[132.1048,58.1221],[132.0688,58.0504],[131.9679,58.0817],[131.8287,58.1667],[131.5584,58.2116],[131.4952,58.1705],[131.5232,58.1161],[131.6447,58.079],[131.6186,58.0111],[131.707,57.951],[131.7985,57.9349],[131.8065,57.871],[132.051,57.7313],[132.0684,57.6817],[131.9422,57.6167],[131.8491,57.6229],[131.7229,57.5686],[131.7806,57.5379],[131.6067,57.4282],[131.6142,57.3135],[131.5088,57.2682],[131.2553,57.2988],[131.2023,57.2033],[131.3335,57.1869],[131.4302,57.1383],[131.606,56.9558],[131.708,56.896],[131.8317,56.7427],[131.7008,56.6905],[131.6925,56.5263],[131.4921,56.5659],[131.4083,56.5092],[131.2221,56.5208],[131.0974,56.384],[131.1397,56.2983],[131.1114,56.2418],[130.9913,56.1676],[130.9782,56.0868],[130.8602,55.9151],[130.9646,55.8],[130.9528,55.7122],[131.0593,55.6566],[131.1475,55.649],[131.2157,55.6941],[131.339,55.6517],[131.4933,55.6972],[131.5643,55.6557],[131.6362,55.7089],[131.7737,55.6944],[131.8042,55.6539],[131.9411,55.6673],[131.9471,55.7071],[132.1482,55.6813],[132.2581,55.7406],[132.4411,55.7428],[132.5582,55.7099],[132.6882,55.5838],[132.6396,55.5562],[132.7453,55.4686],[132.965,55.4202],[132.7848,55.3519],[132.6147,55.2382],[132.3618,55.2465],[132.3797,55.1482],[132.4296,55.0864],[132.2681,55.0589],[132.0992,55.0654],[132.0053,54.9288],[131.8185,54.8892],[131.7217,54.8047],[131.3938,54.7365],[131.2634,54.6512],[131.1752,54.638],[131.2197,54.5456],[131.1348,54.3674],[131.0328,54.291],[130.9382,54.3382],[130.7653,54.302],[130.6718,54.2577],[130.6325,54.1855],[130.5132,54.1255],[130.4965,53.987],[130.4056,53.9482],[130.5891,53.8787],[130.851,53.8496],[130.9064,53.775],[131.0149,53.8247],[131.3453,53.783],[131.4441,53.7392],[131.4188,53.6846],[131.4734,53.6264],[131.4526,53.5101],[131.511,53.4327],[131.5334,53.3331],[131.4413,53.2217],[131.8527,53.2345],[131.829,53.1628],[131.902,53.1369],[132.0381,53.1579],[132.0731,53.2255],[132.2493,53.2279],[132.2656,53.2563],[132.5077,53.2164],[132.6353,53.244],[132.7323,53.2294],[132.8987,53.2542],[132.878,53.2942],[133.1371,53.3062],[133.1647,53.4109],[133.2625,53.4584],[133.4676,53.501],[133.6003,53.5514],[133.719,53.4677],[133.795,53.4915],[133.9241,53.4478],[134.1959,53.4824],[134.2575,53.5419],[134.4572,53.6087],[134.5662,53.6196],[134.7231,53.5304],[134.7298,53.4914],[134.8914,53.4346],[134.7954,53.3986],[134.8001,53.3305],[134.8687,53.3179],[134.9071,53.2303],[134.8093,53.1478],[134.6935,52.9781],[134.5948,52.9025],[134.6063,52.803],[134.733,52.7189],[134.7433,52.6251],[134.6737,52.6278],[134.6002,52.5011],[134.4937,52.4575],[134.2924,52.4612],[134.1668,52.5137],[134.08,52.5018],[133.9952,52.5396],[133.8695,52.5135],[133.8188,52.5662],[133.7056,52.5579],[133.5865,52.6156],[133.2621,52.6822],[133.2299,52.6169],[133.3008,52.5133],[133.2402,52.4686],[133.3173,52.3995],[133.336,52.3277],[133.4291,52.2647],[133.323,52.1966],[133.1712,52.1664],[133.0594,52.1772],[132.9373,52.1483],[132.8197,52.1655],[132.7468,52.1177],[132.6459,52.1143],[132.5401,52.0502],[132.5333,51.9763],[132.4245,51.9809],[132.419,51.9055],[132.2642,51.8001],[132.2189,51.8398],[132.1179,51.7785],[132.0644,51.8003],[131.9563,51.7453],[131.8442,51.7511],[131.7368,51.6873],[131.444,51.6861],[131.3867,51.6249],[131.4319,51.5068],[131.4695,51.4846],[131.4893,51.3458],[131.3646,51.3881],[131.2543,51.3641],[131.1617,51.2505],[131.0429,51.2391],[130.9715,51.1427],[130.927,51.0278],[130.7955,51.0241],[130.757,50.9563],[130.8454,50.8791],[130.6727,50.7422],[130.764,50.6564],[130.9074,50.6695],[130.9845,50.638],[131.0265,50.5775],[130.9332,50.4951],[130.9307,50.39],[131.0471,50.4335],[131.31,50.3228],[131.4215,50.2577],[131.377,50.1006],[131.4275,50.0635],[131.39,49.9767],[131.5206,49.9003],[131.4787,49.7805],[131.3705,49.7194],[131.5101,49.6145],[131.5243,49.5734],[131.4877,49.3894],[131.4199,49.2553],[131.5572,49.2481],[131.652,49.3061],[131.8195,49.3333],[131.8848,49.2732],[131.987,49.2563],[131.9944,49.378],[132.0632,49.4109],[132.11,49.4938],[132.2741,49.463],[132.4076,49.3691],[132.3696,49.3128],[132.4832,49.2661],[132.5958,49.3115],[132.6332,49.2865],[132.7833,49.3301],[132.8109,49.2364],[133.0552,49.2146],[133.0801,49.1713],[133.2786,49.0304],[133.2245,48.962],[133.2814,48.8485],[133.4634,48.8291],[133.5893,48.7295],[133.7591,48.7415],[133.8536,48.6656],[134.0465,48.6354],[134.2181,48.6588],[134.2522,48.709],[134.4079,48.7462],[134.461,48.6809],[134.5851,48.6091],[134.7357,48.5704],[134.8598,48.6146],[134.9775,48.6028],[134.9924,48.5274],[134.9367,48.5142],[134.8417,48.3908],[134.7662,48.364],[134.6761,48.2573],[134.6675,48.1522],[134.5445,48.0244],[134.6633,47.8249],[134.7752,47.74],[134.6804,47.5981],[134.4862,47.443],[134.3112,47.4333],[134.2555,47.3667],[134.1693,47.3184],[134.1501,47.253],[134.2219,47.1813],[134.2106,47.0996],[134.1498,47.0958],[134.0553,46.9673],[134.0679,46.9335],[134.0149,46.8157],[134.0441,46.7823],[134.0098,46.649],[134.3889,46.6763],[134.4726,46.7753],[134.4073,46.8666],[134.5112,46.9642],[134.5771,46.9936],[134.5937,47.0635],[134.6562,47.1177],[134.8435,47.1705],[134.9258,47.1318],[135.1012,47.2055],[135.2915,47.1279],[135.4303,47.0506],[135.3456,46.9307],[135.4296,46.9264],[135.5851,46.9772],[135.8069,46.8853],[135.8357,46.8293],[135.9452,46.7984],[136.1158,46.8521],[136.1603,46.8017],[136.3375,46.7763],[136.4012,46.8222],[136.6192,46.7954],[136.7383,46.8582],[136.8324,46.9558],[136.9749,47.0211],[136.9244,47.0785],[136.9523,47.1627],[137.0379,47.2849],[137.0806,47.3058],[137.1857,47.2634],[137.247,47.2905],[137.3337,47.2158],[137.465,47.2126],[137.5877,47.3008],[137.7065,47.3561],[137.7381,47.3294],[137.913,47.4001],[137.9059,47.4418],[138.0053,47.4656],[138.0745,47.5638],[137.98,47.6238],[138.0535,47.671],[137.9921,47.7225],[137.8763,47.7509],[137.7767,47.721],[137.5957,47.8051],[137.4528,47.785],[137.4826,47.8571],[137.6118,47.8968],[137.516,47.9764],[137.3375,48.0562],[137.322,48.097],[137.4515,48.203],[137.5707,48.2413],[137.9288,48.2291],[138.0996,48.3281],[138.2322,48.4427],[138.3067,48.4652],[138.3949,48.4437],[138.4999,48.3804],[138.4631,48.318],[138.6029,48.1809],[138.7024,48.2126],[138.7288,48.1536],[138.6383,48.1221],[138.5754,48.0476],[138.6947,47.9648],[138.7484,47.8925],[138.8334,47.8682],[138.7403,47.7703],[138.528,47.6908],[138.6318,47.6027],[138.5976,47.5221],[138.5369,47.4828],[138.7266,47.4416],[138.8626,47.4702],[139.0158,47.4022],[139.3094,47.3109]]],[[[143.0197,56.4126],[143.0328,56.3505],[143.1159,56.2678],[143.3194,56.2046],[143.5409,56.2189],[143.6765,56.2786],[143.7344,56.3353],[143.7435,56.4586],[143.6494,56.5488],[143.455,56.609],[143.2334,56.5948],[143.1394,56.5603],[143.0456,56.4831],[143.0197,56.4126]]]]},"properties":{"osm_id":151223,"name":"Хабаровский край","iso":"RU-KHA","kind":"region","label":[138.8016,54.5856]}},
{"type":"Feature","geometry":{"type":"Polygon","coordinates":[[[122.1125,53.432],[122.3497,53.5003],[122.4297,53.4432],[122.5961,53.4639],[122.8261,53.4558],[123.06,53.5067],[123.1373,53.4981],[123.3044,53.5597],[123.4786,53.5281],[123.6256,53.546],[123.6855,53.4983],[123.8794,53.4807],[124.0542,53.4013],[124.1099,53.3465],[124.2323,53.3778],[124.3203,53.3292],[124.4316,53.2167],[124.7154,53.1896],[124.8211,53.1451],[124.9713,53.195],[125.1835,53.1983],[125.281,53.1531],[125.4991,53.0886],[125.6131,53.0807],[125.6394,53.0327],[125.7432,52.9838],[125.6565,52.916],[125.6742,52.8592],[125.8295,52.8954],[125.935,52.7765],[126.0342,52.7404],[125.9728,52.6086],[126.0678,52.6032],[126.2017,52.531],[126.3469,52.3831],[126.3126,52.3395],[126.3462,52.2624],[126.3004,52.2062],[126.4899,52.1597],[126.5566,52.1201],[126.5125,52.0532],[126.4383,52.0255],[126.4651,51.9364],[126.5378,51.885],[126.6177,51.7744],[126.7156,51.7269],[126.7087,51.5686],[126.8331,51.5344],[126.7758,51.4438],[126.8961,51.4082],[126.9734,51.2988],[126.8942,51.2033],[126.9177,51.057],[127.1351,50.9125],[127.2331,50.7739],[127.2913,50.7547],[127.2874,50.6638],[127.367,50.574],[127.2922,50.4568],[127.353,50.4435],[127.3253,50.3351],[127.3807,50.2851],[127.6015,50.2375],[127.6033,50.1809],[127.5016,50.0594],[127.499,49.9719],[127.5417,49.917],[127.5254,49.8191],[127.6483,49.7764],[127.6872,49.667],[127.8154,49.5849],[127.9536,49.5962],[128.0347,49.5558],[128.1982,49.5376],[128.3772,49.5889],[128.5529,49.602],[128.8022,49.5503],[128.8603,49.4896],[128.9837,49.4569],[129.0734,49.3536],[129.1746,49.3885],[129.3779,49.3757],[129.4303,49.4416],[129.5366,49.398],[129.5482,49.309],[129.6,49.2758],[129.6906,49.2963],[129.7513,49.2041],[129.8424,49.1771],[129.8584,49.1083],[130.0506,48.9721],[130.2419,48.8604],[130.4211,48.9039],[130.5118,48.8543],[130.6299,48.882],[130.7415,48.9609],[130.8644,48.9941],[131.0228,48.968],[131.0173,49.0358],[131.0785,49.1877],[131.1318,49.2405],[131.4199,49.2553],[131.4877,49.3894],[131.5243,49.5734],[131.5101,49.6145],[131.3705,49.7194],[131.4787,49.7805],[131.5206,49.9003],[131.39,49.9767],[131.4275,50.0635],[131.377,50.1006],[131.4215,50.2577],[131.31,50.3228],[131.0471,50.4335],[130.9307,50.39],[130.9332,50.4951],[131.0265,50.5775],[130.9845,50.638],[130.9074,50.6695],[130.764,50.6564],[130.6727,50.7422],[130.8454,50.8791],[130.757,50.9563],[130.7955,51.0241],[130.927,51.0278],[130.9715,51.1427],[131.0429,51.2391],[131.1617,51.2505],[131.2543,51.3641],[131.3646,51.3881],[131.4893,51.3458],[131.4695,51.4846],[131.4319,51.5068],[131.3867,51.6249],[131.444,51.6861],[131.7368,51.6873],[131.8442,51.7511],[131.9563,51.7453],[132.0644,51.8003],[132.1179,51.7785],[132.2189,51.8398],[132.2642,51.8001],[132.419,51.9055],[132.4245,51.9809],[132.5333,51.9763],[132.5401,52.0502],[132.6459,52.1143],[132.7468,52.1177],[132.8197,52.1655],[132.9373,52.1483],[133.0594,52.1772],[133.1712,52.1664],[133.323,52.1966],[133.4291,52.2647],[133.336,52.3277],[133.3173,52.3995],[133.2402,52.4686],[133.3008,52.5133],[133.2299,52.6169],[133.2621,52.6822],[133.5865,52.6156],[133.7056,52.5579],[133.8188,52.5662],[133.8695,52.5135],[133.9952,52.5396],[134.08,52.5018],[134.1668,52.5137],[134.2924,52.4612],[134.4937,52.4575],[134.6002,52.5011],[134.6737,52.6278],[134.7433,52.6251],[134.733,52.7189],[134.6063,52.803],[134.5948,52.9025],[134.6935,52.9781],[134.8093,53.1478],[134.9071,53.2303],[134.8687,53.3179],[134.8001,53.3305],[134.7954,53.3986],[134.8914,53.4346],[134.7298,53.4914],[134.7231,53.5304],[134.5662,53.6196],[134.4572,53.6087],[134.2575,53.5419],[134.1959,53.4824],[133.9241,53.4478],[133.795,53.4915],[133.719,53.4677],[133.6003,53.5514],[133.4676,53.501],[133.2625,53.4584],[133.1647,53.4109],[133.1371,53.3062],[132.878,53.2942],[132.8987,53.2542],[132.7323,53.2294],[132.6353,53.244],[132.5077,53.2164],[132.2656,53.2563],[132.2493,53.2279],[132.0731,53.2255],[132.0381,53.1579],[131.902,53.1369],[131.829,53.1628],[131.8527,53.2345],[131.4413,53.2217],[131.5334,53.3331],[131.511,53.4327],[131.4526,53.5101],[131.4734,53.6264],[131.4188,53.6846],[131.4441,53.7392],[131.3453,53.783],[131.0149,53.8247],[130.9064,53.775],[130.851,53.8496],[130.5891,53.8787],[130.4056,53.9482],[130.4965,53.987],[130.5132,54.1255],[130.6325,54.1855],[130.6718,54.2577],[130.7653,54.302],[130.9382,54.3382],[131.0328,54.291],[131.1348,54.3674],[131.2197,54.5456],[131.1752,54.638],[131.2634,54.6512],[131.3938,54.7365],[131.7217,54.8047],[131.8185,54.8892],[132.0053,54.9288],[132.0992,55.0654],[132.2681,55.0589],[132.4296,55.0864],[132.3797,55.1482],[132.3618,55.2465],[132.6147,55.2382],[132.7848,55.3519],[132.965,55.4202],[132.7453,55.4686],[132.6396,55.5562],[132.6882,55.5838],[132.5582,55.7099],[132.4411,55.7428],[132.2581,55.7406],[132.1482,55.6813],[131.9471,55.7071],[131.9411,55.6673],[131.8042,55.6539],[131.7737,55.6944],[131.6362,55.7089],[131.5643,55.6557],[131.4933,55.6972],[131.339,55.6517],[131.2157,55.6941],[131.1475,55.649],[131.0593,55.6566],[130.9528,55.7122],[130.8501,55.7125],[130.7363,55.7538],[130.6223,55.7619],[130.5051,55.7272],[130.2878,55.741],[130.1266,55.7127],[130.0011,55.7133],[129.9078,55.7775],[129.585,55.7615],[129.1453,55.7061],[129.1006,55.631],[129.1018,55.5398],[129.0555,55.5077],[128.7966,55.4897],[128.4905,55.5824],[128.3031,55.69],[128.1097,55.6861],[127.9244,55.662],[127.8018,55.6669],[127.7337,55.7313],[127.5546,55.666],[127.5412,55.6072],[127.4588,55.578],[127.3401,55.6195],[127.3215,55.6878],[127.1851,55.7157],[127.1349,55.6928],[126.979,55.7001],[126.9262,55.6299],[126.7873,55.6274],[126.6928,55.6667],[126.5438,55.6407],[126.5332,55.5937],[126.4144,55.56],[126.3617,55.5969],[126.236,55.6083],[126.0967,55.5899],[126.0878,55.668],[125.9938,55.7674],[125.8036,55.8066],[125.6168,55.7794],[125.5659,55.7393],[125.4452,55.8179],[125.4201,55.8699],[125.2533,55.9078],[124.9111,55.8419],[124.7617,55.8699],[124.6398,55.9377],[124.5059,55.8846],[124.395,55.981],[124.3943,56.0526],[124.2016,56.0904],[124.2128,56.1562],[124.1211,56.2308],[124.0341,56.2552],[123.9208,56.3879],[123.7521,56.4265],[123.4343,56.419],[123.1941,56.4407],[122.9019,56.5566],[122.7902,56.5087],[122.5723,56.4871],[122.4608,56.5996],[122.2955,56.6407],[122.1639,56.7462],[121.9895,56.7625],[121.8356,56.7404],[121.6835,56.7596],[121.5195,56.9201],[121.3957,56.9871],[121.1252,56.998],[120.9055,57.0605],[120.7828,57.0285],[120.5404,57.0447],[120.3294,57.0211],[120.0354,56.9099],[119.8561,56.8961],[119.7045,56.83],[119.6807,56.7371],[119.7808,56.6956],[119.8329,56.5667],[119.9226,56.5516],[119.9495,56.4927],[120.0892,56.5008],[120.2544,56.4478],[120.2814,56.3937],[120.394,56.316],[120.5378,56.2664],[120.3038,56.2024],[120.1736,56.2063],[120.0274,56.1206],[120.1293,56.0228],[120.1218,55.9129],[120.2392,55.9371],[120.4777,55.8889],[120.4762,55.9327],[120.6216,55.9334],[120.8506,56.0204],[120.9863,56.0378],[121.047,56.0094],[121.203,56.0395],[121.2705,55.9385],[121.2479,55.8841],[121.3367,55.8227],[121.2993,55.7354],[121.3611,55.6072],[121.3364,55.5284],[121.4214,55.4942],[121.6075,55.5258],[121.72,55.6162],[121.8949,55.6217],[122.0004,55.4337],[121.9569,55.3894],[121.9849,55.3121],[121.959,55.2157],[122.0334,55.1972],[121.9132,55.1206],[121.9587,55.0007],[121.6667,54.835],[121.641,54.7652],[121.88,54.804],[121.9389,54.7408],[121.9342,54.5775],[122.1461,54.4596],[122.1292,54.4131],[121.9123,54.3771],[121.8776,54.4236],[121.7599,54.4394],[121.6623,54.3739],[121.7303,54.287],[121.715,54.2176],[121.7673,54.17],[121.6267,54.0969],[121.6565,54.0194],[121.8461,53.9565],[121.9461,53.8278],[121.926,53.7693],[121.9731,53.7032],[121.9487,53.6156],[122.1125,53.432]]]},"properties":{"osm_id":147166,"name":"Амурская область","iso":"RU-AMU","kind":"region","label":[127.2885,52.9568]}},
{"type":"Feature","geometry":{"type":"Polygon","coordinates":[[[37.0456,55.1422],[37.1699,55.1643],[37.1634,55.2316],[37.4053,55.2506],[37.4052,55.3362],[37.5353,55.4363],[37.6003,55.5754],[37.7573,55.6034],[37.9309,55.7298],[37.8427,55.7467],[37.8374,55.8225],[37.7031,55.8934],[37.5786,55.9114],[37.4172,55.8783],[37.3691,55.7827],[37.4175,55.6808],[37.0957,55.6001],[37.1392,55.4733],[36.8162,55.5084],[36.8031,55.4408],[36.8558,55.3805],[36.9864,55.3156],[36.9372,55.2414],[37.0456,55.1422]]]},"properties":{"osm_id":102269,"name":"Москва","iso":"RU-MOW","kind":"region","label":[37.3853,55.5817]}},
{"type":"Feature","geometry":{"type":"Polygon","coordinates":[[[38.2443,56.7935],[38.1038,56.7597],[37.9927,56.7673],[37.9794,56.8669],[37.7985,56.9088],[37.7582,56.95],[37.5482,56.9184],[37.5415,56.8527],[37.4429,56.7965],[37.0668,56.7556],[37.1743,56.6964],[37.115,56.6404],[37.148,56.5877],[37.0588,56.5313],[36.9709,56.5645],[36.8131,56.5791],[36.7408,56.5464],[36.1266,56.3995],[36.0735,56.3632],[35.7694,56.3898],[35.5997,56.4778],[35.419,56.396],[35.4768,56.3656],[35.4428,56.2392],[35.3284,56.2325],[35.3557,56.1753],[35.2846,56.125],[35.3047,56.0583],[35.1485,55.9575],[35.1993,55.8891],[35.3282,55.7949],[35.3041,55.7344],[35.3869,55.5946],[35.3388,55.5384],[35.2741,55.3311],[35.3342,55.2718],[35.4463,55.229],[35.7412,55.2956],[35.8428,55.2323],[35.9589,55.2418],[36.1393,55.1741],[36.328,55.2159],[36.409,55.301],[36.5352,55.3071],[36.6965,55.262],[36.7632,55.2698],[36.8218,55.1939],[36.9372,55.2414],[36.9864,55.3156],[36.8558,55.3805],[36.8031,55.4408],[36.8162,55.5084],[37.1392,55.4733],[37.0957,55.6001],[37.4175,55.6808],[37.3691,55.7827],[37.4172,55.8783],[37.5786,55.9114],[37.7031,55.8934],[37.8374,55.8225],[37.8427,55.7467],[37.9309,55.7298],[37.7573,55.6034],[37.6003,55.5754],[37.5353,55.4363],[37.4052,55.3362],[37.4053,55.2506],[37.1634,55.2316],[37.1699,55.1643],[37.0456,55.1422],[37.1171,55.0934],[37.0959,55.0324],[37.193,54.9233],[37.1655,54.8666],[37.2687,54.8418],[37.4564,54.8389],[37.6782,54.719],[37.7584,54.743],[37.7789,54.8323],[37.9385,54.8497],[38.1185,54.7168],[38.2565,54.6637],[38.4429,54.6491],[38.5166,54.5915],[38.3889,54.5328],[38.3977,54.4752],[38.5271,54.3953],[38.5105,54.2968],[38.666,54.2567],[38.713,54.3485],[38.9406,54.408],[38.9307,54.4393],[38.7819,54.4786],[38.8268,54.6064],[38.9384,54.6345],[39.2343,54.6416],[39.2321,54.7186],[39.3352,54.7629],[39.4752,54.9459],[39.6254,55.0251],[39.8056,55.0083],[39.8626,55.1111],[39.7493,55.1477],[39.8379,55.2046],[39.9554,55.2074],[40.1546,55.2644],[40.1909,55.365],[40.1413,55.4507],[40.1575,55.5271],[40.0489,55.5265],[40.0932,55.6073],[40.0536,55.6553],[39.8865,55.761],[39.8891,55.8332],[39.7321,55.8424],[39.6608,55.7954],[39.4701,55.7736],[39.3211,55.8028],[39.2804,55.851],[39.1677,55.84],[39.0751,55.8687],[39.0007,55.9424],[38.8257,55.9287],[38.6036,56.0156],[38.3982,56.2715],[38.4463,56.3865],[38.4008,56.4539],[38.2984,56.495],[38.3588,56.5733],[38.3181,56.6586],[38.3044,56.76],[38.2443,56.7935]]]},"properties":{"osm_id":51490,"name":"Московская область","iso":"RU-MOS","kind":"region","label":[37.7062,55.5823]}},
{"type":"Feature","geometry":{"type":"Polygon","coordinates":[[[35.9912,53.6263],[36.074,53.6819],[35.9574,53.7196],[35.9836,53.9081],[36.2171,54.0891],[36.0922,54.1819],[36.2345,54.1721],[36.2419,54.2155],[36.3778,54.2095],[36.5451,54.2797],[36.6758,54.2898],[36.8125,54.272],[36.9668,54.2917],[36.9311,54.343],[36.9721,54.4294],[36.8763,54.4472],[36.9058,54.5612],[36.9824,54.6054],[37.1224,54.5513],[37.246,54.7103],[37.23,54.8058],[37.2687,54.8418],[37.1655,54.8666],[37.193,54.9233],[37.0959,55.0324],[37.1171,55.0934],[37.0456,55.1422],[36.9372,55.2414],[36.8218,55.1939],[36.7632,55.2698],[36.6965,55.262],[36.5352,55.3071],[36.409,55.301],[36.328,55.2159],[36.1393,55.1741],[35.9589,55.2418],[35.8428,55.2323],[35.7412,55.2956],[35.4463,55.229],[35.3342,55.2718],[35.2733,55.119],[35.0326,54.9414],[34.8668,54.8889],[34.9067,54.7677],[34.8114,54.6992],[34.6277,54.6609],[34.5116,54.6777],[34.5207,54.5986],[34.4159,54.5137],[34.1816,54.5201],[33.9855,54.5799],[33.7607,54.5649],[33.6342,54.4774],[33.6292,54.3709],[33.6888,54.3223],[33.6042,54.2424],[33.6294,54.1872],[33.5729,54.1239],[33.4543,54.083],[33.5071,54.0163],[33.7092,54.0246],[33.8193,53.9848],[33.8062,53.8964],[33.9115,53.8672],[34.0457,53.8621],[34.2012,53.9122],[34.2276,53.8394],[34.2918,53.826],[34.3692,53.7321],[34.4973,53.6722],[34.5197,53.5008],[34.6443,53.3814],[34.9626,53.3764],[35.1411,53.2791],[35.2474,53.3195],[35.3836,53.3374],[35.3842,53.3976],[35.4638,53.4181],[35.6297,53.5416],[35.795,53.5248],[35.8225,53.5876],[35.9091,53.6407],[35.9912,53.6263]]]},"properties":{"osm_id":81995,"name":"Калужская область","iso":"RU-KLU","kind":"region","label":[35.3584,54.3141]}},
{"type":"Feature","geometry":{"type":"Polygon","coordinates":[[[37.8665,53.0122],[37.925,53.0558],[38.1223,53.0544],[38.2308,52.9945],[38.3707,52.99],[38.4922,53.0365],[38.5624,52.9956],[38.671,53.1296],[38.5776,53.1885],[38.5479,53.3276],[38.7635,53.3577],[38.7229,53.5291],[38.9375,53.5742],[38.9214,53.7663],[38.8505,53.7582],[38.8881,53.9193],[38.7791,53.9701],[38.7948,54.0219],[38.6848,54.0982],[38.773,54.1273],[38.7224,54.2379],[38.666,54.2567],[38.5105,54.2968],[38.5271,54.3953],[38.3977,54.4752],[38.3889,54.5328],[38.5166,54.5915],[38.4429,54.6491],[38.2565,54.6637],[38.1185,54.7168],[37.9385,54.8497],[37.7789,54.8323],[37.7584,54.743],[37.6782,54.719],[37.4564,54.8389],[37.2687,54.8418],[37.23,54.8058],[37.246,54.7103],[37.1224,54.5513],[36.9824,54.6054],[36.9058,54.5612],[36.8763,54.4472],[36.9721,54.4294],[36.9311,54.343],[36.9668,54.2917],[36.8125,54.272],[36.6758,54.2898],[36.5451,54.2797],[36.3778,54.2095],[36.2419,54.2155],[36.2345,54.1721],[36.0922,54.1819],[36.2171,54.0891],[35.9836,53.9081],[35.9574,53.7196],[36.074,53.6819],[35.9912,53.6263],[36.0812,53.5696],[36.2879,53.5176],[36.5391,53.3781],[36.6229,53.3991],[36.7841,53.2958],[36.9149,53.2795],[37.0958,53.2862],[37.2619,53.2596],[37.3669,53.291],[37.4666,53.2878],[37.5759,53.2487],[37.573,53.1768],[37.6401,53.0958],[37.731,53.128],[37.8243,53.0864],[37.8665,53.0122]]]},"properties":{"osm_id":81993,"name":"Тульская область","iso":"RU-TUL","kind":"region","label":[37.4251,53.8991]}}
]}